612	chr1	3601847	3602066	CpG: 27	219	27	167	24.7	76.3	0.86
613	chr1	3741152	3742379	CpG: 131	1227	131	861	21.4	70.2	0.87
619	chr1	4561924	4563896	CpG: 158	1972	158	1240	16	62.9	0.81
619	chr1	4567170	4567831	CpG: 47	661	47	393	14.2	59.5	0.81
620	chr1	4641864	4642298	CpG: 44	434	44	265	20.3	61.1	1.09
621	chr1	4759407	4759620	CpG: 24	213	24	149	22.5	70	0.96
622	chr1	4855599	4856037	CpG: 49	438	49	289	22.4	66	1.04
622	chr1	4877782	4878326	CpG: 74	544	74	379	27.2	69.7	1.12
622	chr1	4927688	4928595	CpG: 76	907	76	520	16.8	57.3	1.02
623	chr1	5088780	5089934	CpG: 77	1154	77	714	13.3	61.9	0.71
624	chr1	5153262	5153581	CpG: 35	319	35	224	21.9	70.2	0.9
630	chr1	5986647	5987693	CpG: 82	1046	82	626	15.7	59.8	0.88
632	chr1	6284654	6285556	CpG: 107	902	107	645	23.7	71.5	0.93
634	chr1	6453040	6453321	CpG: 35	281	35	200	24.9	71.2	0.99
634	chr1	6511424	6511836	CpG: 44	412	44	240	21.4	58.3	1.26
639	chr1	7158715	7159495	CpG: 85	780	85	540	21.8	69.2	0.91
641	chr1	7467970	7468818	CpG: 59	848	59	505	13.9	59.6	0.79
656	chr1	9369440	9370245	CpG: 61	805	61	512	15.2	63.6	0.76
658	chr1	9615494	9616493	CpG: 97	999	97	666	19.4	66.7	0.87
659	chr1	9770010	9771106	CpG: 97	1096	97	675	17.7	61.6	0.94
659	chr1	9817785	9818870	CpG: 87	1085	87	593	16	54.7	1.07
660	chr1	9868046	9868877	CpG: 112	831	112	554	27	66.7	1.21
660	chr1	9918466	9918755	CpG: 34	289	34	209	23.5	72.3	0.93
661	chr1	10014010	10014421	CpG: 46	411	46	277	22.4	67.4	1
661	chr1	10037343	10038555	CpG: 114	1212	114	727	18.8	60	1.05
662	chr1	10108175	10108440	CpG: 31	265	31	167	23.4	63	1.21
662	chr1	10109872	10110504	CpG: 74	632	74	471	23.4	74.5	0.87
663	chr1	10302368	10303653	CpG: 143	1285	143	828	22.3	64.4	1.08
667	chr1	10875523	10876109	CpG: 45	586	45	371	15.4	63.3	0.77
669	chr1	11063710	11064229	CpG: 61	519	61	352	23.5	67.8	1.02
672	chr1	11484284	11484689	CpG: 44	405	44	283	21.7	69.9	0.89
684	chr1	13060942	13061424	CpG: 34	482	34	307	14.1	63.7	0.7
684	chr1	13061709	13063008	CpG: 99	1299	99	737	15.2	56.7	0.95
684	chr1	13066446	13066659	CpG: 16	213	16	129	15	60.6	0.82
685	chr1	13196522	13196893	CpG: 30	371	30	238	16.2	64.2	0.79
687	chr1	13442970	13445018	CpG: 214	2048	214	1413	20.9	69	0.88
689	chr1	13659386	13660401	CpG: 103	1015	103	604	20.3	59.5	1.15
689	chr1	13730455	13730956	CpG: 49	501	49	344	19.6	68.7	0.83
694	chr1	14379971	14380260	CpG: 35	289	35	209	24.2	72.3	0.93
696	chr1	14576765	14577372	CpG: 46	607	46	363	15.2	59.8	0.86
698	chr1	14825375	14826027	CpG: 68	652	68	455	20.9	69.8	0.86
702	chr1	15356642	15357402	CpG: 87	760	87	561	22.9	73.8	0.84
706	chr1	15875815	15876332	CpG: 60	517	60	355	23.2	68.7	0.99
706	chr1	15962644	15963276	CpG: 52	632	52	447	16.5	70.7	0.67
708	chr1	16163180	16163595	CpG: 41	415	41	277	19.8	66.7	0.89
708	chr1	16174989	16176515	CpG: 179	1526	179	1074	23.5	70.4	0.95
711	chr1	16588823	16590317	CpG: 146	1494	146	847	19.5	56.7	1.28
712	chr1	16688782	16689625	CpG: 107	843	107	605	25.4	71.8	0.99
712	chr1	16726988	16727267	CpG: 25	279	25	176	17.9	63.1	0.94
712	chr1	16735370	16735850	CpG: 56	480	56	337	23.3	70.2	0.97
715	chr1	17161741	17162079	CpG: 26	338	26	190	15.4	56.2	0.97
715	chr1	17166988	17167964	CpG: 90	976	90	661	18.4	67.7	0.81
715	chr1	17168112	17168363	CpG: 21	251	21	146	16.7	58.2	0.99
716	chr1	17215691	17216019	CpG: 23	328	23	205	14	62.5	0.72
723	chr1	18128259	18129120	CpG: 91	861	91	570	21.1	66.2	0.97
732	chr1	19279979	19280291	CpG: 30	312	30	195	19.2	62.5	0.98
732	chr1	19284153	19284628	CpG: 36	475	36	314	15.2	66.1	0.75
732	chr1	19306836	19307074	CpG: 19	238	19	153	16	64.3	0.78
744	chr1	20890112	20890521	CpG: 45	409	45	289	22	70.7	0.95
744	chr1	20960658	20961035	CpG: 33	377	33	267	17.5	70.8	0.72
745	chr1	21005509	21005726	CpG: 15	217	15	133	13.8	61.3	0.78
745	chr1	21021764	21022114	CpG: 28	350	28	234	16	66.9	0.74
746	chr1	21149093	21149918	CpG: 72	825	72	518	17.5	62.8	0.9
753	chr1	22031227	22032348	CpG: 123	1121	123	782	21.9	69.8	0.9
757	chr1	22572258	22573266	CpG: 120	1008	120	708	23.8	70.2	0.97
759	chr1	22844763	22845445	CpG: 51	682	51	374	15	54.8	1.01
761	chr1	23140968	23141343	CpG: 27	375	27	229	14.4	61.1	0.77
762	chr1	23295099	23296135	CpG: 99	1036	99	566	19.1	54.6	1.3
763	chr1	23421762	23422481	CpG: 70	719	70	419	19.5	58.3	1.15
766	chr1	23800903	23802285	CpG: 131	1382	131	930	19	67.3	0.85
767	chr1	23960800	23961635	CpG: 76	835	76	464	18.2	55.6	1.18
768	chr1	24044452	24044795	CpG: 38	343	38	222	22.2	64.7	1.06
769	chr1	24138722	24139637	CpG: 119	915	119	669	26	73.1	0.97
772	chr1	24625602	24626258	CpG: 71	656	71	432	21.6	65.9	1.01
773	chr1	24717597	24718164	CpG: 54	567	54	358	19	63.1	0.97
782	chr1	25868926	25869761	CpG: 84	835	84	512	20.1	61.3	1.08
820	chr1	30912189	30913107	CpG: 134	918	134	654	29.2	71.2	1.15
821	chr1	30987907	30989297	CpG: 139	1390	139	816	20	58.7	1.17
830	chr1	32211621	32212127	CpG: 50	506	50	346	19.8	68.4	0.85
842	chr1	33708634	33709650	CpG: 73	1016	73	548	14.4	53.9	0.99
842	chr1	33758906	33759531	CpG: 91	625	91	455	29.1	72.8	1.12
842	chr1	33796532	33797030	CpG: 62	498	62	375	24.9	75.3	0.88
843	chr1	33853211	33853771	CpG: 56	560	56	350	20	62.5	1.03
843	chr1	33946069	33946323	CpG: 20	254	20	147	15.7	57.9	0.94
843	chr1	33946538	33947549	CpG: 121	1011	121	678	23.9	67.1	1.08
844	chr1	34045127	34045329	CpG: 18	202	18	116	17.8	57.4	1.1
844	chr1	34050611	34050942	CpG: 44	331	44	261	26.6	78.9	0.87
846	chr1	34217023	34217274	CpG: 25	251	25	161	19.9	64.1	1.04
848	chr1	34478322	34479219	CpG: 64	897	64	525	14.3	58.5	0.83
848	chr1	34498488	34499045	CpG: 43	557	43	352	15.4	63.2	0.77
848	chr1	34511835	34512047	CpG: 23	212	23	153	21.7	72.2	0.83
849	chr1	34618685	34618921	CpG: 32	236	32	181	27.1	76.7	0.93
849	chr1	34717151	34717500	CpG: 37	349	37	239	21.2	68.5	0.93
850	chr1	34789339	34790166	CpG: 107	827	107	628	25.9	75.9	0.9
850	chr1	34840782	34841140	CpG: 40	358	40	258	22.3	72.1	0.86
851	chr1	34881615	34882246	CpG: 79	631	79	398	25	63.1	1.29
851	chr1	34888976	34889259	CpG: 33	283	33	203	23.3	71.7	0.92
851	chr1	34969115	34969720	CpG: 47	605	47	374	15.5	61.8	0.82
860	chr1	36107175	36108297	CpG: 146	1122	146	795	26	70.9	1.04
860	chr1	36142618	36143267	CpG: 46	649	46	397	14.2	61.2	0.76
861	chr1	36282972	36283493	CpG: 53	521	53	349	20.3	67	0.92
862	chr1	36308312	36308778	CpG: 48	466	48	313	20.6	67.2	0.92
862	chr1	36346697	36347294	CpG: 61	597	61	400	20.4	67	0.91
862	chr1	36407765	36408411	CpG: 75	646	75	397	23.2	61.5	1.25
863	chr1	36483956	36484389	CpG: 44	433	44	304	20.3	70.2	0.85
863	chr1	36510347	36511236	CpG: 104	889	104	634	23.4	71.3	0.94
863	chr1	36550844	36552087	CpG: 166	1243	166	942	26.7	75.8	0.94
864	chr1	36585991	36586371	CpG: 38	380	38	255	20	67.1	0.91
864	chr1	36595888	36597501	CpG: 132	1613	132	1052	16.4	65.2	0.77
865	chr1	36722165	36722519	CpG: 32	354	32	222	18.1	62.7	0.92
865	chr1	36730403	36730950	CpG: 58	547	58	364	21.2	66.5	0.96
865	chr1	36748702	36749229	CpG: 50	527	50	363	19	68.9	0.8
865	chr1	36809889	36810274	CpG: 44	385	44	260	22.9	67.5	1.01
865	chr1	36818165	36818401	CpG: 18	236	18	136	15.3	57.6	0.92
867	chr1	36977922	36979203	CpG: 143	1281	143	836	22.3	65.3	1.05
867	chr1	37068328	37068567	CpG: 17	239	17	158	14.2	66.1	0.65
869	chr1	37338940	37339588	CpG: 69	648	69	436	21.3	67.3	0.97
870	chr1	37468999	37469556	CpG: 63	557	63	382	22.6	68.6	0.97
871	chr1	37579396	37580365	CpG: 105	969	105	660	21.7	68.1	0.96
873	chr1	37758394	37759209	CpG: 94	815	94	560	23.1	68.7	0.98
874	chr1	37903693	37904405	CpG: 82	712	82	472	23	66.3	1.08
874	chr1	37914412	37914905	CpG: 32	493	32	261	13	52.9	0.93
874	chr1	37929443	37929863	CpG: 38	420	38	237	18.1	56.4	1.14
875	chr1	38036027	38036540	CpG: 41	513	41	311	16	60.6	0.87
875	chr1	38036904	38037756	CpG: 91	852	91	545	21.4	64	1.06
876	chr1	38168129	38169289	CpG: 188	1160	188	887	32.4	76.5	1.11
876	chr1	38249146	38249426	CpG: 26	280	26	202	18.6	72.1	0.72
109	chr1	38665874	38667165	CpG: 153	1291	153	908	23.7	70.3	0.98
881	chr1	38874882	38875857	CpG: 125	975	125	670	25.6	68.7	1.09
882	chr1	38937039	38937283	CpG: 34	244	34	185	27.9	75.8	0.97
884	chr1	39232499	39233516	CpG: 107	1017	107	645	21	63.4	1.05
885	chr1	39406515	39407698	CpG: 100	1183	100	705	16.9	59.6	0.95
886	chr1	39517204	39518078	CpG: 90	874	90	593	20.6	67.8	0.91
886	chr1	39574668	39575446	CpG: 105	778	105	574	27	73.8	0.99
887	chr1	39615606	39616608	CpG: 98	1002	98	621	19.6	62	1.02
887	chr1	39689609	39690369	CpG: 71	760	71	518	18.7	68.2	0.8
888	chr1	39759978	39760182	CpG: 23	204	23	148	22.5	72.5	0.86
889	chr1	39939632	39940619	CpG: 130	987	130	661	26.3	67	1.18
892	chr1	40305716	40306036	CpG: 30	320	30	227	18.8	70.9	0.75
892	chr1	40364969	40365179	CpG: 17	210	17	138	16.2	65.7	0.76
895	chr1	40720166	40721244	CpG: 104	1078	104	697	19.3	64.7	0.92
896	chr1	40829678	40829971	CpG: 28	293	28	198	19.1	67.6	0.84
909	chr1	42530844	42531098	CpG: 26	254	26	166	20.5	65.4	0.97
910	chr1	42723751	42724171	CpG: 32	420	32	284	15.2	67.6	0.7
910	chr1	42725765	42726088	CpG: 31	323	31	209	19.2	64.7	0.93
911	chr1	42733234	42733644	CpG: 28	410	28	218	13.7	53.2	0.97
911	chr1	42733893	42734421	CpG: 44	528	44	288	16.7	54.5	1.12
911	chr1	42735734	42736071	CpG: 31	337	31	220	18.4	65.3	0.87
911	chr1	42736354	42737817	CpG: 122	1463	122	793	16.7	54.2	1.14
912	chr1	42890299	42890842	CpG: 36	543	36	353	13.3	65	0.63
913	chr1	42991952	42992703	CpG: 76	751	76	560	20.2	74.6	0.73
914	chr1	43131407	43131976	CpG: 89	569	89	442	31.3	77.7	1.04
914	chr1	43137640	43138114	CpG: 46	474	46	328	19.4	69.2	0.81
914	chr1	43202888	43203240	CpG: 42	352	42	256	23.9	72.7	0.91
916	chr1	43484630	43485728	CpG: 128	1098	128	810	23.3	73.8	0.86
917	chr1	43593024	43593345	CpG: 22	321	22	192	13.7	59.8	0.77
919	chr1	43866474	43867295	CpG: 95	821	95	573	23.1	69.8	0.96
920	chr1	43972812	43973436	CpG: 65	624	65	410	20.8	65.7	0.98
921	chr1	44141095	44141829	CpG: 89	734	89	452	24.3	61.6	1.3
922	chr1	44186770	44187373	CpG: 58	603	58	386	19.2	64	0.95
925	chr1	44590738	44591651	CpG: 63	913	63	596	13.8	65.3	0.65
934	chr1	45834535	45834917	CpG: 47	382	47	271	24.6	70.9	1
939	chr1	46464620	46464866	CpG: 17	246	17	136	13.8	55.3	0.91
942	chr1	46891856	46893213	CpG: 163	1357	163	935	24	68.9	1.02
973	chr1	50966206	50967129	CpG: 64	923	64	577	13.9	62.5	0.73
978	chr1	51517318	51517780	CpG: 48	462	48	312	20.8	67.5	0.97
981	chr1	51954342	51955353	CpG: 110	1011	110	720	21.8	71.2	0.86
982	chr1	52152867	52153154	CpG: 31	287	31	199	21.6	69.3	0.9
982	chr1	52158452	52158896	CpG: 39	444	39	297	17.6	66.9	0.79
983	chr1	52271366	52272662	CpG: 123	1296	123	791	19	61	1.03
985	chr1	52539190	52539986	CpG: 97	796	97	478	24.4	60.1	1.35
986	chr1	52669700	52670101	CpG: 44	401	44	291	21.9	72.6	0.83
987	chr1	52765876	52766688	CpG: 94	812	94	582	23.2	71.7	0.9
988	chr1	52856365	52857021	CpG: 56	656	56	424	17.1	64.6	0.82
989	chr1	52991785	52992116	CpG: 28	331	28	207	16.9	62.5	0.87
991	chr1	53335947	53336538	CpG: 63	591	63	408	21.3	69	0.89
992	chr1	53391623	53391936	CpG: 38	313	38	228	24.3	72.8	0.92
995	chr1	53745682	53746038	CpG: 29	356	29	216	16.3	60.7	0.89
995	chr1	53823928	53824423	CpG: 66	495	66	351	26.7	70.9	1.08
998	chr1	54233501	54234401	CpG: 119	900	119	622	26.4	69.1	1.11
999	chr1	54289728	54289959	CpG: 19	231	19	150	16.5	64.9	0.78
1000	chr1	54477916	54478218	CpG: 28	302	28	190	18.5	62.9	0.94
1001	chr1	54596486	54596964	CpG: 42	478	42	310	17.6	64.9	0.84
1004	chr1	54964884	54965776	CpG: 105	892	105	621	23.5	69.6	0.99
1004	chr1	54996389	54996656	CpG: 17	267	17	151	12.7	56.6	0.8
1005	chr1	55066032	55066764	CpG: 87	732	87	490	23.8	66.9	1.06
1005	chr1	55091666	55092456	CpG: 90	790	90	542	22.8	68.6	0.98
1005	chr1	55126569	55127799	CpG: 130	1230	130	806	21.1	65.5	0.99
1005	chr1	55170216	55170932	CpG: 57	716	57	399	15.9	55.7	1.03
1006	chr1	55276144	55276975	CpG: 93	831	93	552	22.4	66.4	1.02
1007	chr1	55401640	55402816	CpG: 137	1176	137	806	23.3	68.5	0.99
1008	chr1	55444741	55445807	CpG: 88	1066	88	624	16.5	58.5	0.97
1019	chr1	57008778	57009032	CpG: 28	254	28	178	22	70.1	0.91
1019	chr1	57010017	57010278	CpG: 24	261	24	167	18.4	64	0.91
1019	chr1	57010668	57012660	CpG: 176	1992	176	1237	17.7	62.1	0.92
127	chr1	57016263	57016551	CpG: 25	288	25	183	17.4	63.5	0.86
1023	chr1	57416633	57417178	CpG: 66	545	66	375	24.2	68.8	1.04
1023	chr1	57445296	57446226	CpG: 74	930	74	595	15.9	64	0.78
1026	chr1	57813857	57814791	CpG: 122	934	122	692	26.1	74.1	0.96
1027	chr1	58008892	58009404	CpG: 56	512	56	353	21.9	68.9	0.93
1027	chr1	58035022	58035412	CpG: 46	390	46	266	23.6	68.2	1.02
1030	chr1	58431907	58433056	CpG: 133	1149	133	807	23.2	70.2	0.96
1031	chr1	58462502	58463289	CpG: 80	787	80	488	20.3	62	1.06
1031	chr1	58484240	58484704	CpG: 31	464	31	285	13.4	61.4	0.72
1031	chr1	58543702	58544321	CpG: 65	619	65	430	21	69.5	0.87
1032	chr1	58625078	58625324	CpG: 20	246	20	161	16.3	65.4	0.89
1033	chr1	58750601	58750923	CpG: 40	322	40	223	24.8	69.3	1.04
1033	chr1	58752543	58752816	CpG: 21	273	21	165	15.4	60.4	0.84
1033	chr1	58834741	58835011	CpG: 28	270	28	183	20.7	67.8	0.91
1035	chr1	59012369	59013276	CpG: 83	907	83	627	18.3	69.1	0.77
1036	chr1	59158989	59159639	CpG: 66	650	66	453	20.3	69.7	0.84
1037	chr1	59276078	59276652	CpG: 61	574	61	391	21.3	68.1	0.92
1039	chr1	59521110	59523096	CpG: 184	1986	184	1287	18.5	64.8	0.88
1040	chr1	59709494	59710059	CpG: 62	565	62	403	21.9	71.3	0.87
1040	chr1	59724015	59724374	CpG: 35	359	35	208	19.5	57.9	1.17
1041	chr1	59801944	59803372	CpG: 132	1428	132	841	18.5	58.9	1.07
1042	chr1	59951707	59953049	CpG: 131	1342	131	823	19.5	61.3	1.05
1043	chr1	60081805	60082658	CpG: 104	853	104	568	24.4	66.6	1.11
1043	chr1	60137315	60137936	CpG: 67	621	67	442	21.6	71.2	0.85
1044	chr1	60219373	60220144	CpG: 83	771	83	516	21.5	66.9	1
1045	chr1	60382414	60382816	CpG: 51	402	51	291	25.4	72.4	0.97
1046	chr1	60448437	60449242	CpG: 84	805	84	469	20.9	58.3	1.28
1047	chr1	60605341	60606419	CpG: 121	1078	121	735	22.4	68.2	0.99
1055	chr1	61677895	61678565	CpG: 78	670	78	487	23.3	72.7	0.88
1063	chr1	62741997	62742907	CpG: 86	910	86	589	18.9	64.7	0.9
1063	chr1	62745009	62746191	CpG: 88	1182	88	720	14.9	60.9	0.8
1066	chr1	63152737	63153423	CpG: 94	686	94	548	27.4	79.9	0.87
1067	chr1	63215706	63216586	CpG: 78	880	78	543	17.7	61.7	0.93
1067	chr1	63287448	63287774	CpG: 44	326	44	230	27	70.6	1.12
1068	chr1	63312492	63313072	CpG: 78	580	78	386	26.9	66.6	1.23
1068	chr1	63348316	63348870	CpG: 83	554	83	477	30	86.1	0.91
1068	chr1	63404443	63404648	CpG: 17	205	17	133	16.6	64.9	0.79
1069	chr1	63485073	63485688	CpG: 73	615	73	437	23.7	71.1	0.94
1074	chr1	64160765	64161553	CpG: 80	788	80	530	20.3	67.3	0.9
1077	chr1	64571526	64572573	CpG: 114	1047	114	652	21.8	62.3	1.12
1078	chr1	64656104	64656951	CpG: 83	847	83	564	19.6	66.6	0.88
1078	chr1	64729693	64730744	CpG: 102	1051	102	627	19.4	59.7	1.1
1079	chr1	64774006	64777138	CpG: 245	3132	245	2008	15.6	64.1	0.76
1080	chr1	64995657	64996029	CpG: 41	372	41	264	22	71	0.89
1081	chr1	65033564	65033786	CpG: 21	222	21	139	18.9	62.6	0.97
1082	chr1	65218063	65218532	CpG: 38	469	38	307	16.2	65.5	0.76
1082	chr1	65225538	65226212	CpG: 61	674	61	403	18.1	59.8	1.04
1090	chr1	66214275	66214804	CpG: 58	529	58	382	21.9	72.2	0.84
1092	chr1	66507181	66507782	CpG: 57	601	57	369	19	61.4	1.02
1094	chr1	66716560	66716798	CpG: 17	238	17	141	14.3	59.2	0.83
1094	chr1	66739911	66740510	CpG: 60	599	60	407	20	67.9	0.87
1095	chr1	66855595	66857026	CpG: 146	1431	146	934	20.4	65.3	0.98
1095	chr1	66901998	66902645	CpG: 78	647	78	484	24.1	74.8	0.87
1096	chr1	67077679	67078096	CpG: 42	417	42	276	20.1	66.2	0.92
1112	chr1	69146193	69147214	CpG: 91	1021	91	682	17.8	66.8	0.8
1114	chr1	69416154	69416377	CpG: 16	223	16	146	14.3	65.5	0.67
1114	chr1	69416962	69417204	CpG: 20	242	20	158	16.5	65.3	0.78
1116	chr1	69726666	69726989	CpG: 44	323	44	217	27.2	67.2	1.22
1118	chr1	69866022	69866361	CpG: 35	339	35	238	20.6	70.2	0.87
1127	chr1	71141563	71142379	CpG: 72	816	72	532	17.6	65.2	0.84
1131	chr1	71596107	71596526	CpG: 40	419	40	299	19.1	71.4	0.76
1131	chr1	71691926	71692517	CpG: 40	591	40	366	13.5	61.9	0.71
1136	chr1	72250908	72251581	CpG: 71	673	71	421	21.1	62.6	1.09
1136	chr1	72265093	72265377	CpG: 31	284	31	187	21.8	65.8	1.12
1136	chr1	72275562	72276083	CpG: 48	521	48	329	18.4	63.1	0.93
1136	chr1	72282981	72283356	CpG: 39	375	39	241	20.8	64.3	1.09
1136	chr1	72293904	72294145	CpG: 25	241	25	156	20.7	64.7	1.08
1138	chr1	72576120	72576376	CpG: 22	256	22	177	17.2	69.1	0.72
1139	chr1	72679952	72680539	CpG: 46	587	46	321	15.7	54.7	1.05
1140	chr1	72750020	72750877	CpG: 72	857	72	486	16.8	56.7	1.05
1140	chr1	72863666	72864096	CpG: 50	430	50	284	23.3	66	1.07
1140	chr1	72864521	72864812	CpG: 20	291	20	176	13.7	60.5	0.78
1141	chr1	72912857	72913125	CpG: 27	268	27	181	20.1	67.5	0.91
1149	chr1	73946430	73946662	CpG: 27	232	27	144	23.3	62.1	1.29
1150	chr1	74076111	74076407	CpG: 29	296	29	215	19.6	72.6	0.74
1150	chr1	74107651	74108134	CpG: 34	483	34	298	14.1	61.7	0.74
1150	chr1	74137372	74137945	CpG: 48	573	48	391	16.8	68.2	0.72
1150	chr1	74163403	74164082	CpG: 71	679	71	464	20.9	68.3	0.92
1151	chr1	74275437	74276352	CpG: 76	915	76	506	16.6	55.3	1.11
1152	chr1	74323622	74324294	CpG: 61	672	61	434	18.2	64.6	0.87
1152	chr1	74343025	74343514	CpG: 48	489	48	318	19.6	65	0.94
1152	chr1	74371608	74371983	CpG: 38	375	38	264	20.3	70.4	0.82
1152	chr1	74430522	74431589	CpG: 91	1067	91	646	17.1	60.5	0.93
1152	chr1	74436466	74436697	CpG: 23	231	23	167	19.9	72.3	0.77
1153	chr1	74544620	74545978	CpG: 109	1358	109	820	16.1	60.4	0.88
1154	chr1	74626792	74627631	CpG: 62	839	62	535	14.8	63.8	0.73
1154	chr1	74640253	74640618	CpG: 27	365	27	219	14.8	60	0.84
1154	chr1	74700831	74701323	CpG: 48	492	48	300	19.5	61	1.05
1155	chr1	74752777	74752990	CpG: 20	213	20	150	18.8	70.4	0.76
1155	chr1	74787891	74788204	CpG: 22	313	22	184	14.1	58.8	0.81
1155	chr1	74821828	74822183	CpG: 24	355	24	216	13.5	60.8	0.78
1155	chr1	74823206	74823775	CpG: 66	569	66	394	23.2	69.2	0.98
1155	chr1	74830892	74831401	CpG: 44	509	44	376	17.3	73.9	0.65
1155	chr1	74839696	74839903	CpG: 22	207	22	134	21.3	64.7	1.02
1156	chr1	74842363	74842768	CpG: 43	405	43	279	21.2	68.9	0.9
1156	chr1	74856103	74856346	CpG: 25	243	25	167	20.6	68.7	0.89
1156	chr1	74894018	74895628	CpG: 168	1610	168	1100	20.9	68.3	0.9
1156	chr1	74897627	74897843	CpG: 16	216	16	134	14.8	62	0.85
1156	chr1	74921106	74921771	CpG: 57	665	57	365	17.1	54.9	1.14
1156	chr1	74923460	74924772	CpG: 91	1312	91	817	13.9	62.3	0.71
1156	chr1	74931884	74932295	CpG: 33	411	33	262	16.1	63.7	0.79
1156	chr1	74939714	74940143	CpG: 48	429	48	303	22.4	70.6	0.9
1157	chr1	74987325	74987595	CpG: 22	270	22	179	16.3	66.3	0.77
1157	chr1	74989790	74991252	CpG: 143	1462	143	975	19.6	66.7	0.88
1157	chr1	75101383	75101793	CpG: 38	410	38	256	18.5	62.4	0.98
1158	chr1	75118076	75119778	CpG: 124	1702	124	948	14.6	55.7	0.94
1158	chr1	75145202	75145569	CpG: 39	367	39	259	21.3	70.6	0.87
1158	chr1	75187448	75187709	CpG: 27	261	27	178	20.7	68.2	0.9
1158	chr1	75195856	75196626	CpG: 66	770	66	488	17.1	63.4	0.85
1158	chr1	75213063	75213604	CpG: 47	541	47	362	17.4	66.9	0.78
1158	chr1	75228397	75228608	CpG: 17	211	17	136	16.1	64.5	0.78
1159	chr1	75240566	75240977	CpG: 29	411	29	242	14.1	58.9	0.84
1159	chr1	75293749	75294713	CpG: 98	964	98	663	20.3	68.8	0.93
1159	chr1	75336999	75337614	CpG: 71	615	71	422	23.1	68.6	0.98
1159	chr1	75346216	75346432	CpG: 17	216	17	119	15.7	55.1	1.05
1159	chr1	75351869	75352430	CpG: 47	561	47	394	16.8	70.2	0.68
1159	chr1	75358568	75359031	CpG: 49	463	49	361	21.2	78	0.7
1159	chr1	75364629	75365748	CpG: 107	1119	107	775	19.1	69.3	0.8
1160	chr1	75398632	75400084	CpG: 120	1452	120	998	16.5	68.7	0.7
1160	chr1	75427020	75427324	CpG: 22	304	22	181	14.5	59.5	0.87
1160	chr1	75435117	75435416	CpG: 30	299	30	214	20.1	71.6	0.8
1160	chr1	75451687	75451896	CpG: 16	209	16	135	15.3	64.6	0.74
1160	chr1	75452562	75452794	CpG: 20	232	20	147	17.2	63.4	0.86
1160	chr1	75455313	75456430	CpG: 116	1117	116	806	20.8	72.2	0.8
1160	chr1	75463354	75463592	CpG: 19	238	19	150	16	63	0.8
1160	chr1	75464280	75464722	CpG: 50	442	50	299	22.6	67.6	0.99
1160	chr1	75480366	75480605	CpG: 21	239	21	147	17.6	61.5	0.94
1160	chr1	75481845	75483028	CpG: 129	1183	129	806	21.8	68.1	0.94
1161	chr1	75498075	75498629	CpG: 43	554	43	326	15.5	58.8	0.9
1161	chr1	75522908	75523400	CpG: 54	492	54	369	22	75	0.79
1176	chr1	77490986	77492090	CpG: 77	1104	77	672	13.9	60.9	0.76
1181	chr1	78166202	78166466	CpG: 34	264	34	200	25.8	75.8	0.92
1181	chr1	78173268	78173924	CpG: 49	656	49	414	14.9	63.1	0.75
1181	chr1	78180473	78180826	CpG: 25	353	25	200	14.2	56.7	0.96
1181	chr1	78192594	78192879	CpG: 23	285	23	164	16.1	57.5	0.98
1181	chr1	78193181	78194434	CpG: 136	1253	136	837	21.7	66.8	0.98
1182	chr1	78286700	78287375	CpG: 68	675	68	467	20.1	69.2	0.85
1183	chr1	78465120	78465553	CpG: 43	433	43	284	19.9	65.6	0.92
1183	chr1	78488464	78488707	CpG: 20	243	20	158	16.5	65	0.8
1184	chr1	78635339	78636266	CpG: 107	927	107	639	23.1	68.9	0.98
1192	chr1	79649291	79649654	CpG: 33	363	33	244	18.2	67.2	0.81
1193	chr1	79738968	79739550	CpG: 61	582	61	399	21	68.6	0.89
1193	chr1	79753700	79754103	CpG: 37	403	37	266	18.4	66	0.84
1194	chr1	79835910	79836723	CpG: 101	813	101	599	24.8	73.7	0.92
1197	chr1	80317574	80318036	CpG: 65	462	65	347	28.1	75.1	1
1197	chr1	80318268	80318808	CpG: 42	540	42	311	15.6	57.6	1.11
1200	chr1	80735788	80736502	CpG: 78	714	78	502	21.8	70.3	0.89
1212	chr1	82260904	82261279	CpG: 30	375	30	254	16	67.7	0.7
1212	chr1	82267916	82269543	CpG: 131	1627	131	996	16.1	61.2	0.86
1212	chr1	82294166	82294637	CpG: 56	471	56	319	23.8	67.7	1.06
1215	chr1	82702513	82702902	CpG: 43	389	43	269	22.1	69.2	0.94
1216	chr1	82817049	82818041	CpG: 114	992	114	720	23	72.6	0.88
1227	chr1	84262037	84262461	CpG: 48	424	48	316	22.6	74.5	0.82
1231	chr1	84673219	84674032	CpG: 73	813	73	530	18	65.2	0.86
1232	chr1	84816175	84818021	CpG: 133	1846	133	1085	14.4	58.8	0.9
1232	chr1	84912293	84912775	CpG: 47	482	47	329	19.5	68.3	0.84
154	chr1	85721048	85722212	CpG: 99	1164	99	592	17	50.9	1.32
1239	chr1	85822269	85822627	CpG: 33	358	33	241	18.4	67.3	0.83
1240	chr1	85946011	85946558	CpG: 53	547	53	364	19.4	66.5	0.88
1240	chr1	85973578	85974305	CpG: 105	727	105	556	28.9	76.5	1.01
1241	chr1	85992180	85992890	CpG: 56	710	56	462	15.8	65.1	0.75
1241	chr1	86082330	86082763	CpG: 38	433	38	288	17.6	66.5	0.8
1242	chr1	86230862	86231706	CpG: 73	844	73	569	17.3	67.4	0.76
1243	chr1	86286333	86287729	CpG: 155	1396	155	944	22.2	67.6	0.98
1243	chr1	86362190	86362589	CpG: 39	399	39	276	19.5	69.2	0.82
1243	chr1	86369714	86370876	CpG: 104	1162	104	753	17.9	64.8	0.85
1244	chr1	86414935	86415738	CpG: 84	803	84	479	20.9	59.7	1.18
1244	chr1	86431571	86432215	CpG: 60	644	60	439	18.6	68.2	0.8
1244	chr1	86452549	86456301	CpG: 367	3752	367	2420	19.6	64.5	0.94
1245	chr1	86509866	86510360	CpG: 41	494	41	304	16.6	61.5	0.9
1245	chr1	86514759	86515189	CpG: 33	430	33	275	15.3	64	0.76
1245	chr1	86597334	86598596	CpG: 93	1262	93	782	14.7	62	0.77
1245	chr1	86631340	86631883	CpG: 67	543	67	385	24.7	70.9	1
1248	chr1	87026404	87026662	CpG: 25	258	25	176	19.4	68.2	0.85
1249	chr1	87081634	87082807	CpG: 126	1173	126	802	21.5	68.4	0.92
1249	chr1	87083560	87083908	CpG: 32	348	32	186	18.4	53.4	1.36
1249	chr1	87114296	87114949	CpG: 54	653	54	390	16.5	59.7	0.94
1249	chr1	87141538	87142117	CpG: 81	579	81	436	28	75.3	0.99
1250	chr1	87191928	87192678	CpG: 69	750	69	495	18.4	66	0.85
1250	chr1	87254544	87255285	CpG: 70	741	70	474	18.9	64	0.93
1251	chr1	87403053	87403407	CpG: 33	354	33	230	18.6	65	0.89
1252	chr1	87437262	87438279	CpG: 116	1017	116	740	22.8	72.8	0.87
1253	chr1	87683588	87684384	CpG: 90	796	90	508	22.6	63.8	1.11
1254	chr1	87781007	87781619	CpG: 84	612	84	467	27.5	76.3	0.94
1255	chr1	87935929	87936323	CpG: 45	394	45	283	22.8	71.8	0.94
1257	chr1	88133051	88133521	CpG: 58	470	58	324	24.7	68.9	1.04
1257	chr1	88204935	88205426	CpG: 49	491	49	316	20	64.4	0.97
1261	chr1	88628675	88630236	CpG: 149	1561	149	962	19.1	61.6	1.01
157	chr1	88997698	88998967	CpG: 112	1269	112	832	17.7	65.6	0.82
1266	chr1	89382090	89383597	CpG: 166	1507	166	894	22	59.3	1.26
1267	chr1	89507807	89509522	CpG: 214	1715	214	1178	25	68.7	1.06
1270	chr1	89850573	89850853	CpG: 22	280	22	181	15.7	64.6	0.78
1270	chr1	89856378	89856717	CpG: 26	339	26	206	15.3	60.8	0.84
1270	chr1	89857804	89859120	CpG: 150	1316	150	901	22.8	68.5	0.97
1270	chr1	89869311	89869931	CpG: 48	620	48	383	15.5	61.8	0.83
1270	chr1	89895957	89896513	CpG: 85	556	85	383	30.6	68.9	1.29
1271	chr1	89919885	89920144	CpG: 24	259	24	151	18.5	58.3	1.12
1271	chr1	89920655	89920924	CpG: 24	269	24	179	17.8	66.5	0.83
1275	chr1	90530898	90531432	CpG: 58	534	58	343	21.7	64.2	1.06
1278	chr1	90926239	90926864	CpG: 69	625	69	425	22.1	68	0.98
1279	chr1	90980350	90980924	CpG: 46	574	46	380	16	66.2	0.76
1280	chr1	91178013	91178575	CpG: 82	562	82	434	29.2	77.2	0.98
19	chr1	91225617	91226516	CpG: 68	899	68	574	15.1	63.8	0.75
1281	chr1	91272179	91273539	CpG: 109	1360	109	933	16	68.6	0.68
1281	chr1	91294025	91294474	CpG: 44	449	44	264	19.6	58.8	1.13
1281	chr1	91325819	91326789	CpG: 89	970	89	595	18.4	61.3	0.98
1281	chr1	91340102	91341102	CpG: 94	1000	94	682	18.8	68.2	0.81
1281	chr1	91341935	91342164	CpG: 26	229	26	139	22.7	60.7	1.23
1282	chr1	91386721	91387456	CpG: 84	735	84	465	22.9	63.3	1.16
1282	chr1	91422186	91422913	CpG: 72	727	72	457	19.8	62.9	1.12
1282	chr1	91468039	91468794	CpG: 70	755	70	501	18.5	66.4	0.84
1284	chr1	91728608	91730403	CpG: 146	1795	146	1127	16.3	62.8	0.82
1287	chr1	92107342	92108796	CpG: 131	1454	131	861	18	59.2	1.04
1289	chr1	92401182	92401686	CpG: 61	504	61	340	24.2	67.5	1.07
1291	chr1	92569448	92569767	CpG: 33	319	33	216	20.7	67.7	0.96
1292	chr1	92758968	92760587	CpG: 157	1619	157	1114	19.4	68.8	0.82
1293	chr1	92834694	92835314	CpG: 76	620	76	430	24.5	69.4	1.02
1293	chr1	92838232	92839249	CpG: 82	1017	82	516	16.1	50.7	1.27
1293	chr1	92861983	92862670	CpG: 63	687	63	422	18.3	61.4	0.97
1294	chr1	93028050	93028433	CpG: 33	383	33	252	17.2	65.8	0.8
1294	chr1	93029302	93029831	CpG: 44	529	44	355	16.6	67.1	0.75
1295	chr1	93104319	93104653	CpG: 34	334	34	231	20.4	69.2	0.86
1295	chr1	93163423	93164229	CpG: 96	806	96	573	23.8	71.1	0.95
1296	chr1	93233426	93233683	CpG: 23	257	23	166	17.9	64.6	0.87
1296	chr1	93270282	93271814	CpG: 117	1532	117	944	15.3	61.6	0.8
1297	chr1	93329168	93329374	CpG: 21	206	21	130	20.4	63.1	1.03
1297	chr1	93372653	93373488	CpG: 95	835	95	591	22.8	70.8	0.91
1297	chr1	93405948	93407179	CpG: 102	1231	102	789	16.6	64.1	0.81
1297	chr1	93439498	93440135	CpG: 71	637	71	450	22.3	70.6	0.9
1298	chr1	93562823	93563700	CpG: 87	877	87	570	19.8	65	0.94
1299	chr1	93613176	93614356	CpG: 118	1180	118	780	20	66.1	0.92
1299	chr1	93681588	93683070	CpG: 169	1482	169	972	22.8	65.6	1.07
1300	chr1	93729412	93729900	CpG: 48	488	48	298	19.7	61.1	1.06
1300	chr1	93731199	93732113	CpG: 85	914	85	593	18.6	64.9	0.88
1300	chr1	93802247	93802563	CpG: 21	316	21	193	13.3	61.1	0.72
1301	chr1	93868397	93868713	CpG: 21	316	21	193	13.3	61.1	0.71
1311	chr1	95241243	95241971	CpG: 74	728	74	477	20.3	65.5	0.95
1314	chr1	95595090	95595493	CpG: 35	403	35	257	17.4	63.8	0.86
1323	chr1	96799869	96800154	CpG: 23	285	23	186	16.1	65.3	0.77
1329	chr1	97588408	97590003	CpG: 171	1595	171	1050	21.4	65.8	0.99
1330	chr1	97697257	97698415	CpG: 95	1158	95	684	16.4	59.1	0.94
1331	chr1	97904659	97904980	CpG: 35	321	35	208	21.8	64.8	1.05
1332	chr1	98022772	98023616	CpG: 81	844	81	535	19.2	63.4	0.96
1383	chr1	104696206	104696645	CpG: 32	439	32	271	14.6	61.7	0.78
1385	chr1	104921633	104922181	CpG: 51	548	51	351	18.6	64.1	0.91
1388	chr1	105283687	105284488	CpG: 66	801	66	536	16.5	66.9	0.76
1390	chr1	105591591	105592372	CpG: 72	781	72	523	18.4	67	0.83
1391	chr1	105708253	105708708	CpG: 45	455	45	276	19.8	60.7	1.09
1393	chr1	105917609	105919484	CpG: 197	1875	197	1208	21	64.4	1.01
1393	chr1	105921503	105921768	CpG: 33	265	33	196	24.9	74	0.91
1394	chr1	106099159	106101060	CpG: 214	1901	214	1234	22.5	64.9	1.07
1398	chr1	106640223	106640677	CpG: 32	454	32	289	14.1	63.7	0.7
1398	chr1	106641386	106642374	CpG: 90	988	90	594	18.2	60.1	1.01
1398	chr1	106687077	106687632	CpG: 51	555	51	378	18.4	68.1	0.8
1399	chr1	106723972	106724511	CpG: 55	539	55	371	20.4	68.8	0.88
1423	chr1	109910284	109910958	CpG: 49	674	49	429	14.5	63.6	0.72
1437	chr1	111792216	111792815	CpG: 61	599	61	430	20.4	71.8	0.8
1442	chr1	112344264	112344681	CpG: 31	417	31	264	14.9	63.3	0.75
1487	chr1	118238727	118239263	CpG: 57	536	57	363	21.3	67.7	0.93
1487	chr1	118249486	118249787	CpG: 29	301	29	189	19.3	62.8	0.98
1487	chr1	118316489	118316735	CpG: 24	246	24	142	19.5	57.7	1.17
1487	chr1	118316949	118317448	CpG: 34	499	34	294	13.6	58.9	0.81
1488	chr1	118387007	118387524	CpG: 37	517	37	303	14.3	58.6	0.83
1489	chr1	118555551	118556012	CpG: 41	461	41	306	17.8	66.4	0.81
1491	chr1	118765124	118765763	CpG: 46	639	46	416	14.4	65.1	0.7
1492	chr1	118981128	118981513	CpG: 34	385	34	216	17.7	56.1	1.13
1493	chr1	119117306	119117558	CpG: 20	252	20	152	15.9	60.3	0.87
1495	chr1	119348024	119350607	CpG: 259	2583	259	1769	20.1	68.5	0.85
1496	chr1	119432152	119432727	CpG: 52	575	52	383	18.1	66.6	0.83
1496	chr1	119453555	119454208	CpG: 67	653	67	405	20.5	62	1.08
1497	chr1	119576083	119576785	CpG: 83	702	83	492	23.6	70.1	0.97
1498	chr1	119764489	119765484	CpG: 97	995	97	593	19.5	59.6	1.1
1499	chr1	119840883	119841141	CpG: 23	258	23	165	17.8	64	0.9
1500	chr1	120001409	120001661	CpG: 28	252	28	182	22.2	72.2	0.86
1500	chr1	120048647	120049010	CpG: 35	363	35	223	19.3	61.4	1.03
1502	chr1	120268190	120269610	CpG: 118	1420	118	917	16.6	64.6	0.8
1502	chr1	120270096	120270368	CpG: 30	272	30	176	22.1	64.7	1.05
1504	chr1	120527705	120528173	CpG: 37	468	37	243	15.8	51.9	1.17
1504	chr1	120530572	120531719	CpG: 98	1147	98	694	17.1	60.5	0.94
1504	chr1	120534635	120535014	CpG: 32	379	32	240	16.9	63.3	0.85
1508	chr1	121105637	121105924	CpG: 27	287	27	186	18.8	64.8	0.9
1510	chr1	121255382	121255872	CpG: 37	490	37	304	15.1	62	0.79
1510	chr1	121358719	121358934	CpG: 17	215	17	138	15.8	64.2	0.77
1511	chr1	121455144	121455684	CpG: 49	540	49	340	18.1	63	0.92
1511	chr1	121495321	121495810	CpG: 46	489	46	315	18.8	64.4	0.91
1530	chr1	123973188	123973870	CpG: 52	682	52	368	15.2	54	1.07
1541	chr1	125362911	125363713	CpG: 68	802	68	461	17	57.5	1.04
1542	chr1	125488126	125489083	CpG: 77	957	77	656	16.1	68.5	0.71
1545	chr1	125839185	125839986	CpG: 69	801	69	529	17.2	66	0.79
1549	chr1	126420434	126420677	CpG: 22	243	22	166	18.1	68.3	0.79
1554	chr1	127132655	127133388	CpG: 61	733	61	474	16.6	64.7	0.81
1558	chr1	127604965	127605874	CpG: 94	909	94	634	20.7	69.7	0.86
1559	chr1	127701655	127702597	CpG: 83	942	83	553	17.6	58.7	1.04
1560	chr1	127796424	127796818	CpG: 34	394	34	262	17.3	66.5	0.79
1561	chr1	127966270	127966517	CpG: 24	247	24	145	19.4	58.7	1.13
1561	chr1	128031016	128031717	CpG: 71	701	71	489	20.3	69.8	0.83
1562	chr1	128171836	128172709	CpG: 84	873	84	567	19.2	64.9	0.92
1563	chr1	128287074	128287593	CpG: 59	519	59	349	22.7	67.2	1.02
1564	chr1	128344561	128345179	CpG: 62	618	62	419	20.1	67.8	0.89
1565	chr1	128518646	128519501	CpG: 67	855	67	513	15.7	60	0.88
1570	chr1	129201054	129201507	CpG: 37	453	37	281	16.3	62	0.85
1579	chr1	130390195	130390501	CpG: 24	306	24	186	15.7	60.8	0.85
1581	chr1	130643347	130643607	CpG: 24	260	24	173	18.5	66.5	0.86
1581	chr1	130644413	130645570	CpG: 93	1157	93	732	16.1	63.3	0.81
1582	chr1	130805930	130806272	CpG: 37	342	37	242	21.6	70.8	0.87
1584	chr1	131024546	131025584	CpG: 96	1038	96	622	18.5	59.9	1.03
1584	chr1	131057410	131057614	CpG: 16	204	16	117	15.7	57.4	0.97
1584	chr1	131065513	131066028	CpG: 60	515	60	380	23.3	73.8	0.86
1585	chr1	131080762	131081066	CpG: 22	304	22	187	14.5	61.5	0.77
1585	chr1	131172399	131173292	CpG: 108	893	108	650	24.2	72.8	0.91
1587	chr1	131453454	131456135	CpG: 196	2681	196	1660	14.6	61.9	0.77
1590	chr1	131755348	131756010	CpG: 53	662	53	425	16	64.2	0.78
1590	chr1	131794964	131795226	CpG: 23	262	23	164	17.6	62.6	0.91
1590	chr1	131837982	131838956	CpG: 109	974	109	686	22.4	70.4	0.91
1591	chr1	131890710	131891197	CpG: 69	487	69	367	28.3	75.4	1.01
1591	chr1	131935080	131936150	CpG: 123	1070	123	753	23	70.4	0.94
1592	chr1	131995363	131995986	CpG: 68	623	68	440	21.8	70.6	0.88
1592	chr1	132067043	132067298	CpG: 33	255	33	187	25.9	73.3	0.98
1592	chr1	132117825	132118893	CpG: 93	1068	93	604	17.4	56.6	1.1
1593	chr1	132156741	132157118	CpG: 28	377	28	212	14.9	56.2	0.94
1593	chr1	132226296	132227007	CpG: 88	711	88	535	24.8	75.2	0.88
1593	chr1	132243636	132244293	CpG: 66	657	66	435	20.1	66.2	0.92
1594	chr1	132288367	132288780	CpG: 30	413	30	248	14.5	60	0.81
1594	chr1	132319128	132319620	CpG: 70	492	70	394	28.5	80.1	0.89
1594	chr1	132345107	132345728	CpG: 73	621	73	449	23.5	72.3	0.91
1595	chr1	132470522	132470745	CpG: 21	223	21	161	18.8	72.2	0.74
1597	chr1	132669347	132669669	CpG: 39	322	39	235	24.2	73	0.94
1598	chr1	132808048	132808684	CpG: 75	636	75	462	23.6	72.6	0.94
1599	chr1	132952823	132953157	CpG: 30	334	30	236	18	70.7	0.76
1599	chr1	132973716	132974447	CpG: 95	731	95	540	26	73.9	0.95
1600	chr1	133058818	133059642	CpG: 85	824	85	538	20.6	65.3	0.97
1600	chr1	133091514	133092259	CpG: 84	745	84	533	22.6	71.5	0.88
1601	chr1	133201832	133202093	CpG: 21	261	21	173	16.1	66.3	0.76
1601	chr1	133291166	133292050	CpG: 71	884	71	595	16.1	67.3	0.71
1602	chr1	133350795	133352172	CpG: 155	1377	155	920	22.5	66.8	1.01
1603	chr1	133537490	133538173	CpG: 75	683	75	458	22	67.1	1.02
1604	chr1	133588625	133589182	CpG: 44	557	44	359	15.8	64.5	0.77
1607	chr1	134006545	134007176	CpG: 52	631	52	367	16.5	58.2	0.98
1607	chr1	134020723	134020980	CpG: 34	257	34	187	26.5	72.8	1
1608	chr1	134162442	134162827	CpG: 35	385	35	264	18.2	68.6	0.78
1609	chr1	134226633	134227188	CpG: 55	555	55	397	19.8	71.5	0.78
1609	chr1	134272306	134272612	CpG: 29	306	29	218	19	71.2	0.76
1609	chr1	134289286	134289906	CpG: 72	620	72	444	23.2	71.6	0.92
1609	chr1	134333689	134333912	CpG: 21	223	21	157	18.8	70.4	0.76
1609	chr1	134342986	134343697	CpG: 88	711	88	524	24.8	73.7	0.92
1610	chr1	134383013	134383574	CpG: 53	561	53	392	18.9	69.9	0.78
1610	chr1	134422252	134422686	CpG: 46	434	46	291	21.2	67.1	0.95
1610	chr1	134441066	134441322	CpG: 27	256	27	172	21.1	67.2	0.93
1611	chr1	134483997	134484862	CpG: 66	865	66	581	15.3	67.2	0.68
1611	chr1	134487818	134489482	CpG: 146	1664	146	1062	17.5	63.8	0.88
1611	chr1	134574351	134574991	CpG: 60	640	60	439	18.8	68.6	0.8
1612	chr1	134636611	134637161	CpG: 41	550	41	333	14.9	60.5	0.82
1614	chr1	134883249	134883729	CpG: 47	480	47	322	19.6	67.1	0.91
1614	chr1	134890144	134890490	CpG: 40	346	40	234	23.1	67.6	1.03
1614	chr1	134915254	134915811	CpG: 47	557	47	384	16.9	68.9	0.71
1615	chr1	135013109	135013331	CpG: 19	222	19	153	17.1	68.9	0.74
1615	chr1	135032606	135033010	CpG: 47	404	47	295	23.3	73	0.88
1615	chr1	135074233	135075304	CpG: 123	1071	123	728	23	68	1
1616	chr1	135211269	135211860	CpG: 76	591	76	432	25.7	73.1	0.96
1616	chr1	135241334	135241654	CpG: 36	320	36	212	22.5	66.2	1.03
1617	chr1	135302653	135302903	CpG: 30	250	30	193	24	77.2	0.81
1617	chr1	135357691	135358458	CpG: 71	767	71	493	18.5	64.3	0.96
1618	chr1	135460230	135460431	CpG: 19	201	19	135	18.9	67.2	0.85
1618	chr1	135512445	135513470	CpG: 74	1025	74	618	14.4	60.3	0.81
1619	chr1	135615469	135616222	CpG: 72	753	72	498	19.1	66.1	0.88
1619	chr1	135656900	135657117	CpG: 25	217	25	151	23	69.6	0.96
1620	chr1	135693618	135694448	CpG: 96	830	96	602	23.1	72.5	0.9
1620	chr1	135746246	135746746	CpG: 60	500	60	366	24	73.2	0.9
1621	chr1	135846447	135847024	CpG: 49	577	49	325	17	56.3	1.07
1622	chr1	135978559	135979090	CpG: 55	531	55	357	20.7	67.2	0.94
1623	chr1	136059013	136059664	CpG: 69	651	69	479	21.2	73.6	0.79
1623	chr1	136068042	136068345	CpG: 24	303	24	196	15.8	64.7	0.76
1623	chr1	136143554	136143854	CpG: 27	300	27	201	18	67	0.8
1623	chr1	136161960	136162401	CpG: 37	441	37	285	16.8	64.6	0.82
1624	chr1	136187507	136188652	CpG: 130	1145	130	792	22.7	69.2	0.95
1624	chr1	136273136	136274059	CpG: 103	923	103	591	22.3	64	1.09
1625	chr1	136342960	136343295	CpG: 42	335	42	218	25.1	65.1	1.19
1625	chr1	136393954	136394368	CpG: 45	414	45	286	21.7	69.1	0.96
1626	chr1	136552374	136552790	CpG: 43	416	43	285	20.7	68.5	0.91
1628	chr1	136716877	136717306	CpG: 34	429	34	265	15.9	61.8	0.86
1629	chr1	136876305	136876935	CpG: 56	630	56	419	17.8	66.5	0.8
1629	chr1	136880653	136880872	CpG: 23	219	23	150	21	68.5	0.91
1642	chr1	138546890	138547602	CpG: 80	712	80	505	22.5	70.9	0.91
1643	chr1	138769236	138769807	CpG: 48	571	48	351	16.8	61.5	0.89
1643	chr1	138771342	138771575	CpG: 20	233	20	156	17.2	67	0.77
1643	chr1	138774931	138775187	CpG: 20	256	20	148	15.6	57.8	0.94
1643	chr1	138784038	138784644	CpG: 74	606	74	436	24.4	71.9	0.95
1644	chr1	138891132	138891846	CpG: 88	714	88	496	24.6	69.5	1.03
1648	chr1	139349834	139350489	CpG: 54	655	54	371	16.5	56.6	1.04
1648	chr1	139382372	139382971	CpG: 57	599	57	374	19	62.4	0.99
1680	chr1	143578499	143578914	CpG: 67	415	67	314	32.3	75.7	1.13
1680	chr1	143615125	143615524	CpG: 62	399	62	304	31.1	76.2	1.14
1680	chr1	143652452	143653393	CpG: 93	941	93	613	19.8	65.1	0.95
1682	chr1	143879867	143880247	CpG: 42	380	42	245	22.1	64.5	1.09
1731	chr1	150268528	150269470	CpG: 81	942	81	567	17.2	60.2	0.95
1736	chr1	150869069	150869350	CpG: 29	281	29	201	20.6	71.5	0.82
1738	chr1	151219976	151221175	CpG: 128	1199	128	767	21.4	64	1.06
1739	chr1	151303836	151304622	CpG: 70	786	70	501	17.8	63.7	0.89
1739	chr1	151375777	151376892	CpG: 121	1115	121	740	21.7	66.4	0.99
1740	chr1	151447064	151447506	CpG: 38	442	38	304	17.2	68.8	0.73
1741	chr1	151630935	151631676	CpG: 70	741	70	507	18.9	68.4	0.82
1744	chr1	151965586	151966192	CpG: 61	606	61	343	20.1	56.6	1.26
1746	chr1	152262064	152262495	CpG: 56	431	56	319	26	74	0.95
1746	chr1	152275669	152276115	CpG: 60	446	60	320	26.9	71.7	1.05
1748	chr1	152500659	152501039	CpG: 36	380	36	239	18.9	62.9	0.96
1749	chr1	152641678	152643012	CpG: 142	1334	142	864	21.3	64.8	1.02
1750	chr1	152777704	152779715	CpG: 166	2011	166	1199	16.5	59.6	0.95
1751	chr1	152830681	152831166	CpG: 37	485	37	297	15.3	61.2	0.82
1751	chr1	152831565	152832002	CpG: 36	437	36	265	16.5	60.6	0.97
1752	chr1	153061681	153062033	CpG: 32	352	32	237	18.2	67.3	0.8
1753	chr1	153207749	153208825	CpG: 109	1076	109	756	20.3	70.3	0.83
1754	chr1	153300824	153301337	CpG: 54	513	54	361	21.1	70.4	0.85
1755	chr1	153362727	153363524	CpG: 83	797	83	513	20.8	64.4	1.02
1755	chr1	153425294	153425583	CpG: 26	289	26	196	18	67.8	0.78
1758	chr1	153775523	153776812	CpG: 106	1289	106	825	16.4	64	0.8
1758	chr1	153783661	153783905	CpG: 23	244	23	147	18.9	60.2	1.05
1760	chr1	154080583	154081284	CpG: 58	701	58	452	16.5	64.5	0.82
1765	chr1	154675005	154675422	CpG: 33	417	33	293	15.8	70.3	0.64
1767	chr1	154958927	154959404	CpG: 58	477	58	317	24.3	66.5	1.1
1767	chr1	154974071	154975484	CpG: 143	1413	143	944	20.2	66.8	0.91
1767	chr1	155034294	155035026	CpG: 83	732	83	527	22.7	72	0.9
1768	chr1	155119837	155120693	CpG: 98	856	98	635	22.9	74.2	0.83
1769	chr1	155292595	155293291	CpG: 75	696	75	506	21.6	72.7	0.83
1770	chr1	155433893	155434540	CpG: 76	647	76	459	23.5	70.9	0.94
1772	chr1	155612613	155613728	CpG: 85	1115	85	689	15.2	61.8	0.8
1772	chr1	155616863	155618912	CpG: 153	2049	153	1274	14.9	62.2	0.78
1772	chr1	155688179	155688903	CpG: 71	724	71	473	19.6	65.3	0.92
1774	chr1	155848469	155849417	CpG: 84	948	84	602	17.7	63.5	0.88
1774	chr1	155911278	155912132	CpG: 88	854	88	539	20.6	63.1	1.04
1775	chr1	156032253	156032655	CpG: 44	402	44	295	21.9	73.4	0.82
1776	chr1	156130687	156131360	CpG: 82	673	82	473	24.4	70.3	0.99
1777	chr1	156248264	156248758	CpG: 40	494	40	274	16.2	55.5	1.05
1777	chr1	156301584	156301963	CpG: 43	379	43	274	22.7	72.3	0.87
1778	chr1	156386066	156386794	CpG: 77	728	77	498	21.2	68.4	0.95
1779	chr1	156501625	156501986	CpG: 34	361	34	250	18.8	69.3	0.79
1779	chr1	156545907	156546833	CpG: 110	926	110	661	23.8	71.4	0.96
1781	chr1	156766532	156767577	CpG: 123	1045	123	664	23.5	63.5	1.17
1784	chr1	157239356	157240399	CpG: 110	1043	110	640	21.1	61.4	1.12
1791	chr1	158183609	158183813	CpG: 25	204	25	146	24.5	71.6	0.96
1791	chr1	158190118	158190445	CpG: 25	327	25	208	15.3	63.6	0.76
1798	chr1	159059351	159060106	CpG: 89	755	89	504	23.6	66.8	1.07
1805	chr1	160022531	160022980	CpG: 31	449	31	276	13.8	61.5	0.73
1806	chr1	160040008	160040975	CpG: 102	967	102	635	21.1	65.7	0.98
1810	chr1	160619599	160620740	CpG: 111	1141	111	753	19.5	66	0.89
1811	chr1	160734257	160734666	CpG: 41	409	41	297	20	72.6	0.81
1812	chr1	160861974	160862751	CpG: 76	777	76	547	19.6	70.4	0.81
1812	chr1	160898218	160898715	CpG: 42	497	42	286	16.9	57.5	1.05
1813	chr1	160970353	160970571	CpG: 15	218	15	132	13.8	60.6	0.75
1813	chr1	160998212	160998560	CpG: 41	348	41	256	23.6	73.6	0.87
1813	chr1	161078387	161078848	CpG: 44	461	44	288	19.1	62.5	1
1817	chr1	161555015	161555250	CpG: 25	235	25	165	21.3	70.2	0.88
1818	chr1	161704020	161704667	CpG: 78	647	78	451	24.1	69.7	1.03
1819	chr1	161796687	161797083	CpG: 33	396	33	229	16.7	57.8	1
1823	chr1	162305134	162305648	CpG: 42	514	42	345	16.3	67.1	0.75
1823	chr1	162375833	162376278	CpG: 42	445	42	291	18.9	65.4	0.88
227	chr1	162397922	162399171	CpG: 104	1249	104	739	16.7	59.2	0.97
1825	chr1	162567540	162568242	CpG: 82	702	82	489	23.4	69.7	0.97
1829	chr1	163139570	163140190	CpG: 50	620	50	416	16.1	67.1	0.74
1834	chr1	163757353	163757980	CpG: 74	627	74	461	23.6	73.5	0.88
1834	chr1	163822002	163822723	CpG: 60	721	60	439	16.6	60.9	0.91
1836	chr1	164076188	164076484	CpG: 22	296	22	189	14.9	63.9	0.74
1836	chr1	164076608	164077255	CpG: 70	647	70	420	21.6	64.9	1.03
1837	chr1	164135026	164135253	CpG: 20	227	20	136	17.6	59.9	1.04
1838	chr1	164285235	164286306	CpG: 112	1071	112	702	20.9	65.5	0.97
1844	chr1	165021480	165022144	CpG: 53	664	53	386	16	58.1	0.95
1844	chr1	165063952	165064687	CpG: 64	735	64	450	17.4	61.2	0.93
1844	chr1	165109487	165110136	CpG: 61	649	61	466	18.8	71.8	0.73
1846	chr1	165287148	165289133	CpG: 153	1985	153	1169	15.4	58.9	0.9
1847	chr1	165461806	165462356	CpG: 51	550	51	362	18.5	65.8	0.89
1847	chr1	165469916	165470247	CpG: 40	331	40	231	24.2	69.8	1
1847	chr1	165535352	165535628	CpG: 29	276	29	194	21	70.3	0.86
1848	chr1	165591274	165591788	CpG: 53	514	53	347	20.6	67.5	0.91
1848	chr1	165672582	165672829	CpG: 24	247	24	169	19.4	68.4	0.9
1850	chr1	165829034	165831154	CpG: 204	2120	204	1308	19.2	61.7	1.03
1851	chr1	166066066	166066534	CpG: 47	468	47	325	20.1	69.4	0.84
1852	chr1	166081548	166081877	CpG: 51	329	51	256	31	77.8	1.02
1852	chr1	166136410	166136917	CpG: 73	507	73	369	28.8	72.8	1.09
1853	chr1	166206876	166207545	CpG: 69	669	69	438	20.6	65.5	0.97
1853	chr1	166236955	166237630	CpG: 85	675	85	505	25.2	74.8	0.9
1857	chr1	166828160	166829432	CpG: 153	1272	153	895	24.1	70.4	0.97
1859	chr1	167053944	167054150	CpG: 15	206	15	129	14.6	62.6	0.79
1859	chr1	167111333	167112721	CpG: 136	1388	136	905	19.6	65.2	0.93
1860	chr1	167135818	167136634	CpG: 85	816	85	538	20.8	65.9	0.96
1860	chr1	167177700	167178110	CpG: 43	410	43	273	21	66.6	0.95
1860	chr1	167221640	167221861	CpG: 16	221	16	129	14.5	58.4	0.88
1862	chr1	167488783	167489022	CpG: 17	239	17	165	14.2	69	0.6
1863	chr1	167515843	167516824	CpG: 107	981	107	691	21.8	70.4	0.88
1863	chr1	167519758	167519964	CpG: 20	206	20	128	19.4	62.1	1.01
1864	chr1	167757358	167757567	CpG: 21	209	21	135	20.1	64.6	0.97
1877	chr1	169358858	169359168	CpG: 29	310	29	182	18.7	58.7	1.09
1880	chr1	169796514	169797000	CpG: 43	486	43	312	17.7	64.2	0.87
1882	chr1	170002178	170002858	CpG: 86	680	86	489	25.3	71.9	0.98
1882	chr1	170042572	170042991	CpG: 59	419	59	322	28.2	76.8	0.96
1882	chr1	170082954	170083320	CpG: 49	366	49	276	26.8	75.4	0.94
1885	chr1	170416848	170417627	CpG: 86	779	86	495	22.1	63.5	1.12
1885	chr1	170471764	170472229	CpG: 42	465	42	316	18.1	68	0.8
1887	chr1	170695081	170695427	CpG: 35	346	35	216	20.2	62.4	1.05
1887	chr1	170712575	170713076	CpG: 46	501	46	345	18.4	68.9	0.78
1887	chr1	170734972	170735740	CpG: 75	768	75	524	19.5	68.2	0.85
1887	chr1	170736188	170736446	CpG: 20	258	20	154	15.5	59.7	0.87
1888	chr1	170865641	170865941	CpG: 25	300	25	157	16.7	52.3	1.23
1888	chr1	170891508	170893529	CpG: 179	2021	179	1202	17.7	59.5	1
1888	chr1	170897889	170898355	CpG: 36	466	36	302	15.5	64.8	0.74
1888	chr1	170899979	170901164	CpG: 123	1185	123	770	20.8	65	0.99
1888	chr1	170905517	170905976	CpG: 36	459	36	297	15.7	64.7	0.75
1888	chr1	170907593	170908778	CpG: 123	1185	123	770	20.8	65	0.99
1888	chr1	170913184	170913628	CpG: 31	444	31	280	14	63.1	0.7
1889	chr1	170930063	170930287	CpG: 19	224	19	156	17	69.6	0.79
1889	chr1	170977910	170978235	CpG: 26	325	26	219	16	67.4	0.71
1889	chr1	171023494	171023724	CpG: 25	230	25	170	21.7	73.9	0.81
1890	chr1	171074583	171074970	CpG: 34	387	34	242	17.6	62.5	0.91
1890	chr1	171097725	171098284	CpG: 40	559	40	354	14.3	63.3	0.73
1890	chr1	171115111	171115633	CpG: 45	522	45	365	17.2	69.9	0.74
1890	chr1	171122043	171122391	CpG: 27	348	27	199	15.5	57.2	0.97
1890	chr1	171156457	171157360	CpG: 66	903	66	536	14.6	59.4	0.83
1890	chr1	171173006	171173469	CpG: 40	463	40	295	17.3	63.7	0.87
1891	chr1	171188365	171188587	CpG: 16	222	16	120	14.4	54.1	0.99
1891	chr1	171238777	171239439	CpG: 69	662	69	463	20.8	69.9	0.86
1891	chr1	171264998	171265521	CpG: 39	523	39	332	14.9	63.5	0.74
1892	chr1	171331208	171331768	CpG: 49	560	49	336	17.5	60	0.98
1893	chr1	171507343	171507567	CpG: 21	224	21	151	18.8	67.4	0.83
1896	chr1	171854526	171855050	CpG: 48	524	48	330	18.3	63	0.95
1896	chr1	171881568	171881815	CpG: 30	247	30	172	24.3	69.6	1.01
1896	chr1	171910106	171910726	CpG: 48	620	48	383	15.5	61.8	0.82
1897	chr1	171975528	171976129	CpG: 56	601	56	388	18.6	64.6	0.9
1897	chr1	172000145	172000387	CpG: 18	242	18	143	14.9	59.1	0.85
1898	chr1	172139896	172140199	CpG: 28	303	28	219	18.5	72.3	0.71
1898	chr1	172153267	172154146	CpG: 101	879	101	576	23	65.5	1.08
1898	chr1	172168432	172168761	CpG: 24	329	24	204	14.6	62	0.9
1898	chr1	172203917	172204914	CpG: 101	997	101	649	20.3	65.1	0.96
1899	chr1	172309535	172309780	CpG: 29	245	29	170	23.7	69.4	0.99
1899	chr1	172327645	172328770	CpG: 75	1125	75	722	13.3	64.2	0.65
1900	chr1	172390528	172390927	CpG: 52	399	52	292	26.1	73.2	0.98
1900	chr1	172460105	172460696	CpG: 46	591	46	398	15.6	67.3	0.69
1906	chr1	173194747	173195365	CpG: 48	618	48	405	15.5	65.5	0.72
1915	chr1	174329295	174330106	CpG: 60	811	60	532	14.8	65.6	0.7
1915	chr1	174330877	174331195	CpG: 28	318	28	221	17.6	69.5	0.73
1917	chr1	174664413	174664659	CpG: 19	246	19	149	15.4	60.6	0.86
1922	chr1	175319664	175320282	CpG: 84	618	84	477	27.2	77.2	0.92
1923	chr1	175452844	175453226	CpG: 51	382	51	271	26.7	70.9	1.06
1924	chr1	175519651	175520647	CpG: 101	996	101	695	20.3	69.8	0.85
1925	chr1	175708172	175708805	CpG: 60	633	60	404	19	63.8	0.94
1928	chr1	176102199	176103138	CpG: 84	939	84	611	17.9	65.1	0.88
1932	chr1	176640934	176642289	CpG: 99	1355	99	779	14.6	57.5	0.89
1936	chr1	177085004	177086687	CpG: 139	1683	139	931	16.5	55.3	1.09
1936	chr1	177150281	177150674	CpG: 37	393	37	242	18.8	61.6	1.03
1936	chr1	177166496	177166758	CpG: 20	262	20	161	15.3	61.5	0.81
1937	chr1	177269057	177270587	CpG: 177	1530	177	962	23.1	62.9	1.17
1937	chr1	177275839	177276103	CpG: 20	264	20	163	15.2	61.7	0.8
1940	chr1	177623500	177624360	CpG: 77	860	77	563	17.9	65.5	0.84
1941	chr1	177810746	177811566	CpG: 77	820	77	573	18.8	69.9	0.77
1943	chr1	178014998	178015819	CpG: 77	821	77	578	18.8	70.4	0.76
1943	chr1	178103663	178104150	CpG: 78	487	78	353	32	72.5	1.24
1944	chr1	178145772	178146876	CpG: 107	1104	107	722	19.4	65.4	0.92
1944	chr1	178163984	178165577	CpG: 201	1593	201	1134	25.2	71.2	1.04
1944	chr1	178196499	178196746	CpG: 30	247	30	175	24.3	70.9	0.97
1944	chr1	178233224	178234236	CpG: 84	1012	84	632	16.6	62.5	0.85
1945	chr1	178354852	178358460	CpG: 255	3608	255	2194	14.1	60.8	0.77
1953	chr1	179345296	179345632	CpG: 30	336	30	218	17.9	64.9	0.87
1953	chr1	179373481	179374450	CpG: 107	969	107	643	22.1	66.4	1.01
1954	chr1	179495449	179496257	CpG: 91	808	91	560	22.5	69.3	0.95
1955	chr1	179630491	179631603	CpG: 130	1112	130	723	23.4	65	1.11
1956	chr1	179787085	179788134	CpG: 112	1049	112	642	21.4	61.2	1.14
1958	chr1	180023274	180023887	CpG: 43	613	43	345	14	56.3	0.89
1958	chr1	180083443	180083988	CpG: 58	545	58	400	21.3	73.4	0.8
1959	chr1	180158120	180158704	CpG: 54	584	54	382	18.5	65.4	0.86
1959	chr1	180159677	180160432	CpG: 58	755	58	453	15.4	60	0.85
1960	chr1	180310761	180311090	CpG: 28	329	28	177	17	53.8	1.18
1961	chr1	180396293	180397056	CpG: 76	763	76	514	19.9	67.4	0.88
1961	chr1	180468332	180469446	CpG: 138	1114	138	784	24.8	70.4	1
1962	chr1	180524160	180524892	CpG: 84	732	84	518	23	70.8	0.92
1962	chr1	180553327	180554280	CpG: 92	953	92	604	19.3	63.4	0.96
1962	chr1	180605297	180605947	CpG: 54	650	54	431	16.6	66.3	0.76
1963	chr1	180621733	180621991	CpG: 19	258	19	174	14.7	67.4	0.66
1963	chr1	180640057	180641921	CpG: 167	1864	167	1107	17.9	59.4	1.01
1963	chr1	180678085	180678876	CpG: 72	791	72	517	18.2	65.4	0.85
1963	chr1	180721989	180722363	CpG: 32	374	32	254	17.1	67.9	0.76
1963	chr1	180731719	180732104	CpG: 41	385	41	256	21.3	66.5	0.96
1964	chr1	180764546	180764757	CpG: 21	211	21	142	19.9	67.3	0.89
1964	chr1	180769808	180770504	CpG: 67	696	67	461	19.3	66.2	0.88
1965	chr1	180971538	180971870	CpG: 36	332	36	220	21.7	66.3	1
1965	chr1	180978456	180978910	CpG: 46	454	46	281	20.3	61.9	1.06
1966	chr1	181038372	181038605	CpG: 19	233	19	171	16.3	73.4	0.64
1966	chr1	181038833	181039953	CpG: 106	1120	106	713	18.9	63.7	0.94
1967	chr1	181179942	181180472	CpG: 60	530	60	340	22.6	64.2	1.1
1971	chr1	181669428	181670319	CpG: 127	891	127	664	28.5	74.5	1.04
1971	chr1	181751074	181751278	CpG: 19	204	19	138	18.6	67.6	0.91
1972	chr1	181846956	181848279	CpG: 188	1323	188	916	28.4	69.2	1.19
1973	chr1	181952219	181952841	CpG: 65	622	65	438	20.9	70.4	0.85
1974	chr1	182109659	182110436	CpG: 87	777	87	553	22.4	71.2	0.88
1974	chr1	182168551	182169084	CpG: 74	533	74	405	27.8	76	0.96
1975	chr1	182236227	182237176	CpG: 109	949	109	667	23	70.3	0.93
1976	chr1	182344563	182345385	CpG: 84	822	84	568	20.4	69.1	0.86
1978	chr1	182591457	182592026	CpG: 70	569	70	401	24.6	70.5	0.99
1980	chr1	182869057	182869579	CpG: 39	522	39	320	14.9	61.3	0.8
1980	chr1	182870026	182870783	CpG: 55	757	55	428	14.5	56.5	0.91
1981	chr1	183002778	183003108	CpG: 44	330	44	247	26.7	74.8	1
1981	chr1	183078068	183079341	CpG: 89	1273	89	777	14	61	0.75
1982	chr1	183126513	183127158	CpG: 63	645	63	443	19.5	68.7	0.84
1982	chr1	183150267	183151167	CpG: 85	900	85	588	18.9	65.3	0.89
1987	chr1	183765509	183766734	CpG: 106	1225	106	811	17.3	66.2	0.79
1992	chr1	184450682	184451001	CpG: 27	319	27	202	16.9	63.3	0.86
1992	chr1	184459912	184460167	CpG: 23	255	23	168	18	65.9	0.85
1992	chr1	184463851	184465242	CpG: 114	1391	114	865	16.4	62.2	0.86
1992	chr1	184542966	184543370	CpG: 43	404	43	283	21.3	70	0.87
1993	chr1	184577697	184578192	CpG: 53	495	53	347	21.4	70.1	0.87
1993	chr1	184614758	184615363	CpG: 66	605	66	423	21.8	69.9	0.9
1994	chr1	184688572	184689067	CpG: 42	495	42	340	17	68.7	0.72
1994	chr1	184731511	184732297	CpG: 131	786	131	599	33.3	76.2	1.15
1995	chr1	184936128	184936606	CpG: 52	478	52	335	21.8	70.1	0.9
1996	chr1	185061060	185061635	CpG: 66	575	66	416	23	72.3	0.88
1996	chr1	185073338	185073626	CpG: 19	288	19	158	13.2	54.9	0.88
1997	chr1	185095026	185095682	CpG: 86	656	86	462	26.2	70.4	1.07
1997	chr1	185187133	185187858	CpG: 74	725	74	501	20.4	69.1	0.86
2002	chr1	185849266	185849573	CpG: 32	307	32	211	20.8	68.7	0.89
2007	chr1	186436477	186436722	CpG: 23	245	23	145	18.8	59.2	1.09
2007	chr1	186437336	186437913	CpG: 49	577	49	344	17	59.6	0.96
2007	chr1	186481479	186481699	CpG: 19	220	19	137	17.3	62.3	0.89
2009	chr1	186699586	186700503	CpG: 77	917	77	554	16.8	60.4	0.94
2014	chr1	187339510	187339791	CpG: 21	281	21	187	14.9	66.5	0.69
2014	chr1	187341194	187341879	CpG: 73	685	73	456	21.3	66.6	0.96
2024	chr1	188739429	188740155	CpG: 69	726	69	490	19	67.5	0.85
2027	chr1	189075511	189076179	CpG: 69	668	69	430	20.7	64.4	1
2030	chr1	189420111	189420636	CpG: 51	525	51	357	19.4	68	0.84
2030	chr1	189460123	189461030	CpG: 103	907	103	660	22.7	72.8	0.87
2031	chr1	189654281	189654695	CpG: 53	414	53	274	25.6	66.2	1.17
2033	chr1	189901422	189901798	CpG: 33	376	33	263	17.6	69.9	0.75
2033	chr1	189902787	189903228	CpG: 35	441	35	249	15.9	56.5	1.01
2033	chr1	189904940	189905396	CpG: 32	456	32	282	14	61.8	0.73
2033	chr1	189907111	189907791	CpG: 58	680	58	466	17.1	68.5	0.73
2037	chr1	190414334	190414536	CpG: 17	202	17	133	16.8	65.8	0.78
2039	chr1	190643865	190644128	CpG: 25	263	25	172	19	65.4	0.89
2039	chr1	190660644	190661270	CpG: 75	626	75	410	24	65.5	1.13
2040	chr1	190710445	190711648	CpG: 112	1203	112	810	18.6	67.3	0.82
2040	chr1	190757721	190758684	CpG: 94	963	94	648	19.5	67.3	0.86
2040	chr1	190794844	190795552	CpG: 62	708	62	449	17.5	63.4	0.87
2040	chr1	190830053	190830873	CpG: 90	820	90	599	22	73	0.84
2041	chr1	190858093	190858357	CpG: 27	264	27	180	20.5	68.2	0.88
2041	chr1	190914620	190916567	CpG: 149	1947	149	1184	15.3	60.8	0.83
2041	chr1	190916923	190917388	CpG: 31	465	31	293	13.3	63	0.69
2041	chr1	190917514	190917747	CpG: 17	233	17	139	14.6	59.7	0.82
2041	chr1	190956523	190957120	CpG: 56	597	56	395	18.8	66.2	0.88
2042	chr1	191050030	191050340	CpG: 42	310	42	244	27.1	78.7	0.88
2042	chr1	191058043	191058677	CpG: 61	634	61	434	19.2	68.5	0.82
2043	chr1	191128275	191129998	CpG: 171	1723	171	1089	19.8	63.2	1.01
2044	chr1	191307067	191308203	CpG: 118	1136	118	734	20.8	64.6	1
2045	chr1	191449846	191451247	CpG: 148	1401	148	831	21.1	59.3	1.2
2046	chr1	191553361	191554083	CpG: 77	722	77	473	21.3	65.5	1
2047	chr1	191638708	191639809	CpG: 117	1101	117	669	21.3	60.8	1.16
2047	chr1	191717194	191717459	CpG: 25	265	25	179	18.9	67.5	0.83
2048	chr1	191776567	191777051	CpG: 49	484	49	329	20.2	68	0.89
2048	chr1	191821024	191822909	CpG: 167	1885	167	1172	17.7	62.2	0.92
2048	chr1	191872973	191873394	CpG: 58	421	58	321	27.6	76.2	0.95
2053	chr1	192452948	192453446	CpG: 61	498	61	360	24.5	72.3	0.95
2053	chr1	192515896	192516100	CpG: 15	204	15	129	14.7	63.2	0.74
2053	chr1	192516933	192517359	CpG: 48	426	48	305	22.5	71.6	0.89
2053	chr1	192537194	192538206	CpG: 140	1012	140	745	27.7	73.6	1.03
2055	chr1	192717787	192718158	CpG: 45	371	45	266	24.3	71.7	0.94
2056	chr1	192812127	192812685	CpG: 59	558	59	355	21.1	63.6	1.05
2056	chr1	192835177	192835720	CpG: 41	543	41	371	15.1	68.3	0.66
2056	chr1	192855678	192856109	CpG: 36	431	36	272	16.7	63.1	0.84
2067	chr1	194301968	194303184	CpG: 112	1216	112	811	18.4	66.7	0.84
2070	chr1	194658581	194659139	CpG: 59	558	59	344	21.1	61.6	1.13
2072	chr1	194923897	194924169	CpG: 23	272	23	137	16.9	50.4	1.37
610	chr10	3316238	3317166	CpG: 78	928	78	584	16.8	62.9	0.85
613	chr10	3690269	3691007	CpG: 66	738	66	481	17.9	65.2	0.85
614	chr10	3923179	3923942	CpG: 68	763	68	504	17.8	66.1	0.82
617	chr10	4216346	4216776	CpG: 40	430	40	293	18.6	68.1	0.8
617	chr10	4296779	4297002	CpG: 23	223	23	159	20.6	71.3	0.81
617	chr10	4319007	4319248	CpG: 20	241	20	163	16.6	67.6	0.73
618	chr10	4336714	4337900	CpG: 145	1186	145	740	24.5	62.4	1.26
618	chr10	4382145	4382861	CpG: 72	716	72	460	20.1	64.2	0.98
620	chr10	4662270	4662922	CpG: 56	652	56	419	17.2	64.3	0.84
628	chr10	5755008	5756200	CpG: 97	1192	97	777	16.3	65.2	0.77
629	chr10	5773486	5774386	CpG: 76	900	76	596	16.9	66.2	0.78
629	chr10	5871701	5872556	CpG: 71	855	71	504	16.6	58.9	0.97
639	chr10	7161440	7162337	CpG: 90	897	90	611	20.1	68.1	0.87
641	chr10	7340665	7343815	CpG: 226	3150	226	1931	14.3	61.3	0.77
641	chr10	7465458	7466415	CpG: 116	957	116	648	24.2	67.7	1.06
642	chr10	7538504	7539393	CpG: 95	889	95	620	21.4	69.7	0.88
642	chr10	7556672	7557624	CpG: 114	952	114	695	23.9	73	0.9
642	chr10	7601640	7601983	CpG: 40	343	40	233	23.3	67.9	1.05
643	chr10	7656167	7656630	CpG: 46	463	46	309	19.9	66.7	0.9
643	chr10	7668537	7668827	CpG: 41	290	41	200	28.3	69	1.2
644	chr10	7743103	7743514	CpG: 47	411	47	290	22.9	70.6	0.93
644	chr10	7831369	7832672	CpG: 172	1303	172	857	26.4	65.8	1.22
649	chr10	8393669	8394550	CpG: 80	881	80	623	18.2	70.7	0.73
651	chr10	8761635	8762447	CpG: 67	812	67	507	16.5	62.4	0.85
657	chr10	9550361	9551291	CpG: 94	930	94	631	20.2	67.8	0.88
659	chr10	9776140	9777076	CpG: 82	936	82	527	17.5	56.3	1.11
664	chr10	10433569	10433931	CpG: 39	362	39	236	21.5	65.2	1.02
665	chr10	10564921	10565142	CpG: 17	221	17	146	15.4	66.1	0.71
669	chr10	11024949	11025613	CpG: 65	664	65	458	19.6	69	0.83
670	chr10	11156461	11157846	CpG: 158	1385	158	979	22.8	70.7	0.92
670	chr10	11219040	11219691	CpG: 80	651	80	444	24.6	68.2	1.06
682	chr10	12744695	12745401	CpG: 82	706	82	506	23.2	71.7	0.91
682	chr10	12798467	12798877	CpG: 39	410	39	247	19	60.2	1.06
682	chr10	12816924	12817540	CpG: 64	616	64	391	20.8	63.5	1.03
682	chr10	12839752	12840431	CpG: 66	679	66	459	19.4	67.6	0.85
683	chr10	12884045	12884864	CpG: 67	819	67	478	16.4	58.4	0.96
683	chr10	12936665	12937010	CpG: 36	345	36	241	20.9	69.9	0.86
683	chr10	12966276	12967043	CpG: 72	767	72	512	18.8	66.8	0.84
684	chr10	13068532	13068978	CpG: 41	446	41	297	18.4	66.6	0.83
685	chr10	13199613	13200030	CpG: 56	417	56	303	26.9	72.7	1.03
686	chr10	13349489	13350266	CpG: 79	777	79	554	20.3	71.3	0.8
687	chr10	13428692	13429194	CpG: 40	502	40	292	15.9	58.2	0.95
690	chr10	13840309	13843360	CpG: 225	3051	225	1745	14.7	57.2	0.91
695	chr10	14420709	14421383	CpG: 78	674	78	480	23.1	71.2	0.92
696	chr10	14581019	14581326	CpG: 35	307	35	207	22.8	67.4	1
719	chr10	17598776	17600363	CpG: 136	1587	136	1043	17.1	65.7	0.79
720	chr10	17822974	17824028	CpG: 116	1054	116	617	22	58.5	1.29
721	chr10	17898562	17898886	CpG: 26	324	26	212	16	65.4	0.76
721	chr10	17930981	17931888	CpG: 104	907	104	569	22.9	62.7	1.17
723	chr10	18194020	18195154	CpG: 125	1134	125	754	22	66.5	1.01
725	chr10	18407214	18407509	CpG: 21	295	21	187	14.2	63.4	0.72
727	chr10	18720634	18721174	CpG: 62	540	62	387	23	71.7	0.89
729	chr10	18890846	18891345	CpG: 51	499	51	317	20.4	63.5	1.01
731	chr10	19232631	19233327	CpG: 55	696	55	467	15.8	67.1	0.71
733	chr10	19467728	19468104	CpG: 36	376	36	264	19.1	70.2	0.78
735	chr10	19725214	19725446	CpG: 23	232	23	152	19.8	65.5	0.93
735	chr10	19725728	19725991	CpG: 20	263	20	184	15.2	70	0.64
735	chr10	19726255	19727456	CpG: 115	1201	115	832	19.2	69.3	0.82
735	chr10	19748204	19748433	CpG: 19	229	19	141	16.6	61.6	0.88
735	chr10	19783115	19783493	CpG: 59	378	59	273	31.2	72.2	1.2
736	chr10	19809359	19810856	CpG: 175	1497	175	1042	23.4	69.6	0.97
737	chr10	20024179	20025263	CpG: 141	1084	141	751	26	69.3	1.1
739	chr10	20187692	20188899	CpG: 132	1207	132	804	21.9	66.6	0.99
739	chr10	20223417	20223784	CpG: 43	367	43	226	23.4	61.6	1.25
743	chr10	20828078	20828857	CpG: 83	779	83	510	21.3	65.5	1
745	chr10	21034875	21037215	CpG: 166	2340	166	1331	14.2	56.9	0.89
746	chr10	21171758	21172546	CpG: 81	788	81	486	20.6	61.7	1.09
751	chr10	21758148	21758468	CpG: 25	320	25	195	15.6	60.9	0.84
751	chr10	21869806	21870812	CpG: 94	1006	94	658	18.7	65.4	0.88
752	chr10	21934264	21934728	CpG: 33	464	33	304	14.2	65.5	0.68
753	chr10	22024431	22027590	CpG: 221	3159	221	1911	14	60.5	0.76
753	chr10	22034340	22034676	CpG: 36	336	36	238	21.4	70.8	0.86
753	chr10	22035827	22036046	CpG: 16	219	16	133	14.6	60.7	0.87
753	chr10	22149877	22150166	CpG: 29	289	29	177	20.1	61.2	1.07
757	chr10	22606565	22607924	CpG: 142	1359	142	927	20.9	68.2	0.9
758	chr10	22695208	22695698	CpG: 40	490	40	323	16.3	65.9	0.75
762	chr10	23224363	23224568	CpG: 21	205	21	136	20.5	66.3	0.94
762	chr10	23225898	23226503	CpG: 68	605	68	399	22.5	66	1.03
765	chr10	23662855	23663365	CpG: 51	510	51	314	20	61.6	1.06
765	chr10	23672832	23673106	CpG: 27	274	27	187	19.7	68.2	0.85
768	chr10	24025188	24025636	CpG: 43	448	43	310	19.2	69.2	0.81
768	chr10	24099390	24099865	CpG: 50	475	50	344	21.1	72.4	0.81
771	chr10	24471349	24471840	CpG: 42	491	42	332	17.1	67.6	0.79
772	chr10	24587603	24588327	CpG: 57	724	57	387	15.7	53.5	1.1
773	chr10	24745748	24746286	CpG: 40	538	40	335	14.9	62.3	0.77
777	chr10	25172617	25173120	CpG: 61	503	61	345	24.3	68.6	1.04
777	chr10	25235482	25236494	CpG: 126	1012	126	752	24.9	74.3	0.91
778	chr10	25334451	25335119	CpG: 52	668	52	391	15.6	58.5	1.03
783	chr10	25954045	25954827	CpG: 80	782	80	528	20.5	67.5	0.9
785	chr10	26249687	26251523	CpG: 186	1836	186	1024	20.3	55.8	1.33
785	chr10	26251972	26252216	CpG: 23	244	23	143	18.9	58.6	1.1
798	chr10	27950514	27951097	CpG: 64	583	64	380	22	65.2	1.04
806	chr10	29022667	29023333	CpG: 54	666	54	388	16.2	58.3	0.96
806	chr10	29024172	29024383	CpG: 18	211	18	119	17.1	56.4	1.1
806	chr10	29072619	29073483	CpG: 70	864	70	530	16.2	61.3	0.86
808	chr10	29237565	29238246	CpG: 92	681	92	498	27	73.1	1.03
809	chr10	29411487	29411846	CpG: 31	359	31	243	17.3	67.7	0.78
810	chr10	29575156	29575363	CpG: 22	207	22	132	21.3	63.8	1.05
814	chr10	30076235	30076627	CpG: 44	392	44	269	22.4	68.6	0.95
817	chr10	30476362	30476783	CpG: 39	421	39	289	18.5	68.6	0.8
817	chr10	30494234	30494604	CpG: 37	370	37	244	20	65.9	0.92
819	chr10	30678654	30679449	CpG: 92	795	92	566	23.1	71.2	0.91
819	chr10	30718336	30719233	CpG: 93	897	93	613	20.7	68.3	0.89
822	chr10	31189423	31189765	CpG: 33	342	33	226	19.3	66.1	0.89
823	chr10	31321570	31321995	CpG: 45	425	45	282	21.2	66.4	0.96
825	chr10	31484591	31485809	CpG: 132	1218	132	804	21.7	66	1
834	chr10	32765851	32766351	CpG: 69	500	69	381	27.6	76.2	0.95
840	chr10	33500358	33500563	CpG: 19	205	19	139	18.5	67.8	0.81
843	chr10	33826919	33827148	CpG: 23	229	23	128	20.1	55.9	1.31
843	chr10	33895152	33895940	CpG: 88	788	88	534	22.3	67.8	0.98
844	chr10	34003455	34003723	CpG: 34	268	34	183	25.4	68.3	1.09
845	chr10	34082823	34083447	CpG: 64	624	64	450	20.5	72.1	0.79
845	chr10	34158053	34158747	CpG: 68	694	68	455	19.6	65.6	0.95
845	chr10	34173514	34173816	CpG: 24	302	24	194	15.9	64.2	0.77
846	chr10	34294210	34294530	CpG: 31	320	31	207	19.4	64.7	0.93
862	chr10	36382871	36383673	CpG: 75	802	75	532	18.7	66.3	0.85
866	chr10	36850135	36851254	CpG: 107	1119	107	702	19.1	62.7	0.97
867	chr10	37012108	37013312	CpG: 171	1204	171	896	28.4	74.4	1.03
867	chr10	37016938	37017192	CpG: 28	254	28	188	22	74	0.88
882	chr10	39009878	39010282	CpG: 35	404	35	255	17.3	63.1	0.87
884	chr10	39245542	39246456	CpG: 102	914	102	650	22.3	71.1	0.88
887	chr10	39607185	39609130	CpG: 182	1945	182	1165	18.7	59.9	1.04
888	chr10	39774923	39775283	CpG: 38	360	38	258	21.1	71.7	0.83
888	chr10	39802747	39803077	CpG: 32	330	32	198	19.4	60	1.09
889	chr10	39900849	39901275	CpG: 35	426	35	296	16.4	69.5	0.69
890	chr10	40017755	40018434	CpG: 83	679	83	497	24.4	73.2	0.91
891	chr10	40122725	40123185	CpG: 52	460	52	283	22.6	61.5	1.2
891	chr10	40176766	40178739	CpG: 170	1973	170	1221	17.2	61.9	0.9
891	chr10	40225036	40226156	CpG: 114	1120	114	732	20.4	65.4	0.98
894	chr10	40559149	40559653	CpG: 49	504	49	365	19.4	72.4	0.74
895	chr10	40759340	40760522	CpG: 135	1182	135	804	22.8	68	0.99
897	chr10	40946799	40947338	CpG: 40	539	40	333	14.8	61.8	0.78
899	chr10	41178850	41179315	CpG: 37	465	37	320	15.9	68.8	0.67
900	chr10	41326333	41326686	CpG: 43	353	43	256	24.4	72.5	0.94
900	chr10	41366041	41366799	CpG: 69	758	69	504	18.2	66.5	0.82
900	chr10	41394853	41395966	CpG: 130	1113	130	754	23.4	67.7	1.02
903	chr10	41685452	41685678	CpG: 18	226	18	122	15.9	54	1.09
903	chr10	41685866	41686551	CpG: 66	685	66	493	19.3	72	0.76
903	chr10	41763285	41763694	CpG: 57	409	57	308	27.9	75.3	0.98
904	chr10	41894029	41894506	CpG: 42	477	42	297	17.6	62.3	0.92
905	chr10	42072978	42073864	CpG: 66	886	66	555	14.9	62.6	0.77
906	chr10	42150727	42154549	CpG: 324	3822	324	2331	17	61	0.91
908	chr10	42354229	42354654	CpG: 39	425	39	279	18.4	65.6	0.85
908	chr10	42377834	42378714	CpG: 94	880	94	560	21.4	63.6	1.06
908	chr10	42448767	42449072	CpG: 24	305	24	190	15.7	62.3	0.82
908	chr10	42455584	42455887	CpG: 28	303	28	211	18.5	69.6	0.77
908	chr10	42458003	42460735	CpG: 174	2732	174	1593	12.7	58.3	0.75
909	chr10	42467525	42467943	CpG: 51	418	51	283	24.4	67.7	1.07
909	chr10	42490113	42490400	CpG: 27	287	27	201	18.8	70	0.77
909	chr10	42511870	42512250	CpG: 35	380	35	238	18.4	62.6	0.94
909	chr10	42554824	42555391	CpG: 49	567	49	340	17.3	60	0.96
910	chr10	42637370	42638318	CpG: 105	948	105	608	22.2	64.1	1.1
912	chr10	42897056	42898151	CpG: 125	1095	125	776	22.8	70.9	0.91
913	chr10	43049154	43051095	CpG: 143	1941	143	1079	14.7	55.6	0.96
913	chr10	43097044	43098030	CpG: 72	986	72	615	14.6	62.4	0.75
915	chr10	43332271	43332533	CpG: 18	262	18	153	13.7	58.4	0.82
915	chr10	43354379	43356091	CpG: 192	1712	192	1072	22.4	62.6	1.15
916	chr10	43386326	43386530	CpG: 16	204	16	123	15.7	60.3	0.88
916	chr10	43387317	43387641	CpG: 29	324	29	210	17.9	64.8	0.86
916	chr10	43416490	43417110	CpG: 55	620	55	422	17.7	68.1	0.77
916	chr10	43454335	43455594	CpG: 115	1259	115	816	18.3	64.8	0.87
918	chr10	43777297	43777865	CpG: 53	568	53	357	18.7	62.9	0.95
919	chr10	43879484	43880451	CpG: 109	967	109	675	22.5	69.8	0.93
920	chr10	44024517	44025098	CpG: 47	581	47	396	16.2	68.2	0.7
921	chr10	44144172	44144742	CpG: 58	570	58	359	20.4	63	1.04
923	chr10	44334546	44334889	CpG: 33	343	33	220	19.2	64.1	0.95
923	chr10	44405424	44405805	CpG: 32	381	32	228	16.8	59.8	0.94
927	chr10	44943127	44943660	CpG: 68	533	68	346	25.5	64.9	1.25
928	chr10	45034322	45034608	CpG: 23	286	23	169	16.1	59.1	0.94
929	chr10	45165397	45165892	CpG: 64	495	64	361	25.9	72.9	0.97
929	chr10	45211577	45212319	CpG: 79	742	79	422	21.3	56.9	1.33
931	chr10	45361777	45362964	CpG: 178	1187	178	844	30	71.1	1.19
931	chr10	45453862	45454550	CpG: 83	688	83	445	24.1	64.7	1.2
963	chr10	49659113	49659464	CpG: 26	351	26	191	14.8	54.4	1
963	chr10	49664579	49664963	CpG: 39	384	39	265	20.3	69	0.85
970	chr10	50468604	50469114	CpG: 67	510	67	372	26.3	72.9	1.02
972	chr10	50770338	50771428	CpG: 88	1090	88	692	16.1	63.5	0.8
972	chr10	50776807	50777248	CpG: 30	441	30	257	13.6	58.3	0.8
978	chr10	51553820	51554101	CpG: 25	281	25	190	17.8	67.6	0.78
980	chr10	51898496	51899090	CpG: 52	594	52	357	17.5	60.1	0.97
980	chr10	51903541	51904135	CpG: 46	594	46	351	15.5	59.1	0.9
982	chr10	52109490	52110435	CpG: 88	945	88	631	18.6	66.8	0.84
983	chr10	52257811	52258385	CpG: 54	574	54	347	18.8	60.5	1.04
983	chr10	52293479	52294385	CpG: 89	906	89	563	19.6	62.1	1.02
984	chr10	52421713	52422014	CpG: 27	301	27	205	17.9	68.1	0.77
986	chr10	52566514	52567718	CpG: 98	1204	98	822	16.3	68.3	0.7
990	chr10	53175221	53175437	CpG: 15	216	15	119	13.9	55.1	0.93
991	chr10	53255348	53255962	CpG: 74	614	74	456	24.1	74.3	0.87
992	chr10	53472635	53473953	CpG: 150	1318	150	878	22.8	66.6	1.03
993	chr10	53505526	53506377	CpG: 95	851	95	532	22.3	62.5	1.16
994	chr10	53627128	53627364	CpG: 41	236	41	186	34.7	78.8	1.13
996	chr10	53950725	53952261	CpG: 146	1536	146	1014	19	66	0.88
1012	chr10	55991240	55992036	CpG: 68	796	68	540	17.1	67.8	0.74
1013	chr10	56104749	56105075	CpG: 35	326	35	208	21.5	63.8	1.06
1022	chr10	57362285	57363053	CpG: 87	768	87	466	22.7	60.7	1.23
1022	chr10	57408114	57408701	CpG: 62	587	62	383	21.1	65.2	0.99
1023	chr10	57508113	57508316	CpG: 24	203	24	151	23.6	74.4	0.86
1024	chr10	57670827	57671096	CpG: 25	269	25	189	18.6	70.3	0.78
1028	chr10	58091166	58091562	CpG: 50	396	50	286	25.3	72.2	0.97
1028	chr10	58159071	58159647	CpG: 75	576	75	426	26	74	0.98
1029	chr10	58282547	58283271	CpG: 101	724	101	526	27.9	72.7	1.07
1030	chr10	58333685	58334010	CpG: 35	325	35	226	21.5	69.5	0.91
1032	chr10	58648080	58649921	CpG: 158	1841	158	1160	17.2	63	0.87
1035	chr10	59057096	59058609	CpG: 142	1513	142	1030	18.8	68.1	0.82
1035	chr10	59059043	59059253	CpG: 15	210	15	123	14.3	58.6	0.83
1036	chr10	59158848	59159744	CpG: 86	896	86	635	19.2	70.9	0.76
1036	chr10	59231440	59231681	CpG: 25	241	25	158	20.7	65.6	0.98
1038	chr10	59451945	59452557	CpG: 68	612	68	416	22.2	68	0.96
1039	chr10	59538168	59538621	CpG: 40	453	40	297	17.7	65.6	0.85
1040	chr10	59715171	59715803	CpG: 75	632	75	422	23.7	66.8	1.06
1041	chr10	59787053	59788217	CpG: 88	1164	88	739	15.1	63.5	0.75
1041	chr10	59838602	59839115	CpG: 53	513	53	350	20.7	68.2	0.89
1042	chr10	59942202	59943620	CpG: 104	1418	104	925	14.7	65.2	0.69
1042	chr10	60021629	60022470	CpG: 65	841	65	526	15.5	62.5	0.79
1043	chr10	60054580	60055129	CpG: 67	549	67	403	24.4	73.4	0.91
1043	chr10	60113279	60113769	CpG: 49	490	49	318	20	64.9	0.95
1043	chr10	60139102	60139316	CpG: 15	214	15	140	14	65.4	0.66
1044	chr10	60182606	60182838	CpG: 26	232	26	168	22.4	72.4	0.86
1046	chr10	60521726	60522120	CpG: 29	394	29	252	14.7	64	0.73
1046	chr10	60522366	60523033	CpG: 76	667	76	456	22.8	68.4	0.98
1046	chr10	60523317	60523559	CpG: 24	242	24	158	19.8	65.3	0.93
1047	chr10	60588366	60588724	CpG: 27	358	27	244	15.1	68.2	0.67
1047	chr10	60666325	60667589	CpG: 133	1264	133	829	21	65.6	0.98
1049	chr10	60925098	60925366	CpG: 22	268	22	193	16.4	72	0.64
1050	chr10	60982050	60983746	CpG: 140	1696	140	1208	16.5	71.2	0.72
1051	chr10	61081670	61081882	CpG: 20	212	20	138	18.9	65.1	0.92
1051	chr10	61108906	61109434	CpG: 69	528	69	403	26.1	76.3	0.9
1052	chr10	61218922	61219467	CpG: 55	545	55	391	20.2	71.7	0.8
1052	chr10	61254136	61254514	CpG: 36	378	36	246	19	65.1	0.9
1052	chr10	61287951	61288725	CpG: 70	774	70	442	18.1	57.1	1.12
1052	chr10	61311387	61312016	CpG: 61	629	61	433	19.4	68.8	0.82
1053	chr10	61430909	61431174	CpG: 33	265	33	204	24.9	77	0.85
1053	chr10	61461278	61462026	CpG: 72	748	72	496	19.3	66.3	0.88
1054	chr10	61484169	61484882	CpG: 64	713	64	416	18	58.3	1.06
1054	chr10	61515795	61516315	CpG: 58	520	58	373	22.3	71.7	0.88
1054	chr10	61531219	61532482	CpG: 152	1263	152	903	24.1	71.5	0.94
1054	chr10	61551053	61551357	CpG: 27	304	27	198	17.8	65.1	0.87
1055	chr10	61618900	61620144	CpG: 119	1244	119	824	19.1	66.2	0.87
1056	chr10	61813828	61815081	CpG: 109	1253	109	783	17.4	62.5	0.89
1057	chr10	61946483	61946879	CpG: 50	396	50	295	25.3	74.5	0.91
1057	chr10	61968557	61968826	CpG: 21	269	21	192	15.6	71.4	0.62
1057	chr10	61969403	61969667	CpG: 28	264	28	166	21.2	62.9	1.08
1058	chr10	62066428	62067266	CpG: 71	838	71	550	16.9	65.6	0.79
1058	chr10	62105495	62105760	CpG: 20	265	20	177	15.1	66.8	0.7
1059	chr10	62175704	62176213	CpG: 42	509	42	323	16.5	63.5	0.82
1060	chr10	62285207	62285785	CpG: 60	578	60	378	20.8	65.4	0.98
1060	chr10	62322067	62323113	CpG: 95	1046	95	697	18.2	66.6	0.82
1061	chr10	62413687	62414354	CpG: 75	667	75	451	22.5	67.6	0.99
1061	chr10	62437730	62438226	CpG: 51	496	51	328	20.6	66.1	0.95
1061	chr10	62486378	62487491	CpG: 98	1113	98	681	17.6	61.2	0.94
1062	chr10	62561484	62562032	CpG: 78	548	78	420	28.5	76.6	0.97
1062	chr10	62627425	62628324	CpG: 106	899	106	631	23.6	70.2	0.96
1063	chr10	62722567	62723128	CpG: 46	561	46	358	16.4	63.8	0.81
1063	chr10	62756298	62756798	CpG: 54	500	54	361	21.6	72.2	0.83
1063	chr10	62782630	62783025	CpG: 54	395	54	285	27.3	72.2	1.09
1064	chr10	62784909	62785116	CpG: 17	207	17	114	16.4	55.1	1.12
1064	chr10	62815956	62816589	CpG: 62	633	62	424	19.6	67	0.89
1064	chr10	62858800	62860072	CpG: 132	1272	132	850	20.8	66.8	0.95
1065	chr10	62935874	62936277	CpG: 59	403	59	292	29.3	72.5	1.12
1065	chr10	63028213	63028452	CpG: 16	239	16	146	13.4	61.1	0.72
1066	chr10	63079403	63080222	CpG: 75	819	75	574	18.3	70.1	0.75
1066	chr10	63173954	63175204	CpG: 173	1250	173	861	27.7	68.9	1.18
1067	chr10	63265338	63265946	CpG: 72	608	72	399	23.7	65.6	1.11
1068	chr10	63419393	63419654	CpG: 19	261	19	144	14.6	55.2	0.98
1095	chr10	66931959	66933251	CpG: 157	1292	157	894	24.3	69.2	1.02
1095	chr10	66962313	66963385	CpG: 138	1072	138	716	25.7	66.8	1.18
1097	chr10	67120543	67121128	CpG: 71	585	71	433	24.3	74	0.89
1099	chr10	67371101	67373570	CpG: 174	2469	174	1427	14.1	57.8	0.85
1099	chr10	67374129	67374939	CpG: 58	810	58	514	14.3	63.5	0.73
1099	chr10	67383870	67385082	CpG: 139	1212	139	824	22.9	68	0.99
1101	chr10	67748006	67748392	CpG: 39	386	39	224	20.2	58	1.2
1102	chr10	67815272	67815936	CpG: 56	664	56	446	16.9	67.2	0.75
1102	chr10	67877263	67877564	CpG: 20	301	20	173	13.3	57.5	0.81
1104	chr10	68112829	68113141	CpG: 29	312	29	206	18.6	66	0.85
1111	chr10	69048417	69049102	CpG: 61	685	61	467	17.8	68.2	0.77
1112	chr10	69105772	69106106	CpG: 26	334	26	197	15.6	59	0.92
1112	chr10	69188615	69188916	CpG: 29	301	29	199	19.3	66.1	0.88
1113	chr10	69234243	69235376	CpG: 98	1133	98	759	17.3	67	0.77
1116	chr10	69658039	69658254	CpG: 17	215	17	128	15.8	59.5	0.9
1117	chr10	69829925	69830252	CpG: 24	327	24	171	14.7	52.3	1.08
1118	chr10	69932499	69932940	CpG: 54	441	54	338	24.5	76.6	0.87
1118	chr10	69933364	69933842	CpG: 37	478	37	337	15.5	70.5	0.64
1119	chr10	70024834	70025370	CpG: 43	536	43	328	16	61.2	0.92
1119	chr10	70080753	70081360	CpG: 45	607	45	364	14.8	60	0.83
1122	chr10	70434447	70435986	CpG: 170	1539	170	1013	22.1	65.8	1.03
1126	chr10	70994852	70995890	CpG: 129	1038	129	763	24.9	73.5	0.92
1127	chr10	71073467	71074003	CpG: 65	536	65	375	24.3	70	0.99
1127	chr10	71120562	71121423	CpG: 85	861	85	595	19.7	69.1	0.83
1128	chr10	71180319	71180936	CpG: 68	617	68	431	22	69.9	0.91
1128	chr10	71183374	71184374	CpG: 97	1000	97	714	19.4	71.4	0.76
1128	chr10	71217256	71217629	CpG: 28	373	28	204	15	54.7	1.01
1138	chr10	72490589	72490873	CpG: 30	284	30	172	21.1	60.6	1.2
1141	chr10	72934960	72936035	CpG: 112	1075	112	744	20.8	69.2	0.87
1155	chr10	74761308	74761561	CpG: 19	253	19	147	15	58.1	0.9
1155	chr10	74802735	74803307	CpG: 73	572	73	384	25.5	67.1	1.13
1155	chr10	74827234	74827559	CpG: 25	325	25	197	15.4	60.6	0.85
1156	chr10	74872798	74873132	CpG: 31	334	31	218	18.6	65.3	0.87
1156	chr10	74896216	74898041	CpG: 189	1825	189	1190	20.7	65.2	0.97
1157	chr10	75047736	75048279	CpG: 71	543	71	414	26.2	76.2	0.9
1158	chr10	75152737	75153544	CpG: 77	807	77	524	19.1	64.9	0.91
1159	chr10	75352882	75353119	CpG: 25	237	25	172	21.1	72.6	0.8
1159	chr10	75353861	75354180	CpG: 24	319	24	183	15	57.4	0.93
1160	chr10	75395683	75396189	CpG: 68	506	68	381	26.9	75.3	0.95
1161	chr10	75503239	75503971	CpG: 69	732	69	481	18.9	65.7	0.88
1161	chr10	75599911	75600316	CpG: 44	405	44	270	21.7	66.7	0.98
1161	chr10	75609032	75609284	CpG: 21	252	21	164	16.7	65.1	0.83
1162	chr10	75673025	75673349	CpG: 22	324	22	194	13.6	59.9	0.77
1162	chr10	75695506	75696174	CpG: 53	668	53	439	15.9	65.7	0.73
1162	chr10	75729060	75729425	CpG: 38	365	38	252	20.8	69	0.87
1162	chr10	75756973	75757777	CpG: 86	804	86	533	21.4	66.3	0.97
1163	chr10	75771657	75772187	CpG: 40	530	40	349	15.1	65.8	0.7
1163	chr10	75868322	75868688	CpG: 46	366	46	270	25.1	73.8	0.95
1165	chr10	76073589	76073987	CpG: 30	398	30	239	15.1	60.1	0.84
1166	chr10	76180595	76181403	CpG: 97	808	97	601	24	74.4	0.87
1166	chr10	76210795	76211069	CpG: 20	274	20	175	14.6	63.9	0.72
1166	chr10	76278129	76278925	CpG: 77	796	77	508	19.3	63.8	0.97
1167	chr10	76304509	76305032	CpG: 49	523	49	325	18.7	62.1	0.97
1167	chr10	76367219	76367562	CpG: 37	343	37	242	21.6	70.6	0.87
1168	chr10	76432168	76432619	CpG: 37	451	37	287	16.4	63.6	0.81
1168	chr10	76450211	76450460	CpG: 20	249	20	152	16.1	61	0.86
1168	chr10	76459114	76459330	CpG: 23	216	23	162	21.3	75	0.8
1170	chr10	76797464	76797966	CpG: 59	502	59	356	23.5	70.9	0.94
1171	chr10	76868313	76869311	CpG: 69	998	69	620	13.8	62.1	0.74
1172	chr10	77001383	77002016	CpG: 52	633	52	401	16.4	63.3	0.83
1173	chr10	77094740	77095679	CpG: 88	939	88	590	18.7	62.8	0.95
1173	chr10	77101616	77101834	CpG: 17	218	17	136	15.6	62.4	0.81
1174	chr10	77253604	77254368	CpG: 104	764	104	509	27.2	66.6	1.23
1175	chr10	77351393	77351929	CpG: 63	536	63	353	23.5	65.9	1.08
1175	chr10	77417411	77417959	CpG: 57	548	57	373	20.8	68.1	0.9
1175	chr10	77441782	77442651	CpG: 105	869	105	593	24.2	68.2	1.05
1175	chr10	77457913	77458698	CpG: 94	785	94	542	23.9	69	1.01
1176	chr10	77500103	77500421	CpG: 26	318	26	203	16.4	63.8	0.8
1176	chr10	77513515	77513851	CpG: 35	336	35	223	20.8	66.4	0.95
1178	chr10	77737921	77738371	CpG: 42	450	42	275	18.7	61.1	1
1178	chr10	77814106	77814660	CpG: 59	554	59	381	21.3	68.8	0.91
1178	chr10	77845150	77845798	CpG: 57	648	57	440	17.6	67.9	0.77
1178	chr10	77854704	77854965	CpG: 19	261	19	156	14.6	59.8	0.82
1179	chr10	77879245	77879517	CpG: 25	272	25	172	18.4	63.2	0.92
1179	chr10	77904947	77905674	CpG: 66	727	66	493	18.2	67.8	0.79
1180	chr10	78005280	78005710	CpG: 37	430	37	298	17.2	69.3	0.73
1180	chr10	78020820	78021128	CpG: 31	308	31	176	20.1	57.1	1.28
1180	chr10	78080000	78080677	CpG: 60	677	60	391	17.7	57.8	1.07
1181	chr10	78187743	78188359	CpG: 93	616	93	437	30.2	70.9	1.2
1181	chr10	78248463	78248955	CpG: 55	492	55	321	22.4	65.2	1.05
1182	chr10	78300341	78300911	CpG: 52	570	52	385	18.2	67.5	0.8
1182	chr10	78317832	78318206	CpG: 30	374	30	240	16	64.2	0.78
1183	chr10	78410073	78410296	CpG: 25	223	25	133	22.4	59.6	1.35
1183	chr10	78410535	78410873	CpG: 24	338	24	203	14.2	60.1	0.82
1183	chr10	78427527	78427764	CpG: 23	237	23	159	19.4	67.1	0.86
1184	chr10	78588223	78588785	CpG: 59	562	59	386	21	68.7	0.89
1184	chr10	78616192	78616441	CpG: 21	249	21	149	16.9	59.8	0.95
1190	chr10	79369206	79369748	CpG: 42	542	42	370	15.5	68.3	0.67
1190	chr10	79390288	79391089	CpG: 82	801	82	489	20.5	61	1.1
1191	chr10	79448115	79448326	CpG: 18	211	18	148	17.1	70.1	0.7
1191	chr10	79449612	79449924	CpG: 46	312	46	232	29.5	74.4	1.07
1191	chr10	79473096	79473929	CpG: 98	833	98	577	23.5	69.3	0.98
1191	chr10	79505140	79505806	CpG: 76	666	76	442	22.8	66.4	1.04
1191	chr10	79511236	79511712	CpG: 41	476	41	319	17.2	67	0.77
1191	chr10	79517527	79518182	CpG: 98	655	98	494	29.9	75.4	1.05
1191	chr10	79540159	79540508	CpG: 33	349	33	205	18.9	58.7	1.1
1191	chr10	79552095	79553874	CpG: 169	1779	169	1131	19	63.6	0.95
1191	chr10	79560302	79560623	CpG: 26	321	26	178	16.2	55.5	1.05
1192	chr10	79570916	79571997	CpG: 121	1081	121	795	22.4	73.5	0.85
1192	chr10	79575147	79575427	CpG: 26	280	26	187	18.6	66.8	0.85
1192	chr10	79582305	79582547	CpG: 27	242	27	169	22.3	69.8	0.92
1192	chr10	79590842	79591130	CpG: 33	288	33	206	22.9	71.5	0.9
1192	chr10	79602296	79603600	CpG: 130	1304	130	859	19.9	65.9	0.93
1192	chr10	79612967	79613292	CpG: 25	325	25	201	15.4	61.8	0.81
1192	chr10	79615770	79616053	CpG: 35	283	35	196	24.7	69.3	1.04
1192	chr10	79629310	79629686	CpG: 45	376	45	217	23.9	57.7	1.46
1192	chr10	79654821	79655044	CpG: 17	223	17	145	15.2	65	0.72
1192	chr10	79655238	79655541	CpG: 22	303	22	202	14.5	66.7	0.69
1192	chr10	79689906	79691183	CpG: 126	1277	126	796	19.7	62.3	1.03
1193	chr10	79710089	79710547	CpG: 58	458	58	313	25.3	68.3	1.08
1193	chr10	79717895	79718123	CpG: 19	228	19	145	16.7	63.6	0.85
1193	chr10	79735019	79735258	CpG: 18	239	18	153	15.1	64	0.74
1193	chr10	79738846	79739122	CpG: 24	276	24	174	17.4	63	0.88
1193	chr10	79744551	79744754	CpG: 31	203	31	153	30.5	75.4	1.2
1193	chr10	79752641	79753018	CpG: 35	377	35	265	18.6	70.3	0.76
1193	chr10	79756864	79757822	CpG: 76	958	76	600	15.9	62.6	0.81
1193	chr10	79762418	79763670	CpG: 106	1252	106	774	16.9	61.8	0.89
1193	chr10	79795702	79796391	CpG: 60	689	60	441	17.4	64	0.86
1193	chr10	79806799	79807198	CpG: 50	399	50	297	25.1	74.4	0.91
1193	chr10	79812617	79813605	CpG: 89	988	89	692	18	70	0.74
1193	chr10	79814225	79814431	CpG: 16	206	16	137	15.5	66.5	0.71
1193	chr10	79819754	79820247	CpG: 76	493	76	371	30.8	75.3	1.09
1194	chr10	79824215	79824665	CpG: 55	450	55	321	24.4	71.3	0.96
1194	chr10	79849452	79849772	CpG: 23	320	23	210	14.4	65.6	0.67
1194	chr10	79875334	79875719	CpG: 44	385	44	254	22.9	66	1.06
1194	chr10	79889145	79890046	CpG: 100	901	100	619	22.2	68.7	0.95
1194	chr10	79893477	79893711	CpG: 20	234	20	150	17.1	64.1	0.85
1194	chr10	79938148	79938598	CpG: 56	450	56	324	24.9	72	0.97
1194	chr10	79951174	79952774	CpG: 172	1600	172	1026	21.5	64.1	1.05
1194	chr10	79953018	79953226	CpG: 19	208	19	134	18.3	64.4	0.96
1195	chr10	79967258	79968068	CpG: 76	810	76	534	18.8	65.9	0.86
1195	chr10	79974603	79975379	CpG: 88	776	88	545	22.7	70.2	0.92
1195	chr10	79977187	79977448	CpG: 28	261	28	183	21.5	70.1	0.88
1195	chr10	79978129	79978358	CpG: 27	229	27	153	23.6	66.8	1.09
1195	chr10	79984009	79986869	CpG: 239	2860	239	1885	16.7	65.9	0.77
1195	chr10	79995659	79996064	CpG: 41	405	41	275	20.2	67.9	0.88
1195	chr10	80000418	80000696	CpG: 31	278	31	203	22.3	73	0.84
1195	chr10	80003364	80004176	CpG: 93	812	93	552	22.9	68	1
1195	chr10	80007632	80007866	CpG: 23	234	23	165	19.7	70.5	0.8
1195	chr10	80015128	80015712	CpG: 63	584	63	337	21.6	57.7	1.3
1195	chr10	80022555	80022806	CpG: 22	251	22	164	17.5	65.3	0.82
1195	chr10	80026275	80027001	CpG: 64	726	64	440	17.6	60.6	0.96
1195	chr10	80044692	80044928	CpG: 20	236	20	145	16.9	61.4	0.9
1195	chr10	80062170	80062766	CpG: 61	596	61	411	20.5	69	0.9
1196	chr10	80085147	80085386	CpG: 25	239	25	154	20.9	64.4	1.06
1196	chr10	80096570	80096931	CpG: 36	361	36	253	19.9	70.1	0.84
1196	chr10	80100679	80101011	CpG: 60	332	60	260	36.1	78.3	1.2
1196	chr10	80128144	80128737	CpG: 65	593	65	400	21.9	67.5	0.96
1196	chr10	80140608	80140925	CpG: 27	317	27	207	17	65.3	0.83
1196	chr10	80142004	80142331	CpG: 25	327	25	213	15.3	65.1	0.72
1196	chr10	80148327	80149211	CpG: 57	884	57	574	12.9	64.9	0.61
1196	chr10	80150842	80151387	CpG: 42	545	42	363	15.4	66.6	0.71
1196	chr10	80155966	80156448	CpG: 48	482	48	313	19.9	64.9	0.98
1196	chr10	80159374	80159668	CpG: 26	294	26	218	17.7	74.1	0.64
1196	chr10	80171316	80171545	CpG: 17	229	17	159	14.8	69.4	0.63
1196	chr10	80177001	80178852	CpG: 116	1851	116	1185	12.5	64	0.62
1196	chr10	80184214	80184545	CpG: 35	331	35	240	21.1	72.5	0.81
1196	chr10	80184853	80185164	CpG: 24	311	24	218	15.4	70.1	0.71
1196	chr10	80192224	80192869	CpG: 76	645	76	448	23.6	69.5	0.98
1197	chr10	80217394	80218399	CpG: 79	1005	79	676	15.7	67.3	0.7
1197	chr10	80222460	80223741	CpG: 141	1281	141	810	22	63.2	1.11
1197	chr10	80231130	80231455	CpG: 23	325	23	195	14.2	60	0.79
1197	chr10	80234559	80235781	CpG: 130	1222	130	813	21.3	66.5	0.98
1197	chr10	80242547	80242748	CpG: 18	201	18	120	17.9	59.7	1.01
1197	chr10	80248627	80248890	CpG: 26	263	26	180	19.8	68.4	0.84
1197	chr10	80268884	80270047	CpG: 104	1163	104	698	17.9	60	1
1197	chr10	80307706	80307994	CpG: 24	288	24	197	16.7	68.4	0.72
1197	chr10	80311058	80311534	CpG: 41	476	41	257	17.2	54	1.19
1197	chr10	80327018	80327268	CpG: 32	250	32	177	25.6	70.8	1.04
1197	chr10	80330619	80332016	CpG: 136	1397	136	897	19.5	64.2	0.95
1198	chr10	80396770	80397721	CpG: 88	951	88	600	18.5	63.1	0.93
1198	chr10	80404823	80405094	CpG: 28	271	28	182	20.7	67.2	0.95
1198	chr10	80412654	80413898	CpG: 134	1244	134	835	21.5	67.1	0.97
1198	chr10	80419676	80419894	CpG: 16	218	16	132	14.7	60.6	0.8
1198	chr10	80422356	80422820	CpG: 49	464	49	332	21.1	71.6	0.83
1198	chr10	80438639	80439032	CpG: 49	393	49	262	24.9	66.7	1.14
1198	chr10	80442322	80442782	CpG: 31	460	31	290	13.5	63	0.69
1198	chr10	80457810	80458944	CpG: 123	1134	123	701	21.7	61.8	1.16
1198	chr10	80470143	80470387	CpG: 20	244	20	151	16.4	61.9	0.9
1198	chr10	80474222	80474599	CpG: 27	377	27	234	14.3	62.1	0.74
1199	chr10	80491941	80492375	CpG: 54	434	54	278	24.9	64.1	1.21
1199	chr10	80511611	80512697	CpG: 109	1086	109	689	20.1	63.4	1
1199	chr10	80526973	80527266	CpG: 27	293	27	181	18.4	61.8	0.97
1199	chr10	80537541	80537951	CpG: 46	410	46	291	22.4	71	0.89
1199	chr10	80538374	80538696	CpG: 30	322	30	219	18.6	68	0.84
1199	chr10	80577637	80577982	CpG: 43	345	43	245	24.9	71	0.99
1199	chr10	80590767	80591513	CpG: 68	746	68	385	18.2	51.6	1.37
1200	chr10	80633520	80634883	CpG: 154	1363	154	900	22.6	66	1.04
1200	chr10	80642863	80643484	CpG: 65	621	65	436	20.9	70.2	0.85
1200	chr10	80662088	80663071	CpG: 95	983	95	590	19.3	60	1.07
1200	chr10	80670183	80671876	CpG: 145	1693	145	1122	17.1	66.3	0.78
1200	chr10	80679482	80680137	CpG: 49	655	49	384	15	58.6	0.87
1200	chr10	80690800	80691577	CpG: 80	777	80	511	20.6	65.8	0.97
1200	chr10	80724075	80724408	CpG: 35	333	35	228	21	68.5	0.9
1200	chr10	80733733	80734082	CpG: 32	349	32	231	18.3	66.2	0.84
1200	chr10	80735969	80736838	CpG: 79	869	79	557	18.2	64.1	0.91
1201	chr10	80753707	80754137	CpG: 44	430	44	239	20.5	55.6	1.34
1201	chr10	80764513	80766495	CpG: 130	1982	130	1128	13.1	56.9	0.81
1201	chr10	80768027	80768283	CpG: 18	256	18	153	14.1	59.8	0.83
1201	chr10	80772359	80772570	CpG: 25	211	25	159	23.7	75.4	0.84
1201	chr10	80821545	80821868	CpG: 25	323	25	218	15.5	67.5	0.69
1201	chr10	80850715	80850976	CpG: 20	261	20	175	15.3	67	0.71
1201	chr10	80857647	80858225	CpG: 45	578	45	354	15.6	61.2	0.84
1201	chr10	80866946	80867499	CpG: 43	553	43	370	15.6	66.9	0.7
1202	chr10	80895709	80896139	CpG: 39	430	39	267	18.1	62.1	0.96
1202	chr10	80905735	80906129	CpG: 46	394	46	266	23.4	67.5	1.03
1202	chr10	80915745	80916058	CpG: 23	313	23	197	14.7	62.9	0.75
1202	chr10	80941559	80942125	CpG: 51	566	51	322	18	56.9	1.12
1202	chr10	80965202	80965415	CpG: 22	213	22	156	20.7	73.2	0.77
1202	chr10	80971141	80971394	CpG: 25	253	25	176	19.8	69.6	0.82
1202	chr10	80971853	80974001	CpG: 196	2148	196	1364	18.2	63.5	0.91
1202	chr10	80979799	80980831	CpG: 91	1032	91	688	17.6	66.7	0.79
1202	chr10	80983828	80984428	CpG: 53	600	53	354	17.7	59	1.02
1202	chr10	80989212	80990200	CpG: 76	988	76	627	15.4	63.5	0.76
1203	chr10	81003456	81003807	CpG: 38	351	38	236	21.7	67.2	0.99
1203	chr10	81012290	81012889	CpG: 70	599	70	411	23.4	68.6	0.99
1203	chr10	81018704	81019013	CpG: 33	309	33	193	21.4	62.5	1.14
1203	chr10	81025848	81026309	CpG: 40	461	40	282	17.4	61.2	0.93
1203	chr10	81028193	81028909	CpG: 100	716	100	522	27.9	72.9	1.06
1203	chr10	81068857	81069239	CpG: 45	382	45	291	23.6	76.2	0.86
1203	chr10	81075778	81076045	CpG: 26	267	26	197	19.5	73.8	0.73
1203	chr10	81093100	81093691	CpG: 51	591	51	394	17.3	66.7	0.78
1203	chr10	81102436	81102808	CpG: 38	372	38	247	20.4	66.4	0.93
1203	chr10	81121550	81121932	CpG: 45	382	45	262	23.6	68.6	1
1203	chr10	81128631	81129347	CpG: 86	716	86	503	24	70.3	0.97
1204	chr10	81156080	81156392	CpG: 21	312	21	184	13.5	59	0.85
1204	chr10	81156503	81157419	CpG: 84	916	84	547	18.3	59.7	1.03
1204	chr10	81158372	81158610	CpG: 20	238	20	162	16.8	68.1	0.73
1204	chr10	81161078	81161784	CpG: 51	706	51	433	14.4	61.3	0.77
1204	chr10	81168290	81169021	CpG: 67	731	67	497	18.3	68	0.79
1204	chr10	81173714	81174117	CpG: 40	403	40	228	19.9	56.6	1.29
1204	chr10	81178809	81179427	CpG: 60	618	60	397	19.4	64.2	0.95
1204	chr10	81182388	81182895	CpG: 53	507	53	343	20.9	67.7	0.91
1204	chr10	81185910	81186530	CpG: 70	620	70	437	22.6	70.5	0.92
1204	chr10	81193209	81193788	CpG: 81	579	81	424	28	73.2	1.05
1204	chr10	81199828	81200786	CpG: 69	958	69	553	14.4	57.7	0.87
1204	chr10	81213981	81214890	CpG: 80	909	80	581	17.6	63.9	0.87
1204	chr10	81220022	81220482	CpG: 44	460	44	278	19.1	60.4	1.05
1204	chr10	81256100	81256619	CpG: 43	519	43	328	16.6	63.2	0.84
1205	chr10	81265888	81267073	CpG: 133	1185	133	768	22.4	64.8	1.07
1205	chr10	81318192	81318630	CpG: 54	438	54	320	24.7	73.1	0.93
1205	chr10	81331877	81332335	CpG: 39	458	39	236	17	51.5	1.28
1205	chr10	81335017	81335371	CpG: 25	354	25	235	14.1	66.4	0.64
1205	chr10	81338644	81338934	CpG: 38	290	38	196	26.2	67.6	1.15
1205	chr10	81380371	81381397	CpG: 118	1026	118	662	23	64.5	1.11
1205	chr10	81395208	81395519	CpG: 46	311	46	216	29.6	69.5	1.24
1206	chr10	81406693	81406926	CpG: 24	233	24	158	20.6	67.8	0.96
1206	chr10	81411006	81411231	CpG: 27	225	27	172	24	76.4	0.82
1206	chr10	81423519	81423920	CpG: 27	401	27	262	13.5	65.3	0.63
1206	chr10	81436796	81437017	CpG: 19	221	19	145	17.2	65.6	0.8
1206	chr10	81463244	81463481	CpG: 26	237	26	148	21.9	62.4	1.14
1206	chr10	81479125	81479769	CpG: 75	644	75	440	23.3	68.3	1.01
1206	chr10	81484867	81485221	CpG: 36	354	36	239	20.3	67.5	0.91
1206	chr10	81523195	81523582	CpG: 38	387	38	255	19.6	65.9	0.93
1207	chr10	81540712	81540991	CpG: 32	279	32	191	22.9	68.5	0.98
1207	chr10	81606678	81606972	CpG: 30	294	30	190	20.4	64.6	0.99
1207	chr10	81647963	81648338	CpG: 38	375	38	252	20.3	67.2	0.92
1208	chr10	81682299	81682686	CpG: 38	387	38	255	19.6	65.9	0.93
1208	chr10	81699821	81700100	CpG: 32	279	32	191	22.9	68.5	0.98
1208	chr10	81766016	81766310	CpG: 30	294	30	190	20.4	64.6	0.99
1209	chr10	81814454	81814829	CpG: 39	375	39	253	20.8	67.5	0.94
1209	chr10	81832929	81833208	CpG: 32	279	32	191	22.9	68.5	0.98
1209	chr10	81919201	81919504	CpG: 32	303	32	198	21.1	65.3	1
1210	chr10	81963793	81964186	CpG: 39	393	39	261	19.8	66.4	0.93
1210	chr10	82014126	82014374	CpG: 28	248	28	167	22.6	67.3	1.01
1212	chr10	82190199	82190452	CpG: 25	253	25	163	19.8	64.4	0.96
1214	chr10	82458494	82459082	CpG: 53	588	53	392	18	66.7	0.81
1214	chr10	82465539	82466152	CpG: 83	613	83	448	27.1	73.1	1.01
1214	chr10	82534816	82535658	CpG: 95	842	95	595	22.6	70.7	0.91
1215	chr10	82599196	82600155	CpG: 105	959	105	599	21.9	62.5	1.13
1215	chr10	82647790	82648209	CpG: 50	419	50	312	23.9	74.5	0.87
1215	chr10	82694825	82695264	CpG: 40	439	40	279	18.2	63.6	0.93
1215	chr10	82696053	82696525	CpG: 43	472	43	310	18.2	65.7	0.86
1216	chr10	82790197	82790505	CpG: 30	308	30	198	19.5	64.3	0.94
1216	chr10	82820998	82821710	CpG: 64	712	64	422	18	59.3	1.03
1218	chr10	83027125	83027547	CpG: 32	422	32	253	15.2	60	0.86
1219	chr10	83173018	83173841	CpG: 106	823	106	611	25.8	74.2	0.95
1219	chr10	83195872	83196684	CpG: 79	812	79	554	19.5	68.2	0.85
1221	chr10	83379624	83380216	CpG: 65	592	65	375	22	63.3	1.1
1221	chr10	83484325	83484781	CpG: 50	456	50	338	21.9	74.1	0.8
1222	chr10	83558677	83559093	CpG: 42	416	42	264	20.2	63.5	1.01
1227	chr10	84276087	84277319	CpG: 115	1232	115	844	18.7	68.5	0.8
1228	chr10	84369377	84370015	CpG: 101	638	101	501	31.7	78.5	1.04
1229	chr10	84412137	84413324	CpG: 82	1187	82	729	13.8	61.4	0.73
1229	chr10	84458094	84458540	CpG: 38	446	38	271	17	60.8	0.93
1230	chr10	84590703	84591685	CpG: 74	982	74	607	15.1	61.8	0.79
1230	chr10	84592585	84592975	CpG: 40	390	40	252	20.5	64.6	1.01
1230	chr10	84594855	84595233	CpG: 32	378	32	225	16.9	59.5	0.96
1230	chr10	84595949	84596192	CpG: 25	243	25	165	20.6	67.9	0.91
1231	chr10	84753617	84753837	CpG: 23	220	23	148	20.9	67.3	0.94
1233	chr10	84938284	84939102	CpG: 92	818	92	570	22.5	69.7	0.94
1233	chr10	85020115	85021264	CpG: 149	1149	149	817	25.9	71.1	1.03
1235	chr10	85222610	85224120	CpG: 133	1510	133	963	17.6	63.8	0.87
1236	chr10	85434509	85434732	CpG: 23	223	23	149	20.6	66.8	0.93
1238	chr10	85665194	85665515	CpG: 35	321	35	225	21.8	70.1	0.89
1238	chr10	85707687	85708173	CpG: 46	486	46	321	18.9	66	0.87
1239	chr10	85752286	85753086	CpG: 97	800	97	585	24.2	73.1	0.92
1239	chr10	85764289	85764782	CpG: 64	493	64	338	26	68.6	1.1
1239	chr10	85793267	85793748	CpG: 43	481	43	305	17.9	63.4	0.89
1240	chr10	85857634	85858281	CpG: 80	647	80	457	24.7	70.6	0.99
1242	chr10	86136128	86136701	CpG: 51	573	51	353	17.8	61.6	0.94
1245	chr10	86521327	86521662	CpG: 37	335	37	228	22.1	68.1	0.96
1245	chr10	86540725	86541830	CpG: 93	1105	93	691	16.8	62.5	0.87
1245	chr10	86614841	86615395	CpG: 57	554	57	341	20.6	61.6	1.09
1246	chr10	86744603	86744982	CpG: 31	379	31	251	16.4	66.2	0.86
1247	chr10	86894247	86894475	CpG: 25	228	25	166	21.9	72.8	0.83
1251	chr10	87328307	87329815	CpG: 129	1508	129	899	17.1	59.6	0.96
1256	chr10	87982480	87983059	CpG: 55	579	55	370	19	63.9	0.93
1257	chr10	88192678	88193165	CpG: 41	487	41	274	16.8	56.3	1.08
1258	chr10	88214934	88215617	CpG: 85	683	85	501	24.9	73.4	0.93
1258	chr10	88295356	88295853	CpG: 34	497	34	329	13.7	66.2	0.67
1260	chr10	88566469	88567012	CpG: 36	543	36	298	13.3	54.9	0.88
1260	chr10	88567137	88567952	CpG: 78	815	78	530	19.1	65	0.92
1261	chr10	88662343	88662754	CpG: 37	411	37	265	18	64.5	0.88
1261	chr10	88721679	88722417	CpG: 59	738	59	468	16	63.4	0.8
1265	chr10	89180485	89180997	CpG: 58	512	58	374	22.7	73	0.85
158	chr10	89521597	89522295	CpG: 64	698	64	471	18.3	67.5	0.81
1268	chr10	89567894	89568324	CpG: 37	430	37	239	17.2	55.6	1.11
1268	chr10	89580999	89581671	CpG: 72	672	72	452	21.4	67.3	0.95
1269	chr10	89708797	89709418	CpG: 79	621	79	461	25.4	74.2	0.94
1270	chr10	89885657	89886034	CpG: 30	377	30	218	15.9	57.8	0.95
1271	chr10	89970957	89971253	CpG: 27	296	27	207	18.2	69.9	0.75
1276	chr10	90664779	90665764	CpG: 99	985	99	583	20.1	59.2	1.15
1277	chr10	90805362	90806009	CpG: 68	647	68	443	21	68.5	0.9
1278	chr10	90918162	90919242	CpG: 92	1080	92	693	17	64.2	0.83
1278	chr10	90937840	90938079	CpG: 21	239	21	122	17.6	51	1.37
1278	chr10	90959289	90960055	CpG: 82	766	82	535	21.4	69.8	0.88
1279	chr10	91006563	91007965	CpG: 181	1402	181	1005	25.8	71.7	1.01
1279	chr10	91017361	91017873	CpG: 55	512	55	316	21.5	61.7	1.14
1291	chr10	92557931	92558334	CpG: 45	403	45	270	22.3	67	1
1294	chr10	92996516	92997528	CpG: 105	1012	105	624	20.8	61.7	1.11
1295	chr10	93145974	93146425	CpG: 31	451	31	278	13.7	61.6	0.74
1295	chr10	93146913	93147139	CpG: 39	226	39	193	34.5	85.4	0.98
1296	chr10	93289232	93289750	CpG: 50	518	50	342	19.3	66	0.93
1297	chr10	93375649	93375859	CpG: 21	210	21	147	20	70	0.84
1297	chr10	93425105	93425560	CpG: 60	455	60	317	26.4	69.7	1.09
1298	chr10	93476684	93477389	CpG: 83	705	83	504	23.5	71.5	0.92
1299	chr10	93669532	93670254	CpG: 78	722	78	499	21.6	69.1	0.92
1299	chr10	93681742	93682295	CpG: 38	553	38	298	13.7	53.9	0.95
1300	chr10	93725035	93725727	CpG: 54	692	54	404	15.6	58.4	0.92
1301	chr10	93871201	93872421	CpG: 128	1220	128	822	21	67.4	0.93
1302	chr10	93983661	93984250	CpG: 63	589	63	419	21.4	71.1	0.85
1302	chr10	94034760	94034980	CpG: 26	220	26	148	23.6	67.3	1.05
1303	chr10	94147845	94148337	CpG: 40	492	40	326	16.3	66.3	0.75
1304	chr10	94350558	94351400	CpG: 102	842	102	628	24.2	74.6	0.87
1306	chr10	94524158	94524988	CpG: 95	830	95	591	22.9	71.2	0.9
1308	chr10	94779462	94780738	CpG: 145	1276	145	872	22.7	68.3	0.98
1308	chr10	94781085	94781428	CpG: 31	343	31	245	18.1	71.4	0.73
1311	chr10	95159350	95159864	CpG: 44	514	44	315	17.1	61.3	0.93
1311	chr10	95250248	95252957	CpG: 201	2709	201	1693	14.8	62.5	0.76
1312	chr10	95337578	95337835	CpG: 27	257	27	167	21	65	1.01
1312	chr10	95350524	95351755	CpG: 145	1231	145	817	23.6	66.4	1.07
1312	chr10	95399107	95400219	CpG: 92	1112	92	593	16.5	53.3	1.17
1315	chr10	95776422	95777194	CpG: 80	772	80	504	20.7	65.3	0.97
1320	chr10	96452346	96453646	CpG: 136	1300	136	889	20.9	68.4	0.9
1320	chr10	96453897	96454101	CpG: 17	204	17	108	16.7	52.9	1.2
1338	chr10	98749695	98751769	CpG: 245	2074	245	1448	23.6	69.8	0.97
1339	chr10	98942643	98943603	CpG: 115	960	115	680	24	70.8	0.96
1341	chr10	99097358	99100043	CpG: 195	2685	195	1555	14.5	57.9	0.87
1346	chr10	99851318	99852502	CpG: 93	1184	93	755	15.7	63.8	0.78
1350	chr10	100323009	100323672	CpG: 58	663	58	429	17.5	64.7	0.84
1351	chr10	100424812	100425201	CpG: 31	389	31	246	15.9	63.2	0.8
1369	chr10	102864026	102864390	CpG: 30	364	30	231	16.5	63.5	0.82
1372	chr10	103203429	103203633	CpG: 19	204	19	149	18.6	73	0.7
1389	chr10	105409301	105410311	CpG: 90	1010	90	640	17.8	63.4	0.92
1389	chr10	105410711	105410919	CpG: 21	208	21	122	20.2	58.7	1.24
1390	chr10	105635694	105636020	CpG: 25	326	25	195	15.3	59.8	0.87
1391	chr10	105676943	105677727	CpG: 78	784	78	516	19.9	65.8	0.92
1402	chr10	107107731	107108468	CpG: 55	737	55	497	14.9	67.4	0.66
1408	chr10	107997443	107998734	CpG: 127	1291	127	788	19.7	61	1.06
1410	chr10	108167698	108169256	CpG: 196	1558	196	1098	25.2	70.5	1.01
1426	chr10	110291469	110291911	CpG: 60	442	60	285	27.1	64.5	1.31
1428	chr10	110580783	110581634	CpG: 97	851	97	571	22.8	67.1	1.02
178	chr10	110755613	110756144	CpG: 58	531	58	357	21.8	67.2	0.97
1430	chr10	110845316	110846299	CpG: 110	983	110	654	22.4	66.5	1.02
1431	chr10	111000480	111001537	CpG: 106	1057	106	720	20.1	68.1	0.87
1432	chr10	111134295	111134701	CpG: 41	406	41	272	20.2	67	0.9
1434	chr10	111308829	111309687	CpG: 97	858	97	554	22.6	64.6	1.11
1434	chr10	111341998	111342758	CpG: 89	760	89	538	23.4	70.8	0.95
1438	chr10	111808535	111809173	CpG: 49	638	49	382	15.4	59.9	0.87
1440	chr10	112107741	112108154	CpG: 42	413	42	279	20.3	67.6	0.89
1445	chr10	112764633	112765001	CpG: 40	368	40	230	21.7	62.5	1.13
1459	chr10	114636344	114638106	CpG: 145	1762	145	1075	16.5	61	0.88
1463	chr10	115086963	115087590	CpG: 56	627	56	379	17.9	60.4	0.98
1463	chr10	115151317	115151612	CpG: 37	295	37	212	25.1	71.9	0.98
1463	chr10	115198297	115198498	CpG: 25	201	25	135	24.9	67.2	1.11
1464	chr10	115220156	115221866	CpG: 158	1710	158	1088	18.5	63.6	0.92
1465	chr10	115423303	115423814	CpG: 44	511	44	328	17.2	64.2	0.84
1469	chr10	115949343	115950246	CpG: 65	903	65	576	14.4	63.8	0.72
1471	chr10	116137281	116137484	CpG: 31	203	31	159	30.5	78.3	1
1471	chr10	116254005	116254302	CpG: 20	297	20	185	13.5	62.3	0.7
1472	chr10	116308898	116310270	CpG: 161	1372	161	943	23.5	68.7	0.99
1473	chr10	116417184	116418074	CpG: 101	890	101	578	22.7	64.9	1.08
1476	chr10	116785643	116786504	CpG: 109	861	109	561	25.3	65.2	1.19
1476	chr10	116899199	116899801	CpG: 59	602	59	406	19.6	67.4	0.86
1476	chr10	116909791	116909997	CpG: 18	206	18	123	17.5	59.7	0.99
1477	chr10	116983733	116984757	CpG: 96	1024	96	651	18.8	63.6	0.94
1478	chr10	117059962	117060454	CpG: 59	492	59	342	24	69.5	0.99
1479	chr10	117211725	117213081	CpG: 153	1356	153	875	22.6	64.5	1.09
1481	chr10	117465121	117465895	CpG: 76	774	76	527	19.6	68.1	0.85
1481	chr10	117503787	117504004	CpG: 15	217	15	111	13.8	51.2	1.08
1481	chr10	117545779	117546837	CpG: 121	1058	121	689	22.9	65.1	1.08
1482	chr10	117582042	117582391	CpG: 60	349	60	275	34.4	78.8	1.13
1482	chr10	117628199	117628959	CpG: 68	760	68	482	17.9	63.4	0.89
1482	chr10	117681122	117682296	CpG: 158	1174	158	839	26.9	71.5	1.07
1485	chr10	117977447	117978201	CpG: 80	754	80	516	21.2	68.4	0.93
1490	chr10	118703887	118705391	CpG: 153	1504	153	958	20.3	63.7	1.01
1493	chr10	119075103	119076298	CpG: 135	1195	135	851	22.6	71.2	0.9
1495	chr10	119289315	119290657	CpG: 134	1342	134	886	20	66	0.92
1499	chr10	119925527	119925775	CpG: 20	248	20	151	16.1	60.9	0.87
1500	chr10	119941336	119941649	CpG: 23	313	23	178	14.7	56.9	0.93
1500	chr10	119948513	119949236	CpG: 49	723	49	406	13.6	56.2	0.86
1500	chr10	120037195	120037873	CpG: 65	678	65	438	19.2	64.6	0.92
1500	chr10	120044606	120044857	CpG: 27	251	27	167	21.5	66.5	0.99
1501	chr10	120062903	120063479	CpG: 54	576	54	380	18.8	66	0.87
1502	chr10	120250556	120250803	CpG: 20	247	20	138	16.2	55.9	1.05
1502	chr10	120310971	120313515	CpG: 209	2544	209	1511	16.4	59.4	0.93
1503	chr10	120388344	120389093	CpG: 61	749	61	488	16.3	65.2	0.8
1506	chr10	120734272	120735095	CpG: 107	823	107	617	26	75	0.93
1506	chr10	120813769	120815663	CpG: 215	1894	215	1224	22.7	64.6	1.09
1507	chr10	120869775	120870048	CpG: 28	273	28	188	20.5	68.9	0.91
1509	chr10	121146136	121147011	CpG: 86	875	86	588	19.7	67.2	0.87
1509	chr10	121186906	121187447	CpG: 69	541	69	395	25.5	73	0.96
1509	chr10	121201000	121201553	CpG: 52	553	52	369	18.8	66.7	0.85
1510	chr10	121311408	121312699	CpG: 122	1291	122	911	18.9	70.6	0.77
1511	chr10	121422147	121422929	CpG: 95	782	95	552	24.3	70.6	0.98
1511	chr10	121441923	121442137	CpG: 18	214	18	137	16.8	64	0.88
1511	chr10	121442797	121443034	CpG: 19	237	19	133	16	56.1	1.04
1511	chr10	121461820	121462612	CpG: 94	792	94	557	23.7	70.3	0.96
1511	chr10	121477563	121477990	CpG: 57	427	57	294	26.7	68.9	1.13
1512	chr10	121575833	121576069	CpG: 22	236	22	157	18.6	66.5	0.87
1514	chr10	121883278	121883805	CpG: 74	527	74	352	28.1	66.8	1.26
1515	chr10	121932716	121933120	CpG: 43	404	43	247	21.3	61.1	1.14
1517	chr10	122284503	122285226	CpG: 67	723	67	468	18.5	64.7	0.88
1519	chr10	122514534	122515383	CpG: 99	849	99	625	23.3	73.6	0.86
1520	chr10	122638180	122638517	CpG: 28	337	28	223	16.6	66.2	0.76
1522	chr10	122821129	122822513	CpG: 198	1384	198	1010	28.6	73	1.1
1522	chr10	122911930	122912475	CpG: 67	545	67	390	24.6	71.6	0.98
1523	chr10	123032230	123032911	CpG: 76	681	76	449	22.3	65.9	1.04
1524	chr10	123100345	123101694	CpG: 140	1349	140	921	20.8	68.3	0.89
1540	chr10	125224836	125225556	CpG: 61	720	61	455	16.9	63.2	0.85
1544	chr10	125801954	125802790	CpG: 86	836	86	538	20.6	64.4	1
1551	chr10	126736820	126737323	CpG: 54	503	54	372	21.5	74	0.79
1551	chr10	126741640	126741935	CpG: 25	295	25	165	16.9	55.9	1.08
1552	chr10	126814279	126816031	CpG: 160	1752	160	1113	18.3	63.5	0.92
1552	chr10	126866445	126866725	CpG: 35	280	35	202	25	72.1	0.99
24	chr10	126876833	126878103	CpG: 93	1270	93	809	14.6	63.7	0.72
1553	chr10	126884889	126885132	CpG: 21	243	21	141	17.3	58	1.03
1553	chr10	126895153	126896329	CpG: 121	1176	121	746	20.6	63.4	1.02
1553	chr10	126899363	126899708	CpG: 32	345	32	239	18.6	69.3	0.77
1553	chr10	126915181	126916244	CpG: 98	1063	98	754	18.4	70.9	0.73
1553	chr10	126917395	126917599	CpG: 26	204	26	153	25.5	75	0.94
1553	chr10	126926829	126927836	CpG: 88	1007	88	674	17.5	66.9	0.78
1553	chr10	126956902	126957152	CpG: 20	250	20	152	16	60.8	0.91
1553	chr10	127000849	127002127	CpG: 135	1278	135	896	21.1	70.1	0.86
1553	chr10	127006467	127007080	CpG: 49	613	49	398	16	64.9	0.78
1554	chr10	127016108	127016344	CpG: 23	236	23	170	19.5	72	0.76
1554	chr10	127024110	127024726	CpG: 53	616	53	433	17.2	70.3	0.7
1554	chr10	127025706	127025969	CpG: 23	263	23	191	17.5	72.6	0.67
1554	chr10	127031250	127031586	CpG: 33	336	33	242	19.6	72	0.76
1554	chr10	127047087	127047627	CpG: 57	540	57	357	21.1	66.1	0.97
1554	chr10	127075164	127075389	CpG: 20	225	20	135	17.8	60	0.99
1554	chr10	127098688	127099086	CpG: 43	398	43	270	21.6	67.8	0.96
1554	chr10	127102107	127102745	CpG: 61	638	61	442	19.1	69.3	0.87
1554	chr10	127124561	127125043	CpG: 39	482	39	274	16.2	56.8	1.02
1554	chr10	127126229	127126577	CpG: 32	348	32	208	18.4	59.8	1.04
1555	chr10	127147361	127147907	CpG: 56	546	56	337	20.5	61.7	1.08
1555	chr10	127162201	127163116	CpG: 77	915	77	605	16.8	66.1	0.77
1555	chr10	127216256	127217064	CpG: 92	808	92	507	22.8	62.7	1.17
1556	chr10	127347611	127347990	CpG: 33	379	33	244	17.4	64.4	0.86
1556	chr10	127348654	127349065	CpG: 31	411	31	245	15.1	59.6	0.85
1556	chr10	127362090	127362815	CpG: 60	725	60	473	16.6	65.2	0.78
1556	chr10	127366697	127366969	CpG: 24	272	24	168	17.6	61.8	0.94
1556	chr10	127369979	127371088	CpG: 95	1109	95	732	17.1	66	0.8
1556	chr10	127380306	127380562	CpG: 18	256	18	159	14.1	62.1	0.75
1557	chr10	127429641	127429859	CpG: 19	218	19	129	17.4	59.2	1
1557	chr10	127457517	127457771	CpG: 18	254	18	169	14.2	66.5	0.64
1557	chr10	127502417	127503054	CpG: 60	637	60	409	18.8	64.2	0.92
1557	chr10	127512731	127513278	CpG: 62	547	62	390	22.7	71.3	0.94
1558	chr10	127575229	127575909	CpG: 104	680	104	545	30.6	80.1	0.96
1560	chr10	127871147	127872179	CpG: 95	1032	95	659	18.4	63.9	0.9
1560	chr10	127894575	127895738	CpG: 129	1163	129	762	22.2	65.5	1.03
1560	chr10	127919116	127919859	CpG: 57	743	57	461	15.3	62	0.8
1561	chr10	127928763	127929341	CpG: 51	578	51	398	17.6	68.9	0.78
1561	chr10	127932630	127933354	CpG: 70	724	70	469	19.3	64.8	0.93
1561	chr10	128029878	128031082	CpG: 114	1204	114	808	18.9	67.1	0.85
1561	chr10	128047609	128047815	CpG: 20	206	20	125	19.4	60.7	1.06
1561	chr10	128049068	128049269	CpG: 19	201	19	122	18.9	60.7	1.03
1562	chr10	128067939	128068304	CpG: 46	365	46	262	25.2	71.8	1
1562	chr10	128106228	128106640	CpG: 38	412	38	267	18.4	64.8	0.89
1562	chr10	128139002	128139324	CpG: 23	322	23	179	14.3	55.6	0.92
1562	chr10	128158282	128158716	CpG: 32	434	32	281	14.7	64.7	0.72
1562	chr10	128173471	128174065	CpG: 56	594	56	415	18.9	69.9	0.78
1563	chr10	128204353	128205130	CpG: 81	777	81	503	20.8	64.7	1
1563	chr10	128212613	128213410	CpG: 82	797	82	538	20.6	67.5	0.9
1563	chr10	128245617	128245821	CpG: 18	204	18	137	17.6	67.2	0.81
1563	chr10	128247214	128247714	CpG: 42	500	42	313	16.8	62.6	0.86
1563	chr10	128294433	128295729	CpG: 146	1296	146	855	22.5	66	1.04
1564	chr10	128334568	128334841	CpG: 24	273	24	192	17.6	70.3	0.72
1564	chr10	128360929	128361669	CpG: 58	740	58	490	15.7	66.2	0.72
1564	chr10	128383152	128383887	CpG: 49	735	49	423	13.3	57.6	0.81
1564	chr10	128384730	128385092	CpG: 31	362	31	214	17.1	59.1	0.99
1564	chr10	128401152	128402321	CpG: 90	1169	90	720	15.4	61.6	0.82
1564	chr10	128405989	128406228	CpG: 19	239	19	149	15.9	62.3	0.82
1564	chr10	128425464	128426438	CpG: 81	974	81	614	16.6	63	0.84
1565	chr10	128462024	128462423	CpG: 37	399	37	240	18.5	60.2	1.04
1565	chr10	128481623	128481825	CpG: 19	202	19	138	18.8	68.3	0.83
1565	chr10	128504897	128505287	CpG: 32	390	32	262	16.4	67.2	0.73
1565	chr10	128509654	128509862	CpG: 23	208	23	149	22.1	71.6	0.86
1565	chr10	128531761	128532077	CpG: 28	316	28	232	17.7	73.4	0.7
1565	chr10	128540398	128541087	CpG: 61	689	61	459	17.7	66.6	0.81
1565	chr10	128579654	128580024	CpG: 37	370	37	263	20	71.1	0.8
1566	chr10	128583652	128584554	CpG: 63	902	63	543	14	60.2	0.77
1566	chr10	128640856	128641627	CpG: 71	771	71	510	18.4	66.1	0.84
1566	chr10	128657313	128657942	CpG: 46	629	46	374	14.6	59.5	0.83
1567	chr10	128726934	128728030	CpG: 104	1096	104	726	19	66.2	0.87
1567	chr10	128745777	128746411	CpG: 76	634	76	462	24	72.9	0.94
1567	chr10	128758973	128759415	CpG: 38	442	38	297	17.2	67.2	0.77
1567	chr10	128769811	128770080	CpG: 22	269	22	158	16.4	58.7	0.96
1578	chr10	130248128	130248410	CpG: 32	282	32	215	22.7	76.2	0.78
1578	chr10	130280664	130280877	CpG: 18	213	18	143	16.9	67.1	0.75
1579	chr10	130306226	130306464	CpG: 27	238	27	170	22.7	71.4	0.9
608	chr11	3073323	3073768	CpG: 40	445	40	293	18	65.8	0.88
608	chr11	3142997	3143699	CpG: 54	702	54	421	15.4	60	0.86
609	chr11	3152282	3153193	CpG: 122	911	122	705	26.8	77.4	0.9
609	chr11	3215989	3216686	CpG: 80	697	80	484	23	69.4	0.95
609	chr11	3238696	3238937	CpG: 19	241	19	139	15.8	57.7	0.95
609	chr11	3239165	3240845	CpG: 152	1680	152	1074	18.1	63.9	0.9
610	chr11	3281816	3282290	CpG: 47	474	47	331	19.8	69.8	0.81
610	chr11	3358802	3359229	CpG: 40	427	40	286	18.7	67	0.85
610	chr11	3402179	3402683	CpG: 48	504	48	312	19	61.9	1
611	chr11	3467025	3467261	CpG: 21	236	21	158	17.8	66.9	0.8
611	chr11	3485666	3485984	CpG: 26	318	26	226	16.4	71.1	0.65
612	chr11	3578951	3579564	CpG: 45	613	45	390	14.7	63.6	0.73
612	chr11	3598596	3599364	CpG: 97	768	97	538	25.3	70.1	1.03
612	chr11	3655400	3655644	CpG: 25	244	25	161	20.5	66	0.94
613	chr11	3711708	3712351	CpG: 59	643	59	340	18.4	52.9	1.32
613	chr11	3724537	3725008	CpG: 51	471	51	355	21.7	75.4	0.77
614	chr11	3813606	3813857	CpG: 28	251	28	170	22.3	67.7	0.97
614	chr11	3844617	3845477	CpG: 55	860	55	499	12.8	58	0.77
614	chr11	3863417	3863970	CpG: 57	553	57	372	20.6	67.3	0.92
615	chr11	3947985	3948819	CpG: 79	834	79	517	18.9	62	0.99
615	chr11	4046554	4046905	CpG: 35	351	35	220	19.9	62.7	1.02
616	chr11	4068464	4068842	CpG: 34	378	34	255	18	67.5	0.79
616	chr11	4110219	4110617	CpG: 42	398	42	267	21.1	67.1	0.94
616	chr11	4136886	4137203	CpG: 39	317	39	222	24.6	70	1
616	chr11	4168123	4168614	CpG: 46	491	46	342	18.7	69.7	0.77
617	chr11	4216612	4217106	CpG: 55	494	55	335	22.3	67.8	0.97
619	chr11	4544212	4544952	CpG: 69	740	69	473	18.6	63.9	0.92
620	chr11	4587621	4587919	CpG: 26	298	26	206	17.4	69.1	0.74
620	chr11	4695938	4697079	CpG: 133	1141	133	788	23.3	69.1	0.98
621	chr11	4798796	4799787	CpG: 93	991	93	648	18.8	65.4	0.88
621	chr11	4845282	4845833	CpG: 43	551	43	345	15.6	62.6	0.8
622	chr11	4896996	4898241	CpG: 165	1245	165	923	26.5	74.1	0.97
622	chr11	4936840	4937274	CpG: 48	434	48	291	22.1	67.1	1.01
623	chr11	5007945	5008535	CpG: 69	590	69	419	23.4	71	0.93
623	chr11	5009843	5010049	CpG: 21	206	21	135	20.4	65.5	0.95
623	chr11	5011391	5012326	CpG: 76	935	76	654	16.3	69.9	0.67
623	chr11	5013952	5014258	CpG: 23	306	23	202	15	66	0.7
623	chr11	5015018	5015397	CpG: 28	379	28	228	14.8	60.2	0.82
623	chr11	5048460	5049696	CpG: 132	1236	132	845	21.4	68.4	0.91
623	chr11	5101984	5102559	CpG: 52	575	52	363	18.1	63.1	0.91
624	chr11	5211162	5211999	CpG: 93	837	93	543	22.2	64.9	1.06
626	chr11	5393960	5395415	CpG: 142	1455	142	890	19.5	61.2	1.06
626	chr11	5470610	5471782	CpG: 86	1172	86	683	14.7	58.3	0.87
626	chr11	5491743	5492349	CpG: 72	606	72	428	23.8	70.6	0.95
628	chr11	5657307	5657712	CpG: 53	405	53	303	26.2	74.8	0.94
628	chr11	5666858	5667201	CpG: 24	343	24	215	14	62.7	0.73
628	chr11	5690728	5691332	CpG: 68	604	68	457	22.5	75.7	0.79
628	chr11	5712028	5712460	CpG: 60	432	60	304	27.8	70.4	1.13
628	chr11	5738219	5738827	CpG: 60	608	60	398	19.7	65.5	0.92
629	chr11	5787355	5787744	CpG: 38	389	38	266	19.5	68.4	0.84
629	chr11	5811773	5812357	CpG: 54	584	54	396	18.5	67.8	0.83
629	chr11	5828003	5828493	CpG: 50	490	50	336	20.4	68.6	0.9
629	chr11	5852021	5852327	CpG: 31	306	31	199	20.3	65	0.96
630	chr11	5905545	5906093	CpG: 63	548	63	383	23	69.9	0.94
630	chr11	5922162	5922405	CpG: 23	243	23	158	18.9	65	0.9
630	chr11	6014996	6016085	CpG: 144	1089	144	771	26.4	70.8	1.06
631	chr11	6149825	6150401	CpG: 55	576	55	375	19.1	65.1	0.9
632	chr11	6217407	6217896	CpG: 35	489	35	295	14.3	60.3	0.79
632	chr11	6224191	6224450	CpG: 18	259	18	145	13.9	56	0.89
632	chr11	6224673	6225009	CpG: 30	336	30	206	17.9	61.3	1
632	chr11	6241320	6242275	CpG: 99	955	99	635	20.7	66.5	0.94
633	chr11	6339075	6339970	CpG: 78	895	78	540	17.4	60.3	0.96
633	chr11	6365425	6366451	CpG: 96	1026	96	633	18.7	61.7	0.98
633	chr11	6394021	6394762	CpG: 68	741	68	441	18.4	59.5	1.05
633	chr11	6397281	6397509	CpG: 22	228	22	118	19.3	51.8	1.57
634	chr11	6425072	6425759	CpG: 65	687	65	356	18.9	51.8	1.41
634	chr11	6478548	6478932	CpG: 37	384	37	254	19.3	66.1	0.88
634	chr11	6496727	6497252	CpG: 58	525	58	344	22.1	65.5	1.06
635	chr11	6555463	6555768	CpG: 30	305	30	216	19.7	70.8	0.79
635	chr11	6575740	6576394	CpG: 61	654	61	426	18.7	65.1	0.88
638	chr11	7013279	7014250	CpG: 107	971	107	641	22	66	1.01
639	chr11	7163334	7164110	CpG: 114	776	114	584	29.4	75.3	1.05
650	chr11	8573891	8574839	CpG: 92	948	92	595	19.4	62.8	0.99
650	chr11	8614109	8614649	CpG: 64	540	64	404	23.7	74.8	0.86
653	chr11	8960914	8961323	CpG: 41	409	41	282	20	68.9	0.84
654	chr11	9100400	9100646	CpG: 25	246	25	145	20.3	58.9	1.17
669	chr11	11063908	11064582	CpG: 51	674	51	457	15.1	67.8	0.66
669	chr11	11065678	11066517	CpG: 90	839	90	595	21.5	70.9	0.86
673	chr11	11635304	11636481	CpG: 139	1177	139	807	23.6	68.6	1.01
674	chr11	11758710	11759131	CpG: 51	421	51	286	24.2	67.9	1.05
676	chr11	11975554	11976332	CpG: 81	778	81	491	20.8	63.1	1.05
676	chr11	11986489	11988108	CpG: 202	1619	202	1128	25	69.7	1.04
679	chr11	12414568	12415214	CpG: 88	646	88	477	27.2	73.8	1
708	chr11	16207680	16207942	CpG: 26	262	26	174	19.8	66.4	0.9
710	chr11	16457843	16458363	CpG: 42	520	42	326	16.2	62.7	0.87
712	chr11	16702214	16703080	CpG: 80	866	80	578	18.5	66.7	0.83
713	chr11	16901076	16901424	CpG: 25	348	25	204	14.4	58.6	0.84
715	chr11	17109070	17109983	CpG: 111	913	111	640	24.3	70.1	1.01
715	chr11	17158409	17158620	CpG: 19	211	19	141	18	66.8	0.82
715	chr11	17161326	17161726	CpG: 40	400	40	251	20	62.8	1.03
716	chr11	17207527	17207808	CpG: 33	281	33	183	23.5	65.1	1.11
721	chr11	17903288	17903984	CpG: 68	696	68	459	19.5	65.9	0.91
728	chr11	18821459	18821945	CpG: 42	486	42	327	17.3	67.3	0.76
729	chr11	18968884	18969289	CpG: 28	405	28	236	13.8	58.3	0.81
729	chr11	18969691	18970072	CpG: 34	381	34	220	17.8	57.7	1.07
729	chr11	18970492	18970766	CpG: 20	274	20	168	14.6	61.3	0.8
729	chr11	18977297	18977611	CpG: 36	314	36	216	22.9	68.8	0.98
736	chr11	19869955	19870594	CpG: 64	639	64	427	20	66.8	0.9
736	chr11	19874379	19875902	CpG: 134	1523	134	1004	17.6	65.9	0.81
737	chr11	19970717	19971262	CpG: 49	545	49	319	18	58.5	1.05
738	chr11	20062370	20063193	CpG: 96	823	96	593	23.3	72.1	0.9
738	chr11	20151018	20151921	CpG: 70	903	70	504	15.5	55.8	1
739	chr11	20198921	20199712	CpG: 95	791	95	565	24	71.4	0.95
739	chr11	20282037	20283104	CpG: 84	1067	84	689	15.7	64.6	0.76
740	chr11	20405179	20405490	CpG: 22	311	22	182	14.1	58.5	0.83
741	chr11	20482162	20482553	CpG: 28	391	28	255	14.3	65.2	0.74
741	chr11	20492499	20493770	CpG: 122	1271	122	819	19.2	64.4	0.95
742	chr11	20581765	20582472	CpG: 67	707	67	483	19	68.3	0.82
742	chr11	20690857	20691948	CpG: 110	1091	110	714	20.2	65.4	0.94
743	chr11	20780500	20781349	CpG: 74	849	74	466	17.4	54.9	1.16
745	chr11	21041489	21041960	CpG: 70	471	70	346	29.7	73.5	1.11
746	chr11	21188584	21189663	CpG: 112	1079	112	663	20.8	61.4	1.1
747	chr11	21320442	21321489	CpG: 88	1047	88	641	16.8	61.2	0.91
749	chr11	21521824	21522470	CpG: 48	646	48	386	14.9	59.8	0.83
752	chr11	21942870	21943891	CpG: 93	1021	93	624	18.2	61.1	0.98
752	chr11	21946655	21947043	CpG: 44	388	44	264	22.7	68	0.99
752	chr11	21950852	21952260	CpG: 122	1408	122	936	17.3	66.5	0.78
752	chr11	21952804	21953059	CpG: 26	255	26	157	20.4	61.6	1.09
754	chr11	22236516	22237124	CpG: 67	608	67	442	22	72.7	0.91
756	chr11	22462236	22462873	CpG: 67	637	67	449	21	70.5	0.85
759	chr11	22808860	22809999	CpG: 122	1139	122	789	21.4	69.3	0.89
759	chr11	22810385	22810709	CpG: 25	324	25	211	15.4	65.1	0.73
759	chr11	22921974	22922993	CpG: 76	1019	76	581	14.9	57	0.92
759	chr11	22931956	22932373	CpG: 35	417	35	279	16.8	66.9	0.75
760	chr11	22940520	22941100	CpG: 62	580	62	388	21.4	66.9	0.96
760	chr11	22958253	22958693	CpG: 39	440	39	283	17.7	64.3	0.88
760	chr11	23017721	23018189	CpG: 47	468	47	308	20.1	65.8	0.94
762	chr11	23205140	23206357	CpG: 96	1217	96	762	15.8	62.6	0.81
762	chr11	23255844	23257266	CpG: 136	1422	136	798	19.1	56.1	1.23
763	chr11	23447515	23448359	CpG: 74	844	74	541	17.5	64.1	0.88
764	chr11	23583135	23583766	CpG: 86	631	86	453	27.3	71.8	1.06
765	chr11	23615437	23616438	CpG: 79	1001	79	612	15.8	61.1	0.84
765	chr11	23720520	23721541	CpG: 106	1021	106	624	20.8	61.1	1.12
766	chr11	23844646	23845356	CpG: 56	710	56	467	15.8	65.8	0.74
768	chr11	24026535	24027912	CpG: 97	1377	97	859	14.1	62.4	0.73
768	chr11	24029023	24029963	CpG: 67	940	67	529	14.3	56.3	0.9
768	chr11	24031328	24032155	CpG: 60	827	60	508	14.5	61.4	0.77
768	chr11	24114196	24114882	CpG: 50	686	50	438	14.6	63.8	0.72
784	chr11	26160158	26160727	CpG: 75	569	75	388	26.4	68.2	1.2
785	chr11	26337147	26337495	CpG: 38	348	38	226	21.8	64.9	1.04
787	chr11	26543361	26543693	CpG: 39	332	39	249	23.5	75	0.84
802	chr11	28533291	28533837	CpG: 57	546	57	363	20.9	66.5	0.94
806	chr11	29080675	29080955	CpG: 27	280	27	186	19.3	66.4	0.88
807	chr11	29122125	29123524	CpG: 115	1399	115	818	16.4	58.5	0.96
807	chr11	29197060	29197529	CpG: 45	469	45	298	19.2	63.5	0.95
808	chr11	29323357	29324184	CpG: 107	827	107	612	25.9	74	0.95
809	chr11	29464876	29465194	CpG: 27	318	27	214	17	67.3	0.76
809	chr11	29476389	29476598	CpG: 23	209	23	143	22	68.4	0.96
810	chr11	29497429	29498012	CpG: 55	583	55	325	18.9	55.7	1.22
811	chr11	29642881	29643945	CpG: 107	1064	107	725	20.1	68.1	0.87
812	chr11	29774791	29775496	CpG: 75	705	75	479	21.3	67.9	0.92
813	chr11	29974479	29974998	CpG: 49	519	49	346	18.9	66.7	0.85
815	chr11	30148340	30148612	CpG: 25	272	25	171	18.4	62.9	0.93
815	chr11	30217515	30218545	CpG: 93	1030	93	643	18.1	62.4	0.93
818	chr11	30599110	30599612	CpG: 38	502	38	315	15.1	62.7	0.77
819	chr11	30704898	30705478	CpG: 61	580	61	380	21	65.5	1
819	chr11	30721621	30722484	CpG: 95	863	95	620	22	71.8	0.86
820	chr11	30835287	30835607	CpG: 34	320	34	232	21.2	72.5	0.84
820	chr11	30903846	30904096	CpG: 23	250	23	169	18.4	67.6	0.81
820	chr11	30904309	30904643	CpG: 31	334	31	210	18.6	62.9	0.94
823	chr11	31318610	31320285	CpG: 124	1675	124	1003	14.8	59.9	0.82
823	chr11	31321323	31321818	CpG: 38	495	38	318	15.4	64.2	0.74
826	chr11	31621346	31622009	CpG: 57	663	57	389	17.2	58.7	1
827	chr11	31820662	31820926	CpG: 24	264	24	177	18.2	67	0.81
827	chr11	31821187	31821460	CpG: 19	273	19	171	13.9	62.6	0.72
828	chr11	31915601	31916053	CpG: 43	452	43	321	19	71	0.76
830	chr11	32155054	32155668	CpG: 47	614	47	379	15.3	61.7	0.8
830	chr11	32163278	32163481	CpG: 20	203	20	132	19.7	65	0.94
830	chr11	32171590	32172474	CpG: 97	884	97	615	21.9	69.6	0.91
830	chr11	32176389	32176811	CpG: 44	422	44	291	20.9	69	0.88
830	chr11	32217239	32217732	CpG: 50	493	50	324	20.3	65.7	0.94
831	chr11	32297533	32298181	CpG: 74	648	74	424	22.8	65.4	1.07
832	chr11	32404567	32406177	CpG: 161	1610	161	1106	20	68.7	0.85
832	chr11	32482758	32483545	CpG: 72	787	72	457	18.3	58.1	1.1
833	chr11	32592317	32593180	CpG: 77	863	77	487	17.8	56.4	1.12
834	chr11	32676473	32676688	CpG: 14	215	14	128	13	59.5	0.77
837	chr11	33072877	33073337	CpG: 40	460	40	319	17.4	69.3	0.73
837	chr11	33096776	33096986	CpG: 20	210	20	148	19	70.5	0.78
837	chr11	33097226	33097995	CpG: 98	769	98	494	25.5	64.2	1.25
837	chr11	33112421	33113415	CpG: 91	994	91	643	18.3	64.7	0.9
837	chr11	33150452	33154334	CpG: 300	3882	300	2310	15.5	59.5	0.88
840	chr11	33463021	33463849	CpG: 87	828	87	519	21	62.7	1.08
841	chr11	33630415	33630640	CpG: 18	225	18	126	16	56	1.02
842	chr11	33793429	33793784	CpG: 33	355	33	227	18.6	63.9	0.93
849	chr11	34724189	34724737	CpG: 43	548	43	317	15.7	57.8	0.95
852	chr11	35011823	35012833	CpG: 106	1010	106	729	21	72.2	0.81
856	chr11	35598759	35598960	CpG: 19	201	19	126	18.9	62.7	0.97
857	chr11	35660122	35660919	CpG: 68	797	68	507	17.1	63.6	0.85
857	chr11	35688338	35689502	CpG: 110	1164	110	704	18.9	60.5	1.03
858	chr11	35870749	35871539	CpG: 96	790	96	580	24.3	73.4	0.91
858	chr11	35899089	35899315	CpG: 19	226	19	141	16.8	62.4	0.86
859	chr11	35918003	35918232	CpG: 18	229	18	137	15.7	59.8	0.88
859	chr11	35938050	35938477	CpG: 33	427	33	246	15.5	57.6	0.95
859	chr11	36030325	36030560	CpG: 17	235	17	134	14.5	57	0.91
868	chr11	37127275	37127762	CpG: 40	487	40	324	16.4	66.5	0.75
894	chr11	40583156	40583574	CpG: 37	418	37	269	17.7	64.4	0.86
894	chr11	40585557	40585784	CpG: 22	227	22	134	19.4	59	1.11
894	chr11	40624475	40624970	CpG: 41	495	41	304	16.6	61.4	0.88
895	chr11	40645734	40646220	CpG: 36	486	36	314	14.8	64.6	0.71
915	chr11	43324509	43324806	CpG: 31	297	31	188	20.9	63.3	1.07
915	chr11	43354127	43354386	CpG: 22	259	22	160	17	61.8	0.89
915	chr11	43381734	43382008	CpG: 22	274	22	155	16.1	56.6	1.01
916	chr11	43419289	43420314	CpG: 89	1025	89	682	17.4	66.5	0.79
917	chr11	43572987	43573685	CpG: 99	698	99	508	28.4	72.8	1.08
917	chr11	43596107	43596358	CpG: 17	251	17	144	13.5	57.4	0.83
917	chr11	43638546	43638872	CpG: 28	326	28	197	17.2	60.4	0.98
918	chr11	43657792	43658090	CpG: 29	298	29	191	19.5	64.1	0.96
918	chr11	43666646	43667090	CpG: 41	444	41	304	18.5	68.5	0.79
918	chr11	43727026	43727500	CpG: 52	474	52	328	21.9	69.2	0.92
923	chr11	44360729	44361638	CpG: 89	909	89	600	19.6	66	0.9
923	chr11	44409515	44410318	CpG: 102	803	102	556	25.4	69.2	1.06
924	chr11	44509060	44509453	CpG: 36	393	36	226	18.3	57.5	1.14
924	chr11	44511162	44511473	CpG: 21	311	21	193	13.5	62.1	0.7
933	chr11	45742528	45743371	CpG: 93	843	93	539	22.1	63.9	1.08
934	chr11	45835137	45835952	CpG: 92	815	92	567	22.6	69.6	0.93
934	chr11	45845990	45846363	CpG: 30	373	30	225	16.1	60.3	0.91
934	chr11	45870884	45871771	CpG: 116	887	116	668	26.2	75.3	0.92
935	chr11	45946846	45947177	CpG: 31	331	31	217	18.7	65.6	0.89
936	chr11	46057021	46057428	CpG: 36	407	36	289	17.7	71	0.7
937	chr11	46202491	46203285	CpG: 75	794	75	571	18.9	71.9	0.73
938	chr11	46327742	46328481	CpG: 67	739	67	462	18.1	62.5	0.93
950	chr11	47879235	47879999	CpG: 86	764	86	562	22.5	73.6	0.84
956	chr11	48644500	48644705	CpG: 16	205	16	127	15.6	62	0.93
956	chr11	48691140	48691590	CpG: 37	450	37	272	16.4	60.4	0.9
956	chr11	48707555	48708378	CpG: 78	823	78	561	19	68.2	0.83
956	chr11	48717121	48717551	CpG: 71	430	71	317	33	73.7	1.22
956	chr11	48728217	48728857	CpG: 73	640	73	451	22.8	70.5	0.92
956	chr11	48740368	48740574	CpG: 18	206	18	132	17.5	64.1	0.85
956	chr11	48746237	48746582	CpG: 25	345	25	195	14.5	56.5	0.92
959	chr11	49059945	49060463	CpG: 51	518	51	343	19.7	66.2	0.9
959	chr11	49094210	49094665	CpG: 42	455	42	290	18.5	63.7	0.91
959	chr11	49134698	49135280	CpG: 53	582	53	415	18.2	71.3	0.73
959	chr11	49141305	49141686	CpG: 37	381	37	281	19.4	73.8	0.73
962	chr11	49500151	49501156	CpG: 88	1005	88	665	17.5	66.2	0.8
962	chr11	49524818	49525228	CpG: 30	410	30	254	14.6	62	0.76
963	chr11	49602849	49603784	CpG: 79	935	79	480	16.9	51.3	1.3
964	chr11	49684988	49685749	CpG: 53	761	53	489	13.9	64.3	0.68
964	chr11	49737226	49737448	CpG: 18	222	18	153	16.2	68.9	0.69
964	chr11	49737630	49738099	CpG: 48	469	48	330	20.5	70.4	0.83
964	chr11	49792409	49793087	CpG: 100	678	100	513	29.5	75.7	1.07
965	chr11	49915735	49916581	CpG: 113	846	113	586	26.7	69.3	1.11
966	chr11	50022096	50022548	CpG: 50	452	50	281	22.1	62.2	1.17
966	chr11	50065489	50065843	CpG: 27	354	27	235	15.3	66.4	0.73
967	chr11	50101104	50101768	CpG: 55	664	55	419	16.6	63.1	0.84
967	chr11	50115479	50115729	CpG: 19	250	19	161	15.2	64.4	0.76
967	chr11	50116002	50116773	CpG: 74	771	74	484	19.2	62.8	1
967	chr11	50121793	50122149	CpG: 31	356	31	232	17.4	65.2	0.82
967	chr11	50125582	50125805	CpG: 20	223	20	159	17.9	71.3	0.71
967	chr11	50127258	50128327	CpG: 94	1069	94	710	17.6	66.4	0.8
967	chr11	50182461	50183445	CpG: 111	984	111	657	22.6	66.8	1.01
968	chr11	50216096	50216817	CpG: 83	721	83	492	23	68.2	1.01
968	chr11	50249918	50250692	CpG: 73	774	73	498	18.9	64.3	0.91
968	chr11	50267726	50269424	CpG: 142	1698	142	1036	16.7	61	0.9
968	chr11	50321463	50321998	CpG: 53	535	53	299	19.8	55.9	1.28
970	chr11	50492526	50494364	CpG: 160	1838	160	1191	17.4	64.8	0.83
971	chr11	50718273	50718647	CpG: 36	374	36	255	19.3	68.2	0.86
972	chr11	50741833	50742498	CpG: 80	665	80	470	24.1	70.7	0.97
972	chr11	50750448	50750884	CpG: 29	436	29	266	13.3	61	0.75
972	chr11	50806542	50807072	CpG: 46	530	46	359	17.4	67.7	0.76
973	chr11	50950099	50950323	CpG: 25	224	25	155	22.3	69.2	0.96
975	chr11	51153697	51154557	CpG: 91	860	91	575	21.2	66.9	0.95
975	chr11	51180594	51181291	CpG: 77	697	77	462	22.1	66.3	1.01
977	chr11	51475323	51475837	CpG: 54	514	54	343	21	66.7	0.94
977	chr11	51496819	51497925	CpG: 136	1106	136	672	24.6	60.8	1.36
977	chr11	51510577	51510935	CpG: 40	358	40	230	22.3	64.2	1.1
978	chr11	51526442	51526874	CpG: 51	432	51	293	23.6	67.8	1.03
978	chr11	51541239	51541966	CpG: 84	727	84	508	23.1	69.9	0.95
978	chr11	51579453	51579993	CpG: 47	540	47	339	17.4	62.8	0.88
979	chr11	51646794	51647649	CpG: 87	855	87	603	20.4	70.5	0.82
979	chr11	51654430	51654673	CpG: 22	243	22	165	18.1	67.9	0.82
979	chr11	51746345	51749245	CpG: 215	2900	215	1810	14.8	62.4	0.76
980	chr11	51890975	51891636	CpG: 69	661	69	456	20.9	69	0.88
980	chr11	51894963	51895273	CpG: 32	310	32	215	20.6	69.4	0.86
981	chr11	51989363	51990474	CpG: 109	1111	109	695	19.6	62.6	1
982	chr11	52058611	52059072	CpG: 50	461	50	345	21.7	74.8	0.78
982	chr11	52122569	52123300	CpG: 80	731	80	501	21.9	68.5	0.93
983	chr11	52173461	52174221	CpG: 86	760	86	520	22.6	68.4	0.97
983	chr11	52205051	52205274	CpG: 18	223	18	121	16.1	54.3	1.12
983	chr11	52251331	52252693	CpG: 110	1362	110	849	16.2	62.3	0.83
983	chr11	52287160	52287650	CpG: 53	490	53	312	21.6	63.7	1.08
986	chr11	52655345	52656100	CpG: 84	755	84	511	22.3	67.7	0.97
990	chr11	53190445	53191589	CpG: 119	1144	119	734	20.8	64.2	1.01
991	chr11	53215431	53215644	CpG: 17	213	17	136	16	63.8	0.79
991	chr11	53241159	53242122	CpG: 118	963	118	673	24.5	69.9	1
991	chr11	53321297	53322089	CpG: 69	792	69	492	17.4	62.1	0.93
992	chr11	53347880	53348374	CpG: 45	494	45	310	18.2	62.8	0.93
992	chr11	53354147	53354787	CpG: 62	640	62	428	19.4	66.9	0.87
992	chr11	53357248	53357723	CpG: 32	475	32	298	13.5	62.7	0.69
992	chr11	53369430	53370886	CpG: 155	1456	155	1009	21.3	69.3	0.89
992	chr11	53410741	53411097	CpG: 48	356	48	263	27	73.9	0.99
992	chr11	53458076	53458679	CpG: 62	603	62	421	20.6	69.8	0.86
993	chr11	53527067	53527325	CpG: 33	258	33	183	25.6	70.9	1.02
993	chr11	53597539	53598238	CpG: 67	699	67	449	19.2	64.2	0.93
994	chr11	53660648	53661483	CpG: 102	835	102	564	24.4	67.5	1.08
995	chr11	53749850	53750244	CpG: 40	394	40	266	20.3	67.5	0.89
995	chr11	53782097	53782887	CpG: 66	790	66	464	16.7	58.7	0.97
124	chr11	53870415	53871322	CpG: 88	907	88	598	19.4	65.9	0.9
996	chr11	53918520	53919402	CpG: 70	882	70	567	15.9	64.3	0.77
996	chr11	53959628	53959954	CpG: 27	326	27	167	16.6	51.2	1.27
996	chr11	53991621	53992198	CpG: 76	577	76	437	26.3	75.7	0.93
998	chr11	54194735	54195007	CpG: 32	272	32	201	23.5	73.9	0.87
998	chr11	54195083	54195294	CpG: 15	211	15	135	14.2	64	0.69
999	chr11	54328812	54329483	CpG: 79	671	79	436	23.5	65	1.12
1000	chr11	54413250	54413997	CpG: 78	747	78	470	20.9	62.9	1.06
1002	chr11	54677858	54678774	CpG: 96	916	96	643	21	70.2	0.85
1002	chr11	54751404	54751749	CpG: 28	345	28	203	16.2	58.8	0.94
1002	chr11	54757161	54757810	CpG: 98	649	98	478	30.2	73.7	1.12
1003	chr11	54793598	54793859	CpG: 21	261	21	171	16.1	65.5	0.75
1003	chr11	54846569	54847130	CpG: 56	561	56	373	20	66.5	0.9
1004	chr11	54923995	54924321	CpG: 25	326	25	200	15.3	61.3	0.82
1004	chr11	54988561	54989113	CpG: 47	552	47	366	17	66.3	0.81
1005	chr11	55095068	55095344	CpG: 22	276	22	160	15.9	58	1.01
1007	chr11	55351760	55352115	CpG: 35	355	35	239	19.7	67.3	0.87
1007	chr11	55360463	55360988	CpG: 74	525	74	389	28.2	74.1	1.03
1014	chr11	56350161	56350424	CpG: 24	263	24	170	18.3	64.6	0.88
127	chr11	57409061	57409699	CpG: 64	638	64	433	20.1	67.9	0.87
1023	chr11	57450084	57450304	CpG: 17	220	17	134	15.5	60.9	0.91
1023	chr11	57535779	57536561	CpG: 70	782	70	493	17.9	63	0.92
1025	chr11	57692311	57693260	CpG: 123	949	123	696	25.9	73.3	0.98
1025	chr11	57718322	57718990	CpG: 59	668	59	429	17.7	64.2	0.86
1025	chr11	57720250	57720501	CpG: 28	251	28	173	22.3	68.9	0.95
1025	chr11	57722233	57722560	CpG: 25	327	25	215	15.3	65.7	0.71
1025	chr11	57727791	57728081	CpG: 29	290	29	170	20	58.6	1.18
1026	chr11	57899441	57900918	CpG: 204	1477	204	1072	27.6	72.6	1.05
1027	chr11	57988554	57988968	CpG: 36	414	36	300	17.4	72.5	0.66
1027	chr11	57994605	57995531	CpG: 79	926	79	595	17.1	64.3	0.84
1027	chr11	58058983	58059438	CpG: 64	455	64	331	28.1	72.7	1.06
1027	chr11	58062655	58062869	CpG: 15	214	15	128	14	59.8	0.79
1028	chr11	58130285	58130590	CpG: 22	305	22	191	14.4	62.6	0.76
1028	chr11	58193621	58193870	CpG: 20	249	20	151	16.1	60.6	0.9
1029	chr11	58197857	58198505	CpG: 62	648	62	440	19.1	67.9	0.83
1029	chr11	58213728	58214266	CpG: 50	538	50	356	18.6	66.2	0.85
1029	chr11	58220955	58221714	CpG: 57	759	57	393	15	51.8	1.13
1031	chr11	58531300	58531588	CpG: 26	288	26	200	18.1	69.4	0.75
1033	chr11	58737963	58738201	CpG: 19	238	19	147	16	61.8	0.84
1033	chr11	58757999	58758243	CpG: 22	244	22	161	18	66	0.83
1033	chr11	58794865	58795130	CpG: 25	265	25	181	18.9	68.3	0.84
1033	chr11	58829213	58829781	CpG: 89	568	89	439	31.3	77.3	1.05
1033	chr11	58839852	58840161	CpG: 30	309	30	196	19.4	63.4	0.97
1033	chr11	58844720	58845885	CpG: 85	1165	85	649	14.6	55.7	0.94
1034	chr11	58852621	58853041	CpG: 46	420	46	274	21.9	65.2	1.03
1034	chr11	58868099	58868424	CpG: 31	325	31	206	19.1	63.4	0.95
1034	chr11	58868721	58869522	CpG: 76	801	76	512	19	63.9	0.93
1035	chr11	58997126	58997356	CpG: 16	230	16	158	13.9	68.7	0.63
1035	chr11	59025348	59027184	CpG: 146	1836	146	1142	15.9	62.2	0.82
1035	chr11	59054136	59054538	CpG: 43	402	43	275	21.4	68.4	0.92
1035	chr11	59067250	59068180	CpG: 101	930	101	654	21.7	70.3	0.89
1035	chr11	59082440	59082960	CpG: 55	520	55	350	21.2	67.3	0.98
1035	chr11	59093114	59093626	CpG: 45	512	45	325	17.6	63.5	0.88
1035	chr11	59099172	59099541	CpG: 43	369	43	249	23.3	67.5	1.05
1036	chr11	59118223	59119362	CpG: 118	1139	118	769	20.7	67.5	0.91
1036	chr11	59140546	59140856	CpG: 30	310	30	189	19.4	61	1.04
1036	chr11	59154887	59155447	CpG: 54	560	54	361	19.3	64.5	0.93
1036	chr11	59179739	59181961	CpG: 167	2222	167	1382	15	62.2	0.78
1036	chr11	59197237	59198497	CpG: 138	1260	138	816	21.9	64.8	1.05
1037	chr11	59340540	59341517	CpG: 79	977	79	637	16.2	65.2	0.76
1037	chr11	59362980	59363232	CpG: 24	252	24	165	19	65.5	0.89
1038	chr11	59396834	59397631	CpG: 68	797	68	519	17.1	65.1	0.81
1039	chr11	59552973	59553842	CpG: 114	869	114	610	26.2	70.2	1.07
1040	chr11	59678016	59678564	CpG: 51	548	51	383	18.6	69.9	0.76
1040	chr11	59700535	59700885	CpG: 40	350	40	242	22.9	69.1	0.96
1040	chr11	59729988	59730684	CpG: 54	696	54	463	15.5	66.5	0.71
1040	chr11	59738801	59739233	CpG: 63	432	63	323	29.2	74.8	1.05
1041	chr11	59838953	59839164	CpG: 22	211	22	148	20.9	70.1	0.86
1041	chr11	59854676	59855068	CpG: 29	392	29	231	14.8	58.9	0.86
1041	chr11	59855312	59855996	CpG: 53	684	53	416	15.5	60.8	0.84
1042	chr11	59936966	59937357	CpG: 35	391	35	236	17.9	60.4	1
1042	chr11	59995704	59997294	CpG: 164	1590	164	1067	20.6	67.1	0.93
1042	chr11	60005950	60006379	CpG: 39	429	39	282	18.2	65.7	0.85
130	chr11	60030601	60031372	CpG: 76	771	76	479	19.7	62.1	1.02
1043	chr11	60031534	60031739	CpG: 17	205	17	126	16.6	61.5	0.92
1043	chr11	60066527	60068142	CpG: 149	1615	149	1029	18.5	63.7	0.91
1043	chr11	60101185	60101597	CpG: 51	412	51	287	24.8	69.7	1.04
1043	chr11	60111147	60111466	CpG: 39	319	39	216	24.5	67.7	1.08
1043	chr11	60113580	60113789	CpG: 27	209	27	150	25.8	71.8	1.02
1044	chr11	60243481	60243946	CpG: 43	465	43	312	18.5	67.1	0.85
1045	chr11	60307566	60308811	CpG: 111	1245	111	754	17.8	60.6	0.99
1045	chr11	60345294	60345721	CpG: 35	427	35	249	16.4	58.3	0.98
1045	chr11	60367494	60367995	CpG: 35	501	35	304	14	60.7	0.76
1046	chr11	60428072	60430008	CpG: 184	1936	184	1185	19	61.2	1.02
1046	chr11	60466206	60466493	CpG: 21	287	21	177	14.6	61.7	0.77
1047	chr11	60574821	60575108	CpG: 22	287	22	178	15.3	62	0.8
1047	chr11	60590452	60590897	CpG: 49	445	49	257	22	57.8	1.33
1047	chr11	60617667	60618166	CpG: 57	499	57	346	22.8	69.3	0.95
1047	chr11	60619078	60619488	CpG: 41	410	41	269	20	65.6	0.93
1047	chr11	60667614	60668593	CpG: 70	979	70	573	14.3	58.5	0.84
1048	chr11	60701931	60702195	CpG: 25	264	25	183	18.9	69.3	0.83
1048	chr11	60769082	60769995	CpG: 115	913	115	649	25.2	71.1	1.01
1048	chr11	60804277	60804775	CpG: 62	498	62	317	24.9	63.7	1.24
1049	chr11	60822334	60823188	CpG: 71	854	71	527	16.6	61.7	0.87
1049	chr11	60913031	60914080	CpG: 118	1049	118	740	22.5	70.5	0.91
1050	chr11	60960005	60960251	CpG: 20	246	20	143	16.3	58.1	0.96
1050	chr11	61038059	61038475	CpG: 39	416	39	280	18.8	67.3	0.83
1050	chr11	61065366	61066292	CpG: 72	926	72	582	15.6	62.9	0.79
1051	chr11	61157694	61158138	CpG: 38	444	38	283	17.1	63.7	0.84
1052	chr11	61233263	61233767	CpG: 59	504	59	351	23.4	69.6	0.97
1052	chr11	61268702	61268981	CpG: 30	279	30	205	21.5	73.5	0.81
1052	chr11	61298825	61299553	CpG: 72	728	72	499	19.8	68.5	0.86
1053	chr11	61384355	61385318	CpG: 80	963	80	620	16.6	64.4	0.81
1053	chr11	61395608	61396153	CpG: 44	545	44	334	16.1	61.3	0.87
1053	chr11	61469770	61470508	CpG: 75	738	75	495	20.3	67.1	0.91
1054	chr11	61574820	61575930	CpG: 99	1110	99	707	17.8	63.7	0.88
1055	chr11	61652667	61652961	CpG: 38	294	38	215	25.9	73.1	0.97
1056	chr11	61744900	61746216	CpG: 154	1316	154	942	23.4	71.6	0.91
1056	chr11	61820612	61821273	CpG: 67	661	67	436	20.3	66	0.96
1056	chr11	61847563	61848197	CpG: 62	634	62	446	19.6	70.3	0.8
1057	chr11	61967749	61968181	CpG: 37	432	37	246	17.1	56.9	1.07
1059	chr11	62139323	62140270	CpG: 75	947	75	604	15.8	63.8	0.78
1059	chr11	62172070	62172760	CpG: 90	690	90	445	26.1	64.5	1.26
1060	chr11	62347611	62348623	CpG: 112	1012	112	693	22.1	68.5	0.96
1060	chr11	62349102	62349439	CpG: 31	337	31	219	18.4	65	0.87
1061	chr11	62429327	62430263	CpG: 114	936	114	643	24.4	68.7	1.05
1061	chr11	62441871	62442645	CpG: 74	774	74	450	19.1	58.1	1.16
1061	chr11	62451518	62451845	CpG: 29	327	29	201	17.7	61.5	0.94
1061	chr11	62493448	62493997	CpG: 55	549	55	351	20	63.9	0.98
1062	chr11	62538847	62539769	CpG: 111	922	111	645	24.1	70	1
1062	chr11	62555637	62555995	CpG: 27	358	27	196	15.1	54.7	1.01
1062	chr11	62622407	62622793	CpG: 40	386	40	273	20.7	70.7	0.85
1062	chr11	62647672	62647965	CpG: 29	293	29	207	19.8	70.6	0.79
1063	chr11	62680228	62680445	CpG: 18	217	18	129	16.6	59.4	0.94
1063	chr11	62770156	62770514	CpG: 36	358	36	247	20.1	69	0.85
1065	chr11	63023240	63024088	CpG: 71	848	71	586	16.7	69.1	0.7
1071	chr11	63779963	63780504	CpG: 58	541	58	361	21.4	66.7	0.97
1071	chr11	63810064	63810284	CpG: 26	220	26	154	23.6	70	0.97
1071	chr11	63811335	63813276	CpG: 156	1941	156	1186	16.1	61.1	0.86
1071	chr11	63814216	63814496	CpG: 28	280	28	180	20	64.3	0.97
1071	chr11	63815205	63815493	CpG: 20	288	20	168	13.9	58.3	0.85
1071	chr11	63816002	63816405	CpG: 31	403	31	271	15.4	67.2	0.68
1073	chr11	63970085	63970514	CpG: 37	429	37	268	17.2	62.5	0.88
1075	chr11	64325898	64327461	CpG: 135	1563	135	1063	17.3	68	0.75
1076	chr11	64411090	64411625	CpG: 54	535	54	355	20.2	66.4	0.92
1079	chr11	64869651	64870208	CpG: 59	557	59	374	21.2	67.1	0.95
1081	chr11	65053210	65053809	CpG: 62	599	62	412	20.7	68.8	0.88
1082	chr11	65160661	65161089	CpG: 31	428	31	273	14.5	63.8	0.71
1086	chr11	65678442	65679223	CpG: 96	781	96	571	24.6	73.1	0.92
1086	chr11	65698034	65698324	CpG: 34	290	34	200	23.4	69	1.03
1088	chr11	66058918	66059332	CpG: 40	414	40	288	19.3	69.6	0.8
1091	chr11	66416051	66417712	CpG: 185	1661	185	1040	22.3	62.6	1.14
1095	chr11	66943360	66943776	CpG: 40	416	40	283	19.2	68	0.83
1096	chr11	66985368	66985598	CpG: 22	230	22	153	19.1	66.5	0.88
1097	chr11	67189154	67189469	CpG: 23	315	23	199	14.6	63.2	0.75
1098	chr11	67345783	67346798	CpG: 118	1015	118	761	23.3	75	0.83
1100	chr11	67586364	67586579	CpG: 23	215	23	128	21.4	59.5	1.21
1102	chr11	67812308	67813368	CpG: 99	1060	99	669	18.7	63.1	0.94
1105	chr11	68275754	68278120	CpG: 229	2366	229	1441	19.4	60.9	1.05
1106	chr11	68290360	68291440	CpG: 97	1080	97	685	18	63.4	0.89
1106	chr11	68322844	68323078	CpG: 20	234	20	168	17.1	71.8	0.66
1107	chr11	68446833	68447101	CpG: 23	268	23	178	17.2	66.4	0.78
1108	chr11	68582125	68583060	CpG: 74	935	74	622	15.8	66.5	0.72
1109	chr11	68743319	68744109	CpG: 79	790	79	566	20	71.6	0.78
1109	chr11	68792240	68792724	CpG: 46	484	46	306	19	63.2	0.95
1110	chr11	68858543	68859109	CpG: 41	566	41	353	14.5	62.4	0.76
1110	chr11	68899123	68899359	CpG: 28	236	28	150	23.7	63.6	1.18
1110	chr11	68930782	68931188	CpG: 37	406	37	249	18.2	61.3	0.98
1110	chr11	68936466	68936936	CpG: 40	470	40	302	17	64.3	0.82
1111	chr11	68950119	68951676	CpG: 150	1557	150	1029	19.3	66.1	0.88
1111	chr11	68961532	68961888	CpG: 36	356	36	228	20.2	64	0.99
1111	chr11	68979239	68979975	CpG: 70	736	70	456	19	62	1
1111	chr11	68985982	68986186	CpG: 16	204	16	126	15.7	61.8	0.9
1111	chr11	69008803	69009040	CpG: 28	237	28	176	23.6	74.3	0.9
1111	chr11	69012849	69013928	CpG: 95	1079	95	705	17.6	65.3	0.84
1111	chr11	69025065	69025402	CpG: 25	337	25	203	14.8	60.2	0.83
1112	chr11	69126428	69127448	CpG: 73	1020	73	670	14.3	65.7	0.66
1113	chr11	69214422	69214834	CpG: 36	412	36	257	17.5	62.4	0.92
1113	chr11	69217105	69217668	CpG: 44	563	44	333	15.6	59.1	0.91
1113	chr11	69222907	69223145	CpG: 20	238	20	144	16.8	60.5	0.92
1113	chr11	69231139	69231871	CpG: 93	732	93	518	25.4	70.8	1.01
1113	chr11	69237381	69237626	CpG: 23	245	23	172	18.8	70.2	0.76
1113	chr11	69259288	69260065	CpG: 81	777	81	501	20.8	64.5	1.02
1113	chr11	69286025	69287046	CpG: 70	1021	70	572	13.7	56	0.89
1113	chr11	69290551	69290891	CpG: 38	340	38	248	22.4	72.9	0.84
1113	chr11	69300729	69302703	CpG: 133	1974	133	1218	13.5	61.7	0.72
1113	chr11	69308810	69309148	CpG: 24	338	24	208	14.2	61.5	0.75
1114	chr11	69437339	69437739	CpG: 37	400	37	270	18.5	67.5	0.82
1114	chr11	69450834	69451220	CpG: 41	386	41	279	21.2	72.3	0.82
1115	chr11	69469845	69470175	CpG: 29	330	29	202	17.6	61.2	0.94
1115	chr11	69472233	69472521	CpG: 26	288	26	171	18.1	59.4	1.02
1115	chr11	69495772	69496673	CpG: 85	901	85	599	18.9	66.5	0.85
1115	chr11	69523601	69524392	CpG: 63	791	63	428	15.9	54.1	1.09
1115	chr11	69546293	69546580	CpG: 25	287	25	179	17.4	62.4	0.9
1115	chr11	69553373	69553623	CpG: 29	250	29	169	23.2	67.6	1.05
1115	chr11	69562060	69563450	CpG: 131	1390	131	909	18.8	65.4	0.9
1115	chr11	69572227	69572973	CpG: 74	746	74	457	19.8	61.3	1.06
1116	chr11	69648939	69650145	CpG: 86	1206	86	693	14.3	57.5	0.86
1116	chr11	69656840	69657404	CpG: 49	564	49	398	17.4	70.6	0.71
1116	chr11	69686325	69686865	CpG: 44	540	44	353	16.3	65.4	0.77
1116	chr11	69691703	69692460	CpG: 58	757	58	498	15.3	65.8	0.71
1116	chr11	69694451	69695254	CpG: 71	803	71	533	17.7	66.4	0.8
1116	chr11	69724849	69725219	CpG: 44	370	44	275	23.8	74.3	0.86
1116	chr11	69727914	69728564	CpG: 50	650	50	452	15.4	69.5	0.66
1117	chr11	69737131	69737497	CpG: 34	366	34	263	18.6	71.9	0.72
1117	chr11	69771836	69772257	CpG: 36	421	36	281	17.1	66.7	0.77
1117	chr11	69792139	69793036	CpG: 92	897	92	533	20.5	59.4	1.16
1117	chr11	69804656	69805068	CpG: 51	412	51	278	24.8	67.5	1.09
1117	chr11	69811351	69812621	CpG: 127	1270	127	837	20	65.9	0.99
1117	chr11	69826165	69826722	CpG: 63	557	63	405	22.6	72.7	0.89
1117	chr11	69826949	69827263	CpG: 29	314	29	221	18.5	70.4	0.75
1117	chr11	69838751	69839062	CpG: 23	311	23	185	14.8	59.5	0.84
1117	chr11	69856211	69857690	CpG: 107	1479	107	927	14.5	62.7	0.74
1118	chr11	69872028	69872465	CpG: 42	437	42	309	19.2	70.7	0.77
1118	chr11	69882298	69882674	CpG: 37	376	37	240	19.7	63.8	0.97
1118	chr11	69886705	69888353	CpG: 132	1648	132	1094	16	66.4	0.84
1118	chr11	69891231	69891815	CpG: 59	584	59	379	20.2	64.9	0.99
1118	chr11	69912353	69912618	CpG: 20	265	20	174	15.1	65.7	0.84
1118	chr11	69917680	69917961	CpG: 21	281	21	195	14.9	69.4	0.64
1119	chr11	70104639	70105587	CpG: 73	948	73	645	15.4	68	0.67
1119	chr11	70111265	70111507	CpG: 21	242	21	156	17.4	64.5	0.87
1119	chr11	70117258	70117704	CpG: 30	446	30	254	13.5	57	0.84
1119	chr11	70119801	70120283	CpG: 35	482	35	271	14.5	56.2	0.92
1119	chr11	70120543	70120758	CpG: 15	215	15	135	14	62.8	0.73
1119	chr11	70121167	70121486	CpG: 28	319	28	204	17.6	63.9	0.86
1120	chr11	70128351	70129239	CpG: 85	888	85	599	19.1	67.5	0.84
1120	chr11	70145970	70146173	CpG: 17	203	17	132	16.7	65	0.8
1121	chr11	70300417	70301104	CpG: 60	687	60	459	17.5	66.8	0.79
1121	chr11	70323260	70323717	CpG: 58	457	58	342	25.4	74.8	0.99
1121	chr11	70342661	70343095	CpG: 38	434	38	278	17.5	64.1	0.86
1121	chr11	70350369	70350595	CpG: 25	226	25	160	22.1	70.8	0.88
1121	chr11	70356717	70356930	CpG: 20	213	20	144	18.8	67.6	0.86
1122	chr11	70410859	70411356	CpG: 48	497	48	334	19.3	67.2	0.86
1122	chr11	70430937	70431333	CpG: 34	396	34	233	17.2	58.8	0.99
1122	chr11	70453528	70454022	CpG: 72	494	72	383	29.1	77.5	0.97
1122	chr11	70506178	70506553	CpG: 28	375	28	226	14.9	60.3	0.82
1123	chr11	70537638	70538131	CpG: 50	493	50	312	20.3	63.3	1.02
1123	chr11	70544551	70547062	CpG: 197	2511	197	1507	15.7	60	0.88
1123	chr11	70559984	70560672	CpG: 56	688	56	423	16.3	61.5	0.87
1123	chr11	70578480	70579003	CpG: 55	523	55	373	21	71.3	0.85
1123	chr11	70590793	70591716	CpG: 75	923	75	524	16.3	56.8	1.01
1124	chr11	70654905	70655428	CpG: 67	523	67	374	25.6	71.5	1.03
1124	chr11	70735547	70736234	CpG: 84	687	84	512	24.5	74.5	0.88
1125	chr11	70860390	70860975	CpG: 49	585	49	364	16.8	62.2	0.87
1125	chr11	70873465	70873942	CpG: 59	477	59	347	24.7	72.7	0.95
1125	chr11	70894697	70895445	CpG: 61	748	61	449	16.3	60	0.91
140	chr11	70909892	70910802	CpG: 81	910	81	578	17.8	63.5	0.88
1126	chr11	70924007	70924310	CpG: 23	303	23	194	15.2	64	0.74
1131	chr11	71641448	71642498	CpG: 96	1050	96	665	18.3	63.3	0.91
1133	chr11	71933024	71933380	CpG: 33	356	33	231	18.5	64.9	0.97
1133	chr11	71941841	71942178	CpG: 34	337	34	231	20.2	68.5	0.86
1134	chr11	72026126	72026897	CpG: 96	771	96	522	24.9	67.7	1.09
1135	chr11	72098031	72098495	CpG: 36	464	36	293	15.5	63.1	0.78
1135	chr11	72105730	72106471	CpG: 67	741	67	466	18.1	62.9	0.92
1135	chr11	72157025	72158146	CpG: 78	1121	78	682	13.9	60.8	0.75
1135	chr11	72205214	72205458	CpG: 28	244	28	182	23	74.6	0.83
1136	chr11	72252696	72253004	CpG: 24	308	24	173	15.6	56.2	1
1136	chr11	72301957	72302720	CpG: 85	763	85	559	22.3	73.3	0.83
1136	chr11	72331884	72332365	CpG: 39	481	39	286	16.2	59.5	0.92
1137	chr11	72379671	72381035	CpG: 113	1364	113	863	16.6	63.3	0.83
1138	chr11	72497851	72499327	CpG: 183	1476	183	1103	24.8	74.7	0.9
1138	chr11	72580628	72581158	CpG: 46	530	46	331	17.4	62.5	0.89
1139	chr11	72686249	72687674	CpG: 120	1425	120	854	16.8	59.9	0.94
1140	chr11	72851901	72852422	CpG: 56	521	56	381	21.5	73.1	0.81
1141	chr11	72909532	72910553	CpG: 87	1021	87	670	17	65.6	0.81
1141	chr11	72938493	72939222	CpG: 79	729	79	503	21.7	69	0.94
1142	chr11	73028697	73029216	CpG: 69	519	69	373	26.6	71.9	1.03
1142	chr11	73051064	73051400	CpG: 37	336	37	242	22	72	0.85
1142	chr11	73067378	73068544	CpG: 103	1166	103	774	17.7	66.4	0.8
1142	chr11	73090160	73090587	CpG: 35	427	35	278	16.4	65.1	0.77
1143	chr11	73220320	73220577	CpG: 24	257	24	162	18.7	63	0.95
1152	chr11	74413186	74414255	CpG: 97	1069	97	655	18.1	61.3	0.97
1153	chr11	74480472	74481243	CpG: 83	771	83	501	21.5	65	1.05
1153	chr11	74501602	74501913	CpG: 36	311	36	208	23.2	66.9	1.06
1153	chr11	74510069	74510860	CpG: 67	791	67	490	16.9	61.9	0.88
1153	chr11	74528789	74529302	CpG: 70	513	70	387	27.3	75.4	0.96
1153	chr11	74540067	74540839	CpG: 100	772	100	555	25.9	71.9	1.01
1154	chr11	74614235	74615529	CpG: 103	1294	103	694	15.9	53.6	1.12
1154	chr11	74661590	74661960	CpG: 35	370	35	225	18.9	60.8	1.03
1155	chr11	74720725	74723190	CpG: 180	2465	180	1501	14.6	60.9	0.79
1155	chr11	74728474	74729578	CpG: 95	1104	95	744	17.2	67.4	0.77
1155	chr11	74787238	74789030	CpG: 154	1792	154	1142	17.2	63.7	0.85
1155	chr11	74816271	74817230	CpG: 92	959	92	593	19.2	61.8	1
1157	chr11	75056133	75060153	CpG: 320	4020	320	2605	15.9	64.8	0.76
1157	chr11	75061085	75061441	CpG: 31	356	31	244	17.4	68.5	0.75
1157	chr11	75063164	75064681	CpG: 127	1517	127	930	16.7	61.3	0.89
1157	chr11	75069438	75069690	CpG: 26	252	26	175	20.6	69.4	0.86
1157	chr11	75084082	75086065	CpG: 167	1983	167	1267	16.8	63.9	0.83
1158	chr11	75104645	75104892	CpG: 20	247	20	166	16.2	67.2	0.73
1159	chr11	75238912	75239425	CpG: 58	513	58	354	22.6	69	0.95
1159	chr11	75336124	75336609	CpG: 31	485	31	302	12.8	62.3	0.66
1159	chr11	75345276	75345593	CpG: 28	317	28	214	17.7	67.5	0.79
1159	chr11	75352333	75353142	CpG: 56	809	56	528	13.8	65.3	0.7
1160	chr11	75377476	75378064	CpG: 52	588	52	379	17.7	64.5	0.85
1160	chr11	75401029	75401634	CpG: 52	605	52	396	17.2	65.5	0.8
1160	chr11	75406198	75406417	CpG: 17	219	17	149	15.5	68	0.67
1160	chr11	75421927	75422997	CpG: 92	1070	92	677	17.2	63.3	0.88
1160	chr11	75478798	75479435	CpG: 64	637	64	402	20.1	63.1	1.08
1161	chr11	75521512	75522059	CpG: 53	547	53	354	19.4	64.7	0.93
1161	chr11	75542311	75542852	CpG: 49	541	49	368	18.1	68	0.79
1161	chr11	75546490	75547191	CpG: 73	701	73	489	20.8	69.8	0.86
1161	chr11	75569947	75570534	CpG: 71	587	71	433	24.2	73.8	0.89
1161	chr11	75623463	75624498	CpG: 111	1035	111	694	21.4	67.1	0.96
1162	chr11	75685788	75687084	CpG: 144	1296	144	819	22.2	63.2	1.12
1163	chr11	75857098	75858070	CpG: 79	972	79	611	16.3	62.9	0.83
1164	chr11	75917854	75918870	CpG: 122	1016	122	763	24	75.1	0.86
1165	chr11	76070327	76070747	CpG: 32	420	32	267	15.2	63.6	0.76
1165	chr11	76092683	76093287	CpG: 80	604	80	458	26.5	75.8	0.92
1165	chr11	76107960	76108544	CpG: 52	584	52	380	17.8	65.1	0.85
1165	chr11	76134217	76134781	CpG: 60	564	60	376	21.3	66.7	0.96
1167	chr11	76289268	76290118	CpG: 79	850	79	545	18.6	64.1	0.91
1167	chr11	76297931	76298199	CpG: 20	268	20	168	14.9	62.7	0.76
1167	chr11	76327781	76328039	CpG: 19	258	19	168	14.7	65.1	0.69
1167	chr11	76385403	76386047	CpG: 60	644	60	422	18.6	65.5	0.87
1167	chr11	76399743	76399987	CpG: 20	244	20	164	16.4	67.2	0.73
1168	chr11	76461871	76462392	CpG: 46	521	46	341	17.7	65.5	0.83
1168	chr11	76492104	76492437	CpG: 29	333	29	209	17.4	62.8	0.89
1168	chr11	76513063	76514676	CpG: 166	1613	166	1119	20.6	69.4	0.86
1169	chr11	76557158	76557435	CpG: 28	277	28	179	20.2	64.6	0.97
1169	chr11	76563530	76564036	CpG: 54	506	54	338	21.3	66.8	0.96
1170	chr11	76737007	76737873	CpG: 91	866	91	534	21	61.7	1.11
1171	chr11	76836346	76836925	CpG: 51	579	51	370	17.6	63.9	0.87
1171	chr11	76888242	76888543	CpG: 21	301	21	196	14	65.1	0.67
1171	chr11	76889310	76889666	CpG: 37	356	37	208	20.8	58.4	1.22
1172	chr11	76969035	76969513	CpG: 40	478	40	280	16.7	58.6	0.98
1173	chr11	77106830	77107518	CpG: 68	688	68	426	19.8	61.9	1.04
1174	chr11	77238926	77239490	CpG: 56	564	56	378	19.9	67	0.89
1175	chr11	77353084	77353799	CpG: 70	715	70	455	19.6	63.6	0.97
1175	chr11	77357984	77358201	CpG: 23	217	23	156	21.2	71.9	0.83
1175	chr11	77358611	77358868	CpG: 18	257	18	168	14	65.4	0.66
1175	chr11	77380049	77380960	CpG: 116	911	116	662	25.5	72.7	0.97
1175	chr11	77382536	77382740	CpG: 17	204	17	126	16.7	61.8	0.88
1175	chr11	77383854	77384819	CpG: 123	965	123	708	25.5	73.4	0.96
1175	chr11	77403653	77403991	CpG: 29	338	29	223	17.2	66	0.79
1175	chr11	77405731	77406814	CpG: 102	1083	102	745	18.8	68.8	0.8
1176	chr11	77498038	77498773	CpG: 70	735	70	512	19	69.7	0.79
1176	chr11	77577414	77578659	CpG: 110	1245	110	758	17.7	60.9	0.95
1177	chr11	77653878	77654462	CpG: 75	584	75	448	25.7	76.7	0.88
1177	chr11	77657435	77657662	CpG: 25	227	25	160	22	70.5	0.9
1178	chr11	77821628	77822464	CpG: 95	836	95	585	22.7	70	0.95
1179	chr11	77873248	77874188	CpG: 101	940	101	682	21.5	72.6	0.82
1179	chr11	77874762	77875386	CpG: 43	624	43	382	13.8	61.2	0.74
1179	chr11	77922834	77923525	CpG: 86	691	86	502	24.9	72.6	0.94
1179	chr11	77928832	77929051	CpG: 19	219	19	160	17.4	73.1	0.65
1179	chr11	77970912	77971255	CpG: 30	343	30	216	17.5	63	0.88
1180	chr11	78055806	78056691	CpG: 87	885	87	611	19.7	69	0.83
1180	chr11	78067409	78068122	CpG: 50	713	50	380	14	53.3	0.99
1180	chr11	78069039	78069836	CpG: 79	797	79	509	19.8	63.9	0.98
1180	chr11	78074129	78074365	CpG: 21	236	21	151	17.8	64	0.91
1180	chr11	78079432	78080304	CpG: 97	872	97	630	22.2	72.2	0.86
1181	chr11	78136597	78137125	CpG: 38	528	38	306	14.4	58	0.87
1181	chr11	78152243	78153189	CpG: 101	946	101	595	21.4	62.9	1.08
1181	chr11	78192324	78192685	CpG: 32	361	32	203	17.7	56.2	1.15
1181	chr11	78219128	78219651	CpG: 55	523	55	360	21	68.8	0.89
1182	chr11	78288242	78288478	CpG: 17	236	17	141	14.4	59.7	0.82
1182	chr11	78356484	78356934	CpG: 38	450	38	298	16.9	66.2	0.77
1182	chr11	78378652	78378946	CpG: 26	294	26	191	17.7	65	0.84
1183	chr11	78381468	78382007	CpG: 62	539	62	366	23	67.9	1.01
1183	chr11	78387847	78388289	CpG: 48	442	48	306	21.7	69.2	0.91
1183	chr11	78402692	78403308	CpG: 56	616	56	369	18.2	59.9	1.01
1183	chr11	78426832	78427574	CpG: 62	742	62	465	16.7	62.7	0.85
1183	chr11	78441258	78441902	CpG: 54	644	54	413	16.8	64.1	0.82
1184	chr11	78587892	78588398	CpG: 46	506	46	336	18.2	66.4	0.83
1184	chr11	78642191	78642621	CpG: 44	430	44	282	20.5	65.6	0.95
1185	chr11	78717272	78717681	CpG: 47	409	47	299	23	73.1	0.89
1186	chr11	78815822	78816214	CpG: 46	392	46	278	23.5	70.9	0.95
1187	chr11	78935662	78936010	CpG: 25	348	25	232	14.4	66.7	0.7
1188	chr11	79036465	79037492	CpG: 83	1027	83	580	16.2	56.5	1.02
1188	chr11	79144845	79145738	CpG: 84	893	84	579	18.8	64.8	0.9
1189	chr11	79230018	79231055	CpG: 90	1037	90	585	17.4	56.4	1.1
1191	chr11	79481708	79482379	CpG: 93	671	93	498	27.7	74.2	1.01
1191	chr11	79551241	79551895	CpG: 68	654	68	463	20.8	70.8	0.83
1192	chr11	79594909	79595428	CpG: 57	519	57	359	22	69.2	0.93
1192	chr11	79601704	79603050	CpG: 133	1346	133	883	19.8	65.6	0.93
1192	chr11	79623134	79623335	CpG: 16	201	16	131	15.9	65.2	0.78
1194	chr11	79853051	79853508	CpG: 34	457	34	253	14.9	55.4	0.97
1194	chr11	79865050	79865312	CpG: 27	262	27	176	20.6	67.2	0.92
1194	chr11	79883301	79884151	CpG: 83	850	83	545	19.5	64.1	0.95
1194	chr11	79884436	79884680	CpG: 22	244	22	165	18	67.6	0.81
1195	chr11	79971592	79971879	CpG: 36	287	36	184	25.1	64.1	1.28
1195	chr11	79980147	79980504	CpG: 40	357	40	239	22.4	66.9	1.01
1195	chr11	80044857	80045511	CpG: 49	654	49	390	15	59.6	0.86
1196	chr11	80099893	80100380	CpG: 52	487	52	342	21.4	70.2	0.87
1196	chr11	80191525	80192588	CpG: 119	1063	119	750	22.4	70.6	0.9
1197	chr11	80268711	80268928	CpG: 23	217	23	147	21.2	67.7	1.02
1197	chr11	80273947	80274182	CpG: 21	235	21	149	17.9	63.4	0.89
1197	chr11	80319294	80320108	CpG: 81	814	81	552	19.9	67.8	0.88
1198	chr11	80367346	80368514	CpG: 131	1168	131	739	22.4	63.3	1.12
1200	chr11	80670388	80671058	CpG: 69	670	69	417	20.6	62.2	1.06
1200	chr11	80700999	80701446	CpG: 40	447	40	305	17.9	68.2	0.78
1203	chr11	81042541	81044548	CpG: 167	2007	167	1276	16.6	63.6	0.82
1209	chr11	81859365	81859702	CpG: 26	337	26	205	15.4	60.8	0.83
1212	chr11	82277888	82280631	CpG: 245	2743	245	1816	17.9	66.2	0.82
1213	chr11	82325069	82325909	CpG: 72	840	72	500	17.1	59.5	0.97
1215	chr11	82654682	82655617	CpG: 66	935	66	564	14.1	60.3	0.78
1215	chr11	82671841	82672503	CpG: 64	662	64	418	19.3	63.1	0.97
1216	chr11	82761837	82762188	CpG: 46	351	46	272	26.2	77.5	0.89
1216	chr11	82781350	82781559	CpG: 19	209	19	137	18.2	65.6	0.85
1216	chr11	82798816	82799335	CpG: 56	519	56	351	21.6	67.6	0.96
1216	chr11	82820964	82824210	CpG: 485	3246	485	2457	29.9	75.7	1.27
1219	chr11	83189551	83189983	CpG: 43	432	43	280	19.9	64.8	0.95
1219	chr11	83193421	83194104	CpG: 46	683	46	400	13.5	58.6	0.8
1220	chr11	83300220	83300928	CpG: 70	708	70	494	19.8	69.8	0.83
1220	chr11	83309320	83309724	CpG: 42	404	42	270	20.8	66.8	0.93
1220	chr11	83331230	83331576	CpG: 39	346	39	245	22.5	70.8	0.91
1220	chr11	83333520	83333744	CpG: 19	224	19	150	17	67	0.76
1220	chr11	83335646	83335876	CpG: 32	230	32	157	27.8	68.3	1.19
1220	chr11	83353519	83353967	CpG: 40	448	40	300	17.9	67	0.8
1221	chr11	83363447	83364589	CpG: 102	1142	102	703	17.9	61.6	0.94
1223	chr11	83644505	83644844	CpG: 38	339	38	233	22.4	68.7	0.95
1223	chr11	83741977	83742283	CpG: 27	306	27	204	17.6	66.7	0.79
1223	chr11	83742862	83743166	CpG: 24	304	24	189	15.8	62.2	0.82
1223	chr11	83744056	83744285	CpG: 20	229	20	147	17.5	64.2	0.85
1224	chr11	83832753	83833200	CpG: 46	447	46	267	20.6	59.7	1.15
1224	chr11	83855151	83855618	CpG: 68	467	68	368	29.1	78.8	0.98
1225	chr11	83958933	83959247	CpG: 47	314	47	243	29.9	77.4	1
1226	chr11	84020107	84020658	CpG: 82	551	82	420	29.8	76.2	1.03
1226	chr11	84070149	84071244	CpG: 116	1095	116	751	21.2	68.6	0.9
1228	chr11	84404124	84404613	CpG: 63	489	63	339	25.8	69.3	1.07
1229	chr11	84410998	84411339	CpG: 34	341	34	218	19.9	63.9	0.98
1229	chr11	84413504	84413724	CpG: 21	220	21	145	19.1	65.9	0.88
1229	chr11	84415739	84416639	CpG: 85	900	85	585	18.9	65	0.9
1229	chr11	84416778	84417019	CpG: 20	241	20	150	16.6	62.2	0.86
1229	chr11	84533187	84533753	CpG: 58	566	58	348	20.5	61.5	1.09
1231	chr11	84709535	84710462	CpG: 72	927	72	612	15.5	66	0.72
1231	chr11	84719523	84720131	CpG: 52	608	52	382	17.1	62.8	0.87
1231	chr11	84760394	84761820	CpG: 113	1426	113	861	15.8	60.4	0.87
1231	chr11	84770606	84771337	CpG: 87	731	87	538	23.8	73.6	0.89
1232	chr11	84848545	84849074	CpG: 43	529	43	343	16.3	64.8	0.78
1233	chr11	85030281	85031309	CpG: 99	1028	99	684	19.3	66.5	0.91
1234	chr11	85125337	85126100	CpG: 95	763	95	479	24.9	62.8	1.3
1235	chr11	85201442	85201643	CpG: 18	201	18	113	17.9	56.2	1.16
1235	chr11	85201861	85202864	CpG: 108	1003	108	638	21.5	63.6	1.07
1235	chr11	85243473	85244074	CpG: 43	601	43	360	14.3	59.9	0.8
1238	chr11	85720113	85720448	CpG: 27	335	27	235	16.1	70.1	0.66
154	chr11	85720903	85721269	CpG: 37	366	37	271	20.2	74	0.74
1239	chr11	85722915	85724256	CpG: 112	1341	112	793	16.7	59.1	0.96
1239	chr11	85727720	85728236	CpG: 39	516	39	330	15.1	64	0.75
1239	chr11	85728598	85729274	CpG: 65	676	65	466	19.2	68.9	0.81
1239	chr11	85731623	85731911	CpG: 21	288	21	201	14.6	69.8	0.6
1239	chr11	85732670	85733007	CpG: 40	337	40	237	23.7	70.3	0.96
1239	chr11	85734918	85735431	CpG: 44	513	44	329	17.2	64.1	0.84
1239	chr11	85777093	85777429	CpG: 25	336	25	241	14.9	71.7	0.6
1241	chr11	86091762	86092618	CpG: 69	856	69	489	16.1	57.1	0.99
1242	chr11	86147951	86148223	CpG: 22	272	22	166	16.2	61	0.87
1242	chr11	86148368	86148599	CpG: 23	231	23	136	19.9	58.9	1.18
1243	chr11	86248105	86249250	CpG: 96	1145	96	635	16.8	55.5	1.09
1243	chr11	86375029	86376006	CpG: 83	977	83	572	17	58.5	1
1244	chr11	86435026	86435812	CpG: 74	786	74	538	18.8	68.4	0.84
1245	chr11	86574463	86574974	CpG: 48	511	48	317	18.8	62	0.98
1246	chr11	86648240	86649047	CpG: 75	807	75	533	18.6	66	0.86
1246	chr11	86698128	86698621	CpG: 55	493	55	329	22.3	66.7	1.01
1247	chr11	86883849	86884777	CpG: 91	928	91	627	19.6	67.6	0.87
1248	chr11	86964788	86965070	CpG: 35	282	35	196	24.8	69.5	1.03
1248	chr11	86977199	86977620	CpG: 34	421	34	267	16.2	63.4	0.82
1248	chr11	86999550	86999756	CpG: 16	206	16	114	15.5	55.3	1.06
1248	chr11	87000269	87000761	CpG: 40	492	40	304	16.3	61.8	0.87
1248	chr11	87017621	87018532	CpG: 104	911	104	633	22.8	69.5	0.95
1250	chr11	87248957	87250100	CpG: 113	1143	113	776	19.8	67.9	0.86
1251	chr11	87295162	87295561	CpG: 39	399	39	231	19.5	57.9	1.17
1251	chr11	87333612	87334007	CpG: 47	395	47	254	23.8	64.3	1.2
1251	chr11	87339002	87339397	CpG: 46	395	46	253	23.3	64.1	1.18
1251	chr11	87352719	87353056	CpG: 41	337	41	218	24.3	64.7	1.23
1251	chr11	87361765	87362138	CpG: 41	373	41	235	22	63	1.16
1252	chr11	87469273	87469521	CpG: 24	248	24	174	19.4	70.2	0.8
1252	chr11	87482423	87483204	CpG: 62	781	62	500	15.9	64	0.78
1252	chr11	87486313	87486676	CpG: 33	363	33	247	18.2	68	0.79
1252	chr11	87507728	87508268	CpG: 61	540	61	397	22.6	73.5	0.84
1252	chr11	87530062	87530285	CpG: 28	223	28	160	25.1	71.7	0.99
1253	chr11	87627521	87627827	CpG: 24	306	24	166	15.7	54.2	1.07
1253	chr11	87628077	87628733	CpG: 69	656	69	435	21	66.3	0.96
1253	chr11	87654907	87655665	CpG: 63	758	63	525	16.6	69.3	0.69
1254	chr11	87707968	87708242	CpG: 24	274	24	167	17.5	60.9	0.96
1254	chr11	87743958	87744166	CpG: 28	208	28	144	26.9	69.2	1.12
1254	chr11	87762209	87762439	CpG: 19	230	19	140	16.5	60.9	0.92
1255	chr11	87877833	87878480	CpG: 78	647	78	457	24.1	70.6	0.98
1255	chr11	87938015	87939479	CpG: 159	1464	159	937	21.7	64	1.06
1256	chr11	87959037	87960126	CpG: 105	1089	105	674	19.3	61.9	1.01
1256	chr11	87989905	87990783	CpG: 121	878	121	669	27.6	76.2	0.96
1256	chr11	87994013	87994248	CpG: 17	235	17	131	14.5	55.7	0.93
1256	chr11	88060472	88060898	CpG: 32	426	32	279	15	65.5	0.7
1257	chr11	88084283	88084724	CpG: 32	441	32	284	14.5	64.4	0.72
1257	chr11	88094986	88095429	CpG: 39	443	39	267	17.6	60.3	0.97
1261	chr11	88608666	88609953	CpG: 139	1287	139	851	21.6	66.1	0.99
1262	chr11	88754761	88755661	CpG: 98	900	98	623	21.8	69.2	0.92
1262	chr11	88846053	88846339	CpG: 28	286	28	178	19.6	62.2	1.01
1262	chr11	88864652	88865018	CpG: 34	366	34	240	18.6	65.6	0.87
1263	chr11	88890060	88890828	CpG: 65	768	65	493	16.9	64.2	0.83
1263	chr11	88950826	88951765	CpG: 92	939	92	635	19.6	67.6	0.86
1265	chr11	89189189	89189564	CpG: 32	375	32	205	17.1	54.7	1.14
1265	chr11	89190079	89190282	CpG: 18	203	18	136	17.7	67	0.86
1265	chr11	89192200	89193308	CpG: 111	1108	111	768	20	69.3	0.84
1272	chr11	90140050	90140648	CpG: 55	598	55	368	18.4	61.5	0.98
1273	chr11	90280455	90280681	CpG: 21	226	21	143	18.6	63.3	0.96
1273	chr11	90281561	90282012	CpG: 52	451	52	323	23.1	71.6	0.93
1274	chr11	90308745	90309112	CpG: 36	367	36	230	19.6	62.7	1.01
1275	chr11	90528595	90529499	CpG: 88	904	88	610	19.5	67.5	0.87
1276	chr11	90578174	90578645	CpG: 39	471	39	319	16.6	67.7	0.73
1294	chr11	92989125	92990343	CpG: 86	1218	86	676	14.1	55.5	0.93
1300	chr11	93775672	93777416	CpG: 168	1744	168	1092	19.3	62.6	0.98
1300	chr11	93846226	93846888	CpG: 59	662	59	437	17.8	66	0.82
1301	chr11	93886583	93887553	CpG: 87	970	87	558	17.9	57.5	1.09
1302	chr11	94039740	94040214	CpG: 47	474	47	304	19.8	64.1	0.97
1302	chr11	94101069	94102919	CpG: 160	1850	160	1151	17.3	62.2	0.9
1303	chr11	94212225	94212970	CpG: 80	745	80	524	21.5	70.3	0.91
1303	chr11	94218765	94219478	CpG: 62	713	62	461	17.4	64.7	0.85
1304	chr11	94364143	94365458	CpG: 102	1315	102	863	15.5	65.6	0.72
1305	chr11	94376811	94377132	CpG: 25	321	25	200	15.6	62.3	0.8
1305	chr11	94381927	94382310	CpG: 44	383	44	276	23	72.1	0.9
1305	chr11	94390634	94390867	CpG: 18	233	18	155	15.5	66.5	0.7
1305	chr11	94412081	94412383	CpG: 33	302	33	200	21.9	66.2	1.02
1305	chr11	94439684	94440114	CpG: 43	430	43	290	20	67.4	0.88
1305	chr11	94492448	94492690	CpG: 29	242	29	161	24	66.5	1.1
1306	chr11	94520429	94520993	CpG: 46	564	46	317	16.3	56.2	1.03
1306	chr11	94544553	94544829	CpG: 22	276	22	169	15.9	61.2	0.9
1306	chr11	94567796	94568407	CpG: 58	611	58	391	19	64	0.94
1308	chr11	94869919	94870128	CpG: 17	209	17	135	16.3	64.6	0.79
1308	chr11	94881724	94883816	CpG: 204	2092	204	1433	19.5	68.5	0.83
1309	chr11	94900641	94901392	CpG: 67	751	67	419	17.8	55.8	1.18
1309	chr11	94910730	94911098	CpG: 40	368	40	254	21.7	69	0.94
1309	chr11	94931922	94932333	CpG: 44	411	44	277	21.4	67.4	0.95
1309	chr11	94966902	94967979	CpG: 98	1077	98	710	18.2	65.9	0.84
1309	chr11	95009049	95009314	CpG: 24	265	24	191	18.1	72.1	0.71
1309	chr11	95010832	95012689	CpG: 136	1857	136	1096	14.6	59	0.86
1310	chr11	95033964	95034214	CpG: 20	250	20	157	16	62.8	0.81
1310	chr11	95035877	95037132	CpG: 95	1255	95	792	15.1	63.1	0.76
1310	chr11	95092916	95093305	CpG: 46	389	46	288	23.7	74	0.87
1310	chr11	95114219	95114513	CpG: 32	294	32	206	21.8	70.1	0.91
1310	chr11	95149418	95150483	CpG: 104	1065	104	701	19.5	65.8	0.92
1311	chr11	95200377	95201084	CpG: 62	707	62	441	17.5	62.4	0.9
1311	chr11	95227785	95228438	CpG: 55	653	55	408	16.8	62.5	0.94
1311	chr11	95275248	95275880	CpG: 51	632	51	366	16.1	57.9	0.98
1312	chr11	95404234	95405819	CpG: 138	1585	138	1071	17.4	67.6	0.77
1313	chr11	95468802	95469231	CpG: 33	429	33	265	15.4	61.8	0.81
1313	chr11	95476066	95476313	CpG: 23	247	23	157	18.6	63.6	0.94
1313	chr11	95477120	95477600	CpG: 36	480	36	300	15	62.5	0.77
1313	chr11	95536373	95536629	CpG: 21	256	21	184	16.4	71.9	0.66
1314	chr11	95603424	95604351	CpG: 89	927	89	519	19.2	56	1.23
1315	chr11	95687430	95687716	CpG: 39	286	39	216	27.3	75.5	0.96
1315	chr11	95714823	95715536	CpG: 67	713	67	461	18.8	64.7	0.91
1315	chr11	95721313	95722184	CpG: 83	871	83	544	19.1	62.5	0.98
1315	chr11	95749589	95750669	CpG: 81	1080	81	607	15	56.2	0.95
1315	chr11	95805307	95805895	CpG: 44	588	44	352	15	59.9	0.86
1316	chr11	95882140	95882420	CpG: 23	280	23	174	16.4	62.1	0.89
1316	chr11	95895396	95898644	CpG: 268	3248	268	2033	16.5	62.6	0.85
1316	chr11	95925689	95925912	CpG: 28	223	28	155	25.1	69.5	1.09
1317	chr11	95955429	95956353	CpG: 103	924	103	666	22.3	72.1	0.86
1317	chr11	95966620	95966870	CpG: 21	250	21	138	16.8	55.2	1.11
1317	chr11	96015149	96015404	CpG: 25	255	25	177	19.6	69.4	0.81
1317	chr11	96066353	96066554	CpG: 15	201	15	104	14.9	51.7	1.18
1318	chr11	96094089	96094546	CpG: 35	457	35	271	15.3	59.3	0.87
1318	chr11	96142361	96142859	CpG: 47	498	47	318	18.9	63.9	0.93
1318	chr11	96160414	96160640	CpG: 17	226	17	118	15	52.2	1.14
1318	chr11	96161881	96163621	CpG: 146	1740	146	1105	16.8	63.5	0.83
1318	chr11	96173832	96174227	CpG: 37	395	37	267	18.7	67.6	0.83
1318	chr11	96174815	96175477	CpG: 43	662	43	383	13	57.9	0.79
1318	chr11	96177503	96178275	CpG: 66	772	66	479	17.1	62	0.9
1318	chr11	96189925	96190410	CpG: 57	485	57	327	23.5	67.4	1.05
1318	chr11	96194027	96194947	CpG: 71	920	71	541	15.4	58.8	0.94
1318	chr11	96195731	96196050	CpG: 26	319	26	191	16.3	59.9	0.93
1318	chr11	96205365	96205815	CpG: 35	450	35	246	15.6	54.7	1.05
1319	chr11	96209633	96210088	CpG: 44	455	44	298	19.3	65.5	0.92
1319	chr11	96210868	96211219	CpG: 32	351	32	235	18.2	67	0.81
1319	chr11	96223541	96224094	CpG: 52	553	52	358	18.8	64.7	0.91
1319	chr11	96231628	96231928	CpG: 28	300	28	203	18.7	67.7	0.82
1319	chr11	96232763	96233146	CpG: 33	383	33	242	17.2	63.2	0.89
1319	chr11	96234915	96235255	CpG: 26	340	26	228	15.3	67.1	0.68
1319	chr11	96236479	96237099	CpG: 55	620	55	411	17.7	66.3	0.82
1319	chr11	96243770	96244315	CpG: 61	545	61	370	22.4	67.9	0.97
1319	chr11	96256700	96257091	CpG: 26	391	26	252	13.3	64.5	0.64
1319	chr11	96257627	96257847	CpG: 20	220	20	134	18.2	60.9	0.98
1320	chr11	96355326	96355551	CpG: 32	225	32	176	28.4	78.2	0.98
1322	chr11	96668250	96668656	CpG: 39	406	39	245	19.2	60.3	1.06
1322	chr11	96679871	96680628	CpG: 89	757	89	506	23.5	66.8	1.09
1322	chr11	96720201	96721297	CpG: 78	1096	78	671	14.2	61.2	0.78
1323	chr11	96740712	96741251	CpG: 42	539	42	360	15.6	66.8	0.73
1323	chr11	96752511	96753115	CpG: 46	604	46	371	15.2	61.4	0.81
1323	chr11	96806942	96807629	CpG: 55	687	55	435	16	63.3	0.8
1323	chr11	96834531	96834740	CpG: 21	209	21	138	20.1	66	0.93
1324	chr11	96868053	96868559	CpG: 44	506	44	280	17.4	55.3	1.15
1324	chr11	96888127	96888508	CpG: 30	381	30	265	15.7	69.6	0.66
1324	chr11	96909471	96910026	CpG: 56	555	56	380	20.2	68.5	0.87
1324	chr11	96912276	96913407	CpG: 88	1131	88	746	15.6	66	0.72
1324	chr11	96932177	96932577	CpG: 33	400	33	242	16.5	60.5	0.9
1325	chr11	97005392	97006166	CpG: 88	774	88	543	22.7	70.2	0.92
1325	chr11	97029470	97030145	CpG: 70	675	70	451	20.7	66.8	0.97
1325	chr11	97041424	97042628	CpG: 149	1204	149	929	24.8	77.2	0.87
1325	chr11	97077954	97079437	CpG: 157	1483	157	952	21.2	64.2	1.05
1326	chr11	97170608	97171688	CpG: 126	1080	126	755	23.3	69.9	0.96
1326	chr11	97229725	97229960	CpG: 18	235	18	150	15.3	63.8	0.79
1326	chr11	97252833	97254244	CpG: 116	1411	116	818	16.4	58	0.98
1327	chr11	97295075	97295577	CpG: 52	502	52	327	20.7	65.1	1.01
1327	chr11	97306197	97306933	CpG: 66	736	66	523	17.9	71.1	0.71
1327	chr11	97330871	97331542	CpG: 83	671	83	510	24.7	76	0.87
1327	chr11	97354213	97354432	CpG: 31	219	31	162	28.3	74	1.05
1328	chr11	97390963	97391805	CpG: 106	842	106	574	25.2	68.2	1.08
1328	chr11	97422654	97422886	CpG: 29	232	29	162	25	69.8	1.03
1328	chr11	97425282	97426105	CpG: 90	823	90	555	21.9	67.4	0.97
1328	chr11	97427124	97427516	CpG: 32	392	32	245	16.3	62.5	0.84
1328	chr11	97437211	97438064	CpG: 109	853	109	638	25.6	74.8	0.92
1328	chr11	97442580	97442809	CpG: 22	229	22	163	19.2	71.2	0.77
1328	chr11	97465800	97466281	CpG: 49	481	49	269	20.4	55.9	1.32
1329	chr11	97519081	97520791	CpG: 198	1710	198	1253	23.2	73.3	0.86
1329	chr11	97550864	97551379	CpG: 65	515	65	349	25.2	67.8	1.11
1329	chr11	97554036	97554884	CpG: 70	848	70	494	16.5	58.3	0.98
1329	chr11	97576527	97576831	CpG: 35	304	35	220	23	72.4	0.88
1329	chr11	97589723	97591542	CpG: 153	1819	153	1113	16.8	61.2	0.9
1329	chr11	97634989	97636212	CpG: 94	1223	94	722	15.4	59	0.88
1330	chr11	97672602	97673427	CpG: 74	825	74	520	17.9	63	0.91
1330	chr11	97690171	97691257	CpG: 85	1086	85	669	15.7	61.6	0.83
1330	chr11	97774946	97775248	CpG: 22	302	22	188	14.6	62.3	0.78
1331	chr11	97877024	97877399	CpG: 47	375	47	257	25.1	68.5	1.07
1332	chr11	97912770	97913424	CpG: 49	654	49	413	15	63.1	0.78
1332	chr11	97917302	97918239	CpG: 89	937	89	586	19	62.5	0.97
1332	chr11	97943058	97944248	CpG: 113	1190	113	816	19	68.6	0.81
1332	chr11	98039909	98041473	CpG: 150	1564	150	1067	19.2	68.2	0.83
1333	chr11	98083650	98084230	CpG: 50	580	50	382	17.2	65.9	0.8
1333	chr11	98093437	98094552	CpG: 96	1115	96	694	17.2	62.2	0.9
1334	chr11	98185383	98185807	CpG: 43	424	43	275	20.3	64.9	0.96
1334	chr11	98204872	98205077	CpG: 16	205	16	108	15.6	52.7	1.13
1334	chr11	98217870	98219846	CpG: 177	1976	177	1239	17.9	62.7	0.91
1334	chr11	98220370	98220582	CpG: 21	212	21	145	19.8	68.4	0.86
1334	chr11	98225257	98225568	CpG: 25	311	25	215	16.1	69.1	0.68
1334	chr11	98229353	98229912	CpG: 63	559	63	362	22.5	64.8	1.09
1334	chr11	98239209	98240025	CpG: 67	816	67	558	16.4	68.4	0.71
1334	chr11	98249074	98249562	CpG: 51	488	51	344	20.9	70.5	0.86
1334	chr11	98272198	98272452	CpG: 29	254	29	209	22.8	82.3	0.86
1334	chr11	98275042	98275264	CpG: 16	222	16	153	14.4	68.9	0.61
1334	chr11	98277506	98277708	CpG: 19	202	19	128	18.8	63.4	0.94
1334	chr11	98290992	98291331	CpG: 34	339	34	219	20.1	64.6	0.96
1334	chr11	98303133	98303364	CpG: 18	231	18	143	15.6	61.9	0.85
1334	chr11	98303469	98303961	CpG: 49	492	49	340	19.9	69.1	0.83
1335	chr11	98329481	98329887	CpG: 34	406	34	269	16.7	66.3	0.76
1335	chr11	98348328	98349121	CpG: 64	793	64	496	16.1	62.5	0.83
1336	chr11	98436505	98436944	CpG: 62	439	62	315	28.2	71.8	1.1
1336	chr11	98441762	98442218	CpG: 42	456	42	312	18.4	68.4	0.79
1336	chr11	98477858	98478260	CpG: 38	402	38	272	18.9	67.7	0.84
1337	chr11	98573402	98573824	CpG: 45	422	45	296	21.3	70.1	0.88
1337	chr11	98632391	98633198	CpG: 91	807	91	605	22.6	75	0.81
1337	chr11	98658970	98659319	CpG: 27	349	27	221	15.5	63.3	0.78
1337	chr11	98664631	98664952	CpG: 28	321	28	215	17.4	67	0.78
1337	chr11	98685580	98687172	CpG: 154	1592	154	1024	19.3	64.3	0.94
1338	chr11	98700388	98700765	CpG: 43	377	43	258	22.8	68.4	0.98
1338	chr11	98727612	98728220	CpG: 59	608	59	455	19.4	74.8	0.69
1338	chr11	98754315	98754896	CpG: 48	581	48	355	16.5	61.1	0.92
1338	chr11	98798439	98798914	CpG: 43	475	43	293	18.1	61.7	1.02
1338	chr11	98826997	98827265	CpG: 25	268	25	180	18.7	67.2	0.9
167	chr11	98828180	98828964	CpG: 69	784	69	534	17.6	68.1	0.77
1339	chr11	98850430	98850938	CpG: 36	508	36	323	14.2	63.6	0.71
1339	chr11	98851260	98851827	CpG: 53	567	53	401	18.7	70.7	0.75
1339	chr11	98872994	98873855	CpG: 104	861	104	587	24.2	68.2	1.04
1339	chr11	98914755	98915008	CpG: 31	253	31	166	24.5	65.6	1.15
1339	chr11	98931837	98932641	CpG: 77	804	77	577	19.2	71.8	0.75
1341	chr11	99120998	99121921	CpG: 105	923	105	628	22.8	68	0.98
1342	chr11	99276778	99277153	CpG: 55	375	55	267	29.3	71.2	1.2
1346	chr11	99822906	99823129	CpG: 26	223	26	158	23.3	70.9	0.95
1346	chr11	99823371	99823572	CpG: 15	201	15	109	14.9	54.2	1.02
1348	chr11	100036136	100036633	CpG: 38	497	38	316	15.3	63.6	0.77
1349	chr11	100156369	100156572	CpG: 17	203	17	126	16.7	62.1	0.94
1349	chr11	100210493	100211357	CpG: 90	864	90	595	20.8	68.9	0.88
1349	chr11	100246139	100247000	CpG: 71	861	71	565	16.5	65.6	0.77
1349	chr11	100247257	100247489	CpG: 18	232	18	136	15.5	58.6	0.93
1350	chr11	100288020	100288772	CpG: 61	752	61	504	16.2	67	0.72
1350	chr11	100304875	100305682	CpG: 82	807	82	540	20.3	66.9	0.91
1350	chr11	100331572	100331968	CpG: 44	396	44	283	22.2	71.5	0.9
1350	chr11	100362746	100363712	CpG: 90	966	90	580	18.6	60	1.04
1351	chr11	100418031	100418798	CpG: 55	767	55	483	14.3	63	0.72
1351	chr11	100465706	100465926	CpG: 30	220	30	169	27.3	76.8	0.93
1351	chr11	100467182	100467444	CpG: 21	262	21	161	16	61.5	0.85
1351	chr11	100509910	100510666	CpG: 65	756	65	505	17.2	66.8	0.77
1351	chr11	100513630	100513876	CpG: 23	246	23	173	18.7	70.3	0.76
1351	chr11	100530875	100531434	CpG: 56	559	56	369	20	66	0.92
1352	chr11	100599361	100599568	CpG: 19	207	19	127	18.4	61.4	0.98
1352	chr11	100604689	100605104	CpG: 31	415	31	262	14.9	63.1	0.75
1352	chr11	100628903	100629404	CpG: 38	501	38	316	15.2	63.1	0.76
1352	chr11	100650342	100650943	CpG: 59	601	59	422	19.6	70.2	0.8
1352	chr11	100652627	100652933	CpG: 27	306	27	204	17.6	66.7	0.8
1353	chr11	100740911	100741786	CpG: 116	875	116	650	26.5	74.3	0.99
1353	chr11	100751110	100751436	CpG: 38	326	38	230	23.3	70.6	0.94
1354	chr11	100830011	100830249	CpG: 28	238	28	176	23.5	73.9	0.87
1354	chr11	100849401	100850071	CpG: 73	670	73	444	21.8	66.3	1.01
1354	chr11	100859983	100861498	CpG: 110	1515	110	947	14.5	62.5	0.75
1354	chr11	100900257	100900464	CpG: 19	207	19	113	18.4	54.6	1.32
1355	chr11	100960709	100961319	CpG: 60	610	60	425	19.7	69.7	0.82
1355	chr11	100970542	100970876	CpG: 27	334	27	218	16.2	65.3	0.76
1355	chr11	100973280	100973616	CpG: 22	336	22	181	13.1	53.9	0.9
1355	chr11	100978014	100978446	CpG: 42	432	42	291	19.4	67.4	0.88
1355	chr11	100986018	100986542	CpG: 41	524	41	332	15.6	63.4	0.78
1355	chr11	101010354	101011025	CpG: 69	671	69	430	20.6	64.1	1.01
1355	chr11	101046667	101047019	CpG: 33	352	33	233	18.8	66.2	0.86
1355	chr11	101055003	101055354	CpG: 44	351	44	263	25.1	74.9	0.92
1356	chr11	101061169	101062160	CpG: 66	991	66	623	13.3	62.9	0.69
1356	chr11	101064494	101065124	CpG: 58	630	58	416	18.4	66	0.85
1356	chr11	101116717	101117376	CpG: 53	659	53	387	16.1	58.7	0.96
1356	chr11	101137053	101137508	CpG: 49	455	49	320	21.5	70.3	0.87
1356	chr11	101144454	101144897	CpG: 34	443	34	288	15.3	65	0.73
1356	chr11	101151322	101151693	CpG: 36	371	36	267	19.4	72	0.75
1356	chr11	101154604	101154820	CpG: 17	216	17	125	15.7	57.9	0.96
1356	chr11	101155974	101156268	CpG: 26	294	26	193	17.7	65.6	0.85
1357	chr11	101192685	101193226	CpG: 46	541	46	354	17	65.4	0.79
1357	chr11	101206646	101207065	CpG: 35	419	35	263	16.7	62.8	0.85
1357	chr11	101307852	101308317	CpG: 48	465	48	300	20.6	64.5	0.99
1357	chr11	101315798	101316543	CpG: 77	745	77	488	20.7	65.5	0.99
1358	chr11	101333314	101333679	CpG: 37	365	37	236	20.3	64.7	0.97
1358	chr11	101356462	101357188	CpG: 77	726	77	486	21.2	66.9	0.95
1358	chr11	101358641	101359346	CpG: 70	705	70	474	19.9	67.2	0.91
1358	chr11	101442602	101442803	CpG: 21	201	21	120	20.9	59.7	1.18
1359	chr11	101532258	101532571	CpG: 38	313	38	201	24.3	64.2	1.26
1359	chr11	101536758	101537072	CpG: 38	314	38	201	24.2	64	1.26
1359	chr11	101548795	101549061	CpG: 27	266	27	161	20.3	60.5	1.19
1359	chr11	101556308	101556677	CpG: 38	369	38	243	20.6	65.9	0.99
1360	chr11	101623548	101623933	CpG: 36	385	36	234	18.7	60.8	1.01
1360	chr11	101675364	101676074	CpG: 64	710	64	455	18	64.1	0.88
1361	chr11	101828015	101828474	CpG: 38	459	38	275	16.6	59.9	0.93
1362	chr11	101854630	101855112	CpG: 66	482	66	344	27.4	71.4	1.08
1362	chr11	101875229	101875795	CpG: 59	566	59	402	20.8	71	0.83
1362	chr11	101917292	101917735	CpG: 46	443	46	322	20.8	72.7	0.79
1363	chr11	101978004	101978561	CpG: 38	557	38	354	13.6	63.6	0.69
1363	chr11	101979274	101979655	CpG: 32	381	32	224	16.8	58.8	0.98
1363	chr11	101997967	101998171	CpG: 18	204	18	141	17.6	69.1	0.74
1363	chr11	102036355	102036840	CpG: 50	485	50	336	20.6	69.3	0.86
1363	chr11	102046988	102047273	CpG: 27	285	27	177	18.9	62.1	0.99
1363	chr11	102075729	102076168	CpG: 43	439	43	260	19.6	59.2	1.12
1363	chr11	102080375	102080638	CpG: 24	263	24	178	18.3	67.7	0.81
1364	chr11	102120477	102121109	CpG: 73	632	73	426	23.1	67.4	1.02
1364	chr11	102135980	102136265	CpG: 26	285	26	179	18.2	62.8	0.93
1364	chr11	102139547	102140090	CpG: 45	543	45	338	16.6	62.2	0.87
1364	chr11	102167330	102167554	CpG: 20	224	20	127	17.9	56.7	1.11
1364	chr11	102175566	102175807	CpG: 21	241	21	139	17.4	57.7	1.05
1364	chr11	102186747	102188217	CpG: 148	1470	148	916	20.1	62.3	1.04
1364	chr11	102199782	102200297	CpG: 37	515	37	323	14.4	62.7	0.73
1364	chr11	102207486	102209923	CpG: 244	2437	244	1440	20	59.1	1.16
1364	chr11	102210712	102211063	CpG: 27	351	27	203	15.4	57.8	0.93
1365	chr11	102284100	102284425	CpG: 29	325	29	230	17.8	70.8	0.72
1365	chr11	102298083	102298682	CpG: 75	599	75	445	25	74.3	0.92
1365	chr11	102299172	102299399	CpG: 19	227	19	139	16.7	61.2	0.92
1365	chr11	102328199	102329704	CpG: 148	1505	148	971	19.7	64.5	0.95
1365	chr11	102337825	102338602	CpG: 72	777	72	516	18.5	66.4	0.85
1365	chr11	102346645	102346898	CpG: 19	253	19	171	15	67.6	0.66
1365	chr11	102357916	102358220	CpG: 27	304	27	206	17.8	67.8	0.81
1366	chr11	102446464	102447285	CpG: 86	821	86	570	21	69.4	0.87
1366	chr11	102495332	102497324	CpG: 171	1992	171	1239	17.2	62.2	0.89
1367	chr11	102555994	102557284	CpG: 116	1290	116	810	18	62.8	0.92
1367	chr11	102588401	102588778	CpG: 40	377	40	248	21.2	65.8	0.98
1368	chr11	102664859	102665678	CpG: 63	819	63	518	15.4	63.2	0.77
1368	chr11	102709317	102710484	CpG: 157	1167	157	837	26.9	71.7	1.06
1369	chr11	102771527	102772078	CpG: 45	551	45	295	16.3	53.5	1.14
1369	chr11	102784024	102784395	CpG: 34	371	34	232	18.3	62.5	0.94
1369	chr11	102815625	102816100	CpG: 50	475	50	299	21.1	62.9	1.08
1369	chr11	102836728	102837693	CpG: 77	965	77	549	16	56.9	0.99
1369	chr11	102839385	102839613	CpG: 31	228	31	166	27.2	72.8	1.03
1369	chr11	102880805	102881182	CpG: 43	377	43	253	22.8	67.1	1.03
1369	chr11	102885753	102885994	CpG: 19	241	19	154	15.8	63.9	0.77
1370	chr11	102907687	102908068	CpG: 53	381	53	286	27.8	75.1	0.99
1370	chr11	102971021	102971456	CpG: 43	435	43	300	19.8	69	0.84
1370	chr11	102992129	102992622	CpG: 47	493	47	289	19.1	58.6	1.11
1370	chr11	103006840	103007043	CpG: 22	203	22	124	21.7	61.1	1.16
1370	chr11	103007223	103007483	CpG: 18	260	18	161	13.8	61.9	0.73
1370	chr11	103008046	103008813	CpG: 63	767	63	471	16.4	61.4	0.88
1371	chr11	103023127	103023937	CpG: 67	810	67	519	16.5	64.1	0.82
1371	chr11	103061428	103062328	CpG: 93	900	93	603	20.7	67	0.92
1371	chr11	103090208	103090620	CpG: 38	412	38	294	18.4	71.4	0.73
1371	chr11	103109114	103109326	CpG: 17	212	17	153	16	72.2	0.62
1372	chr11	103157860	103158676	CpG: 80	816	80	537	19.6	65.8	0.91
1372	chr11	103224625	103225139	CpG: 38	514	38	326	14.8	63.4	0.74
1372	chr11	103251046	103251739	CpG: 93	693	93	507	26.8	73.2	1.01
1372	chr11	103253963	103254237	CpG: 25	274	25	187	18.2	68.2	0.8
1373	chr11	103303082	103303841	CpG: 64	759	64	497	16.9	65.5	0.79
1374	chr11	103540330	103541164	CpG: 86	834	86	566	20.6	67.9	0.9
1375	chr11	103588258	103588919	CpG: 63	661	63	401	19.1	60.7	1.04
1375	chr11	103640200	103640768	CpG: 51	568	51	329	18	57.9	1.08
1375	chr11	103664368	103665248	CpG: 68	880	68	576	15.5	65.5	0.72
1376	chr11	103686301	103686615	CpG: 24	314	24	213	15.3	67.8	0.68
1376	chr11	103700646	103701304	CpG: 92	658	92	484	28	73.6	1.04
1376	chr11	103702158	103702448	CpG: 25	290	25	184	17.2	63.4	0.86
1376	chr11	103703144	103703614	CpG: 31	470	31	286	13.2	60.9	0.71
1377	chr11	103844633	103844991	CpG: 55	358	55	273	30.7	76.3	1.11
1377	chr11	103857300	103857938	CpG: 67	638	67	414	21	64.9	1.01
1378	chr11	104023350	104024688	CpG: 115	1338	115	823	17.2	61.5	0.92
1379	chr11	104121889	104123772	CpG: 155	1883	155	1162	16.5	61.7	0.87
1379	chr11	104124540	104124814	CpG: 21	274	21	151	15.3	55.1	1.01
172	chr11	104332552	104333899	CpG: 118	1347	118	785	17.5	58.3	1.03
1381	chr11	104360004	104360373	CpG: 47	369	47	280	25.5	75.9	0.92
1381	chr11	104440835	104441664	CpG: 71	829	71	539	17.1	65	0.81
1381	chr11	104462262	104462483	CpG: 27	221	27	154	24.4	69.7	1.01
1382	chr11	104498653	104499175	CpG: 51	522	51	340	19.5	65.1	0.97
1382	chr11	104576436	104576709	CpG: 21	273	21	180	15.4	65.9	0.72
1386	chr11	105017246	105017821	CpG: 58	575	58	381	20.2	66.3	0.92
1386	chr11	105055636	105056948	CpG: 99	1312	99	827	15.1	63	0.76
1386	chr11	105071610	105073258	CpG: 166	1648	166	1152	20.1	69.9	0.83
1387	chr11	105183029	105183763	CpG: 65	734	65	496	17.7	67.6	0.8
1388	chr11	105253813	105254080	CpG: 31	267	31	189	23.2	70.8	0.93
1388	chr11	105347343	105347692	CpG: 34	349	34	249	19.5	71.3	0.77
1389	chr11	105480355	105481276	CpG: 114	921	114	620	24.8	67.3	1.09
1392	chr11	105834541	105835278	CpG: 94	737	94	528	25.5	71.6	1
1392	chr11	105858636	105859178	CpG: 65	542	65	367	24	67.7	1.07
1392	chr11	105876887	105877089	CpG: 15	202	15	115	14.9	56.9	0.92
1392	chr11	105879557	105879817	CpG: 23	260	23	179	17.7	68.8	0.8
1393	chr11	105909591	105909841	CpG: 22	250	22	155	17.6	62	0.92
1393	chr11	105911281	105911590	CpG: 32	309	32	208	20.7	67.3	0.92
1393	chr11	105927601	105928150	CpG: 57	549	57	368	20.8	67	0.93
1393	chr11	105956718	105957238	CpG: 47	520	47	326	18.1	62.7	0.92
1393	chr11	105974731	105976078	CpG: 117	1347	117	838	17.4	62.2	0.91
1394	chr11	106050614	106051523	CpG: 114	909	114	660	25.1	72.6	0.97
1394	chr11	106084217	106084510	CpG: 26	293	26	199	17.7	67.9	0.77
1394	chr11	106106921	106108191	CpG: 110	1270	110	790	17.3	62.2	0.9
1394	chr11	106146139	106146399	CpG: 18	260	18	145	13.8	55.8	0.9
1394	chr11	106163276	106164239	CpG: 106	963	106	651	22	67.6	0.97
1395	chr11	106211490	106211692	CpG: 18	202	18	116	17.8	57.4	1.09
1396	chr11	106377944	106378738	CpG: 95	794	95	550	23.9	69.3	1
1396	chr11	106391685	106392238	CpG: 47	553	47	331	17	59.9	0.95
1397	chr11	106503008	106504034	CpG: 84	1026	84	605	16.4	59	0.95
1398	chr11	106670053	106670458	CpG: 42	405	42	286	20.7	70.6	0.84
1398	chr11	106678288	106680333	CpG: 208	2045	208	1305	20.3	63.8	1
1399	chr11	106810919	106811781	CpG: 88	862	88	514	20.4	59.6	1.15
1400	chr11	106889890	106890503	CpG: 64	613	64	406	20.9	66.2	0.95
1400	chr11	106903426	106903657	CpG: 26	231	26	143	22.5	61.9	1.18
1400	chr11	106918571	106919420	CpG: 125	849	125	604	29.4	71.1	1.19
1400	chr11	106939551	106940414	CpG: 54	863	54	455	12.5	52.7	0.91
1400	chr11	106940498	106941045	CpG: 33	547	33	287	12.1	52.5	0.88
1400	chr11	106941129	106941413	CpG: 18	284	18	151	12.7	53.2	0.9
1401	chr11	107022142	107023163	CpG: 114	1021	114	646	22.3	63.3	1.12
1401	chr11	107079736	107080312	CpG: 49	576	49	356	17	61.8	0.91
1404	chr11	107359890	107361641	CpG: 135	1751	135	1143	15.4	65.3	0.72
1404	chr11	107370225	107370689	CpG: 39	464	39	317	16.8	68.3	0.74
1404	chr11	107437624	107439279	CpG: 129	1655	129	1049	15.6	63.4	0.78
1406	chr11	107684391	107685745	CpG: 115	1354	115	802	17	59.2	0.98
1410	chr11	108233783	108235038	CpG: 121	1255	121	832	19.3	66.3	0.88
1411	chr11	108315820	108316567	CpG: 71	747	71	501	19	67.1	0.86
1415	chr11	108811016	108812996	CpG: 199	1980	199	1336	20.1	67.5	0.89
1415	chr11	108813371	108813680	CpG: 22	309	22	185	14.2	59.9	0.83
1418	chr11	109253346	109254374	CpG: 123	1028	123	685	23.9	66.6	1.08
1419	chr11	109316310	109317183	CpG: 70	873	70	556	16	63.7	0.84
1419	chr11	109363079	109363431	CpG: 30	352	30	228	17	64.8	0.82
1419	chr11	109364073	109364929	CpG: 103	856	103	625	24.1	73	0.9
1420	chr11	109501909	109502944	CpG: 77	1035	77	682	14.9	65.9	0.71
1420	chr11	109541066	109541392	CpG: 24	326	24	210	14.7	64.4	0.71
1420	chr11	109541671	109542178	CpG: 70	507	70	384	27.6	75.7	0.96
1421	chr11	109612146	109612559	CpG: 38	413	38	293	18.4	70.9	0.75
1421	chr11	109612844	109613154	CpG: 22	310	22	206	14.2	66.5	0.65
1425	chr11	110228191	110228774	CpG: 69	583	69	377	23.7	64.7	1.14
1444	chr11	112672184	112673980	CpG: 135	1796	135	1040	15	57.9	0.9
1444	chr11	112674643	112674902	CpG: 22	259	22	161	17	62.2	0.88
1444	chr11	112675325	112676291	CpG: 68	966	68	615	14.1	63.7	0.73
1447	chr11	113092259	113092754	CpG: 46	495	46	310	18.6	62.6	0.95
1451	chr11	113509508	113510583	CpG: 74	1075	74	656	13.8	61	0.74
1451	chr11	113540390	113540930	CpG: 76	540	76	397	28.1	73.5	1.05
1451	chr11	113574249	113575563	CpG: 131	1314	131	840	19.9	63.9	0.98
1452	chr11	113641683	113642902	CpG: 99	1219	99	789	16.2	64.7	0.79
1454	chr11	113956795	113958112	CpG: 130	1317	130	869	19.7	66	0.91
1459	chr11	114559372	114559946	CpG: 51	574	51	324	17.8	56.4	1.13
1459	chr11	114566198	114566831	CpG: 54	633	54	423	17.1	66.8	0.77
1459	chr11	114655777	114656312	CpG: 47	535	47	361	17.6	67.5	0.79
1459	chr11	114677183	114677507	CpG: 42	324	42	231	25.9	71.3	1.02
1459	chr11	114682354	114683257	CpG: 107	903	107	627	23.7	69.4	0.98
1460	chr11	114742084	114743427	CpG: 103	1343	103	841	15.3	62.6	0.8
1462	chr11	114982276	114982650	CpG: 31	374	31	240	16.6	64.2	0.81
1462	chr11	115044845	115045112	CpG: 23	267	23	182	17.2	68.2	0.75
1462	chr11	115053993	115055029	CpG: 95	1036	95	673	18.3	65	0.87
1462	chr11	115078053	115078305	CpG: 27	252	27	167	21.4	66.3	1.01
1463	chr11	115140715	115141513	CpG: 89	798	89	570	22.3	71.4	0.89
1463	chr11	115148626	115149240	CpG: 57	614	57	423	18.6	68.9	0.78
1463	chr11	115156130	115156336	CpG: 25	206	25	138	24.3	67	1.08
1463	chr11	115157433	115158066	CpG: 57	633	57	408	18	64.5	0.88
1463	chr11	115188093	115188514	CpG: 41	421	41	288	19.5	68.4	0.83
1463	chr11	115209129	115209772	CpG: 58	643	58	428	18	66.6	0.82
1464	chr11	115212657	115212873	CpG: 16	216	16	110	14.8	50.9	1.15
1464	chr11	115214188	115214525	CpG: 30	337	30	219	17.8	65	0.85
1464	chr11	115225487	115225718	CpG: 20	231	20	142	17.3	61.5	0.93
1464	chr11	115257862	115258668	CpG: 59	806	59	550	14.6	68.2	0.63
1464	chr11	115265013	115265331	CpG: 23	318	23	203	14.5	63.8	0.73
1464	chr11	115272640	115273163	CpG: 56	523	56	348	21.4	66.5	0.97
1464	chr11	115284220	115284846	CpG: 43	626	43	407	13.7	65	0.65
1464	chr11	115294485	115295039	CpG: 51	554	51	358	18.4	64.6	0.89
1464	chr11	115303534	115303803	CpG: 20	269	20	148	14.9	55	0.99
1464	chr11	115304222	115304547	CpG: 29	325	29	196	17.8	60.3	0.98
1464	chr11	115310545	115311434	CpG: 97	889	97	634	21.8	71.3	0.86
1464	chr11	115338722	115339059	CpG: 28	337	28	212	16.6	62.9	0.86
1465	chr11	115366333	115366922	CpG: 42	589	42	380	14.3	64.5	0.69
1465	chr11	115382420	115382705	CpG: 34	285	34	196	23.9	68.8	1.01
1465	chr11	115404529	115405380	CpG: 63	851	63	548	14.8	64.4	0.72
1465	chr11	115426280	115427432	CpG: 152	1152	152	854	26.4	74.1	0.96
1466	chr11	115494390	115495457	CpG: 114	1067	114	747	21.4	70	0.88
1466	chr11	115503212	115503849	CpG: 73	637	73	431	22.9	67.7	1.01
1466	chr11	115518587	115518860	CpG: 19	273	19	177	13.9	64.8	0.67
1466	chr11	115519007	115519268	CpG: 22	261	22	151	16.9	57.9	1.01
1466	chr11	115598732	115599630	CpG: 86	898	86	530	19.2	59	1.12
1467	chr11	115656024	115656886	CpG: 62	862	62	514	14.4	59.6	0.81
1467	chr11	115694370	115694584	CpG: 16	214	16	148	15	69.2	0.65
1467	chr11	115704106	115704723	CpG: 47	617	47	409	15.2	66.3	0.69
1467	chr11	115705394	115706088	CpG: 78	694	78	468	22.5	67.4	1.01
1467	chr11	115714643	115715515	CpG: 79	872	79	562	18.1	64.4	0.87
1468	chr11	115749253	115750816	CpG: 133	1563	133	1058	17	67.7	0.75
1468	chr11	115824275	115824603	CpG: 23	328	23	179	14	54.6	0.96
1468	chr11	115865488	115866035	CpG: 53	547	53	355	19.4	64.9	0.92
1469	chr11	115895650	115895949	CpG: 38	299	38	222	25.4	74.2	0.92
1469	chr11	115903173	115903674	CpG: 49	501	49	352	19.6	70.3	0.82
1469	chr11	115914541	115915500	CpG: 98	959	98	629	20.4	65.6	0.95
1469	chr11	115921102	115921555	CpG: 54	453	54	319	23.8	70.4	0.96
1469	chr11	115977645	115977864	CpG: 19	219	19	128	17.4	58.4	1.05
1470	chr11	116000336	116001294	CpG: 110	958	110	704	23	73.5	0.85
1470	chr11	116021384	116022027	CpG: 67	643	67	435	20.8	67.7	0.91
1470	chr11	116029188	116029718	CpG: 57	530	57	366	21.5	69.1	0.91
1470	chr11	116058713	116059199	CpG: 39	486	39	309	16	63.6	0.81
1470	chr11	116089305	116089966	CpG: 53	661	53	397	16	60.1	0.89
1470	chr11	116112761	116113242	CpG: 37	481	37	316	15.4	65.7	0.74
1470	chr11	116113628	116113884	CpG: 21	256	21	161	16.4	62.9	0.88
1470	chr11	116123570	116123808	CpG: 18	238	18	157	15.1	66	0.7
1470	chr11	116128871	116129104	CpG: 25	233	25	174	21.5	74.7	0.77
1471	chr11	116164578	116165051	CpG: 40	473	40	253	16.9	53.5	1.19
1471	chr11	116172030	116172488	CpG: 42	458	42	308	18.3	67.2	0.81
1471	chr11	116173691	116174346	CpG: 53	655	53	401	16.2	61.2	0.89
1471	chr11	116197253	116197682	CpG: 38	429	38	283	17.7	66	0.84
1471	chr11	116225031	116226561	CpG: 109	1530	109	994	14.2	65	0.68
1472	chr11	116303117	116304255	CpG: 153	1138	153	817	26.9	71.8	1.04
1472	chr11	116324707	116325644	CpG: 115	937	115	631	24.5	67.3	1.08
1472	chr11	116380589	116381311	CpG: 74	722	74	470	20.5	65.1	0.97
1472	chr11	116389489	116389724	CpG: 28	235	28	167	23.8	71.1	0.94
1473	chr11	116422356	116424979	CpG: 190	2623	190	1618	14.5	61.7	0.76
1473	chr11	116432608	116432823	CpG: 17	215	17	146	15.8	67.9	0.69
1473	chr11	116471527	116472478	CpG: 98	951	98	536	20.6	56.4	1.3
1473	chr11	116514514	116515207	CpG: 62	693	62	470	17.9	67.8	0.78
1474	chr11	116544478	116545259	CpG: 74	781	74	531	19	68	0.83
1474	chr11	116585064	116585755	CpG: 69	691	69	486	20	70.3	0.81
1475	chr11	116718510	116718982	CpG: 66	472	66	361	28	76.5	0.96
1475	chr11	116733299	116734674	CpG: 140	1375	140	910	20.4	66.2	0.94
1475	chr11	116742905	116744729	CpG: 182	1824	182	1094	20	60	1.11
1476	chr11	116809447	116810283	CpG: 91	836	91	515	21.8	61.6	1.15
1476	chr11	116859865	116860107	CpG: 22	242	22	168	18.2	69.4	0.76
1477	chr11	116967451	116967888	CpG: 48	437	48	295	22	67.5	0.97
1477	chr11	117005585	117006775	CpG: 98	1190	98	674	16.5	56.6	1.04
1478	chr11	117090166	117090707	CpG: 45	541	45	339	16.6	62.7	0.85
1478	chr11	117156905	117157562	CpG: 53	657	53	432	16.1	65.8	0.75
1479	chr11	117181235	117181541	CpG: 22	306	22	204	14.4	66.7	0.65
1479	chr11	117222984	117223509	CpG: 36	525	36	350	13.7	66.7	0.63
1479	chr11	117285322	117285612	CpG: 25	290	25	199	17.2	68.6	0.73
1481	chr11	117544885	117546841	CpG: 252	1956	252	1336	25.8	68.3	1.11
1482	chr11	117670726	117670966	CpG: 21	240	21	168	17.5	70	0.72
1482	chr11	117673920	117674336	CpG: 35	416	35	284	16.8	68.3	0.73
1482	chr11	117700357	117700986	CpG: 72	629	72	459	22.9	73	0.86
1483	chr11	117739863	117740381	CpG: 47	518	47	346	18.1	66.8	0.82
1483	chr11	117751536	117751741	CpG: 19	205	19	140	18.5	68.3	0.8
1483	chr11	117763845	117764322	CpG: 46	477	46	318	19.3	66.7	0.87
1483	chr11	117821633	117822046	CpG: 46	413	46	309	22.3	74.8	0.81
1484	chr11	117840286	117840814	CpG: 44	528	44	369	16.7	69.9	0.69
1484	chr11	117854191	117854596	CpG: 38	405	38	270	18.8	66.7	0.86
1484	chr11	117858704	117860391	CpG: 163	1687	163	1145	19.3	67.9	0.84
1484	chr11	117877617	117878184	CpG: 59	567	59	362	20.8	63.8	1.03
1486	chr11	118138513	118139804	CpG: 127	1291	127	877	19.7	67.9	0.89
1486	chr11	118180686	118181377	CpG: 78	691	78	461	22.6	66.7	1.04
1487	chr11	118245759	118246271	CpG: 63	512	63	379	24.6	74	0.9
1487	chr11	118309612	118310083	CpG: 46	471	46	325	19.5	69	0.82
1488	chr11	118367565	118368069	CpG: 47	504	47	344	18.7	68.3	0.8
1488	chr11	118459905	118461235	CpG: 123	1330	123	846	18.5	63.6	0.92
1491	chr11	118782054	118782463	CpG: 28	409	28	213	13.7	52.1	1.01
1491	chr11	118799335	118800368	CpG: 104	1033	104	698	20.1	67.6	0.9
1492	chr11	118890344	118890731	CpG: 27	387	27	226	14	58.4	0.82
1492	chr11	118913571	118914404	CpG: 115	833	115	626	27.6	75.2	0.98
1492	chr11	118928032	118928552	CpG: 40	520	40	301	15.4	57.9	0.92
1492	chr11	118931576	118933939	CpG: 161	2363	161	1432	13.6	60.6	0.75
1492	chr11	118935803	118936119	CpG: 24	316	24	200	15.2	63.3	0.76
1492	chr11	118937349	118937685	CpG: 27	336	27	221	16.1	65.8	0.74
1492	chr11	118944053	118944887	CpG: 72	834	72	515	17.3	61.8	0.93
1492	chr11	118947398	118947707	CpG: 40	309	40	229	25.9	74.1	0.94
1492	chr11	118949097	118949569	CpG: 39	472	39	302	16.5	64	0.81
1492	chr11	118971867	118972593	CpG: 55	726	55	451	15.2	62.1	0.79
1492	chr11	118976745	118977202	CpG: 49	457	49	252	21.4	55.1	1.43
1492	chr11	118980810	118982029	CpG: 107	1219	107	830	17.6	68.1	0.76
1493	chr11	119065504	119065724	CpG: 24	220	24	167	21.8	75.9	0.76
1493	chr11	119101482	119101710	CpG: 18	228	18	147	15.8	64.5	0.77
1493	chr11	119118919	119119510	CpG: 46	591	46	347	15.6	58.7	0.92
1494	chr11	119158706	119159147	CpG: 40	441	40	292	18.1	66.2	0.83
1494	chr11	119190446	119191245	CpG: 99	799	99	554	24.8	69.3	1.03
1494	chr11	119246112	119246727	CpG: 47	615	47	387	15.3	62.9	0.77
1495	chr11	119280780	119281636	CpG: 71	856	71	572	16.6	66.8	0.74
1495	chr11	119319599	119319808	CpG: 33	209	33	163	31.6	78	1.57
1495	chr11	119381822	119382822	CpG: 87	1000	87	652	17.4	65.2	0.83
1496	chr11	119415403	119415723	CpG: 33	320	33	222	20.6	69.4	0.86
1496	chr11	119437718	119440558	CpG: 240	2840	240	1820	16.9	64.1	0.82
1496	chr11	119493697	119494540	CpG: 84	843	84	569	19.9	67.5	0.88
1499	chr11	119804529	119804933	CpG: 55	404	55	296	27.2	73.3	1.04
1499	chr11	119833110	119834464	CpG: 133	1354	133	900	19.6	66.5	0.91
1499	chr11	119902813	119903131	CpG: 31	318	31	220	19.5	69.2	0.81
1500	chr11	119937622	119938015	CpG: 55	393	55	295	28	75.1	1
1500	chr11	119977222	119977912	CpG: 64	690	64	482	18.6	69.9	0.76
1500	chr11	119989290	119990136	CpG: 73	846	73	519	17.3	61.3	0.92
1500	chr11	120041549	120042348	CpG: 63	799	63	499	15.8	62.5	0.81
1501	chr11	120076257	120076901	CpG: 49	644	49	434	15.2	67.4	0.67
1501	chr11	120078094	120078546	CpG: 31	452	31	276	13.7	61.1	0.75
1501	chr11	120078875	120079233	CpG: 29	358	29	205	16.2	57.3	0.99
1501	chr11	120080236	120080949	CpG: 67	713	67	484	18.8	67.9	0.82
1501	chr11	120121748	120122420	CpG: 76	672	76	470	22.6	69.9	0.93
1501	chr11	120123610	120123819	CpG: 20	209	20	138	19.1	66	0.91
1501	chr11	120124613	120128927	CpG: 324	4314	324	2502	15	58	0.89
1502	chr11	120195902	120196397	CpG: 50	495	50	343	20.2	69.3	0.84
1502	chr11	120201619	120202146	CpG: 48	527	48	360	18.2	68.3	0.78
1502	chr11	120238697	120241264	CpG: 193	2567	193	1561	15	60.8	0.81
1502	chr11	120269094	120269718	CpG: 65	624	65	407	20.8	65.2	0.98
1503	chr11	120327993	120328325	CpG: 35	332	35	233	21.1	70.2	0.86
1503	chr11	120348683	120349101	CpG: 41	418	41	291	19.6	69.6	0.82
1503	chr11	120357997	120358838	CpG: 81	841	81	557	19.3	66.2	0.88
1503	chr11	120375322	120375810	CpG: 54	488	54	336	22.1	68.9	0.94
1503	chr11	120382588	120383046	CpG: 49	458	49	323	21.4	70.5	0.86
1503	chr11	120421377	120421825	CpG: 45	448	45	271	20.1	60.5	1.12
1503	chr11	120440208	120440761	CpG: 62	553	62	347	22.4	62.7	1.15
1504	chr11	120463302	120464511	CpG: 128	1209	128	823	21.2	68.1	0.92
1504	chr11	120471820	120472634	CpG: 116	814	116	575	28.5	70.6	1.15
1504	chr11	120488417	120489650	CpG: 180	1233	180	891	29.2	72.3	1.12
1504	chr11	120499340	120499746	CpG: 36	406	36	271	17.7	66.7	0.8
1504	chr11	120508407	120508854	CpG: 53	447	53	314	23.7	70.2	1.01
1504	chr11	120515508	120515895	CpG: 40	387	40	242	20.7	62.5	1.12
1504	chr11	120523476	120524592	CpG: 132	1116	132	752	23.7	67.4	1.06
1504	chr11	120550680	120552214	CpG: 161	1534	161	1062	21	69.2	0.88
1504	chr11	120563726	120564363	CpG: 77	637	77	461	24.2	72.4	0.94
1505	chr11	120604048	120604852	CpG: 57	804	57	499	14.2	62.1	0.76
1505	chr11	120612119	120612609	CpG: 63	490	63	329	25.7	67.1	1.15
1505	chr11	120617778	120618034	CpG: 27	256	27	175	21.1	68.4	0.99
1505	chr11	120674584	120675644	CpG: 114	1060	114	600	21.5	56.6	1.35
1505	chr11	120686855	120687374	CpG: 50	519	50	348	19.3	67.1	0.86
1505	chr11	120714399	120715821	CpG: 168	1422	168	1025	23.6	72.1	0.91
1506	chr11	120823438	120823820	CpG: 36	382	36	237	18.8	62	0.98
1506	chr11	120839656	120840480	CpG: 74	824	74	557	18	67.6	0.79
1506	chr11	120841657	120841937	CpG: 26	280	26	179	18.6	63.9	0.92
1507	chr11	120881592	120882234	CpG: 73	642	73	424	22.7	66	1.05
1508	chr11	121047221	121047799	CpG: 59	578	59	388	20.4	67.1	0.91
1508	chr11	121095206	121095753	CpG: 48	547	48	318	17.6	58.1	1.07
1509	chr11	121127528	121128363	CpG: 63	835	63	524	15.1	62.8	0.77
1509	chr11	121150492	121151358	CpG: 154	866	154	669	35.6	77.3	1.19
1510	chr11	121244605	121245426	CpG: 90	821	90	548	21.9	66.7	1
1510	chr11	121278579	121279064	CpG: 49	485	49	335	20.2	69.1	0.88
1510	chr11	121312439	121312672	CpG: 19	233	19	153	16.3	65.7	0.76
1510	chr11	121342704	121343071	CpG: 45	367	45	247	24.5	67.3	1.12
1512	chr11	121563574	121564272	CpG: 58	698	58	445	16.6	63.8	0.84
1512	chr11	121593040	121593816	CpG: 72	776	72	524	18.6	67.5	0.82
1512	chr11	121594206	121594453	CpG: 20	247	20	157	16.2	63.6	0.82
1513	chr11	121721001	121721407	CpG: 33	406	33	274	16.3	67.5	0.71
610	chr12	3285440	3285920	CpG: 55	480	55	304	22.9	63.3	1.16
610	chr12	3359324	3360176	CpG: 102	852	102	566	23.9	66.4	1.09
611	chr12	3415111	3415428	CpG: 33	317	33	201	20.8	63.4	1.04
611	chr12	3476605	3477706	CpG: 108	1101	108	696	19.6	63.2	0.98
612	chr12	3622055	3622763	CpG: 99	708	99	540	28	76.3	0.96
614	chr12	3856273	3858370	CpG: 266	2097	266	1527	25.4	72.8	0.96
615	chr12	3941226	3941634	CpG: 29	408	29	269	14.2	65.9	0.68
615	chr12	3980250	3980622	CpG: 43	372	43	258	23.1	69.4	1.01
615	chr12	4009901	4010450	CpG: 48	549	48	351	17.5	63.9	0.86
615	chr12	4031728	4032058	CpG: 30	330	30	214	18.2	64.8	0.89
616	chr12	4088394	4089169	CpG: 62	775	62	471	16	60.8	0.88
616	chr12	4132493	4132922	CpG: 48	429	48	300	22.4	69.9	0.92
616	chr12	4183130	4183736	CpG: 72	606	72	439	23.8	72.4	0.91
619	chr12	4526337	4526670	CpG: 34	333	34	203	20.4	61	1.1
619	chr12	4527012	4527496	CpG: 58	484	58	325	24	67.1	1.13
620	chr12	4642830	4643587	CpG: 114	757	114	591	30.1	78.1	0.99
621	chr12	4818898	4819443	CpG: 61	545	61	366	22.4	67.2	1
622	chr12	4867253	4867906	CpG: 53	653	53	384	16.2	58.8	0.94
622	chr12	4891210	4891687	CpG: 48	477	48	345	20.1	72.3	0.77
622	chr12	4893213	4893433	CpG: 22	220	22	132	20	60	1.11
622	chr12	4924228	4924458	CpG: 17	230	17	156	14.8	67.8	0.64
622	chr12	4956987	4957825	CpG: 115	838	115	586	27.4	69.9	1.12
622	chr12	4967016	4968101	CpG: 101	1085	101	642	18.6	59.2	1.06
625	chr12	5259990	5260228	CpG: 19	238	19	162	16	68.1	0.7
626	chr12	5423700	5426059	CpG: 170	2359	170	1382	14.4	58.6	0.84
648	chr12	8258073	8258367	CpG: 30	294	30	192	20.4	65.3	0.97
648	chr12	8347986	8348957	CpG: 97	971	97	599	20	61.7	1.05
648	chr12	8351479	8352393	CpG: 87	914	87	630	19	68.9	0.81
650	chr12	8548973	8550446	CpG: 154	1473	154	974	20.9	66.1	0.96
651	chr12	8690898	8691231	CpG: 34	333	34	230	20.4	69.1	0.86
651	chr12	8723955	8724165	CpG: 22	210	22	121	21	57.6	1.27
651	chr12	8724407	8724910	CpG: 62	503	62	372	24.7	74	0.93
652	chr12	8820986	8822941	CpG: 145	1955	145	1263	14.8	64.6	0.72
653	chr12	8971580	8972636	CpG: 91	1056	91	647	17.2	61.3	0.92
653	chr12	9023788	9024262	CpG: 46	474	46	289	19.4	61	1.04
654	chr12	9079921	9080503	CpG: 62	582	62	383	21.3	65.8	0.99
658	chr12	9624445	9624788	CpG: 29	343	29	223	16.9	65	0.8
658	chr12	9631229	9631438	CpG: 25	209	25	148	23.9	70.8	0.95
664	chr12	10440726	10441201	CpG: 47	475	47	340	19.8	71.6	0.78
670	chr12	11200133	11200541	CpG: 47	408	47	279	23	68.4	0.99
671	chr12	11315768	11316617	CpG: 91	849	91	526	21.4	62	1.12
672	chr12	11486443	11486741	CpG: 22	298	22	182	14.8	61.1	0.82
672	chr12	11506017	11506246	CpG: 23	229	23	159	20.1	69.4	0.83
678	chr12	12312144	12312432	CpG: 25	288	25	152	17.4	52.8	1.27
679	chr12	12442419	12442712	CpG: 22	293	22	207	15	70.6	0.65
683	chr12	12961997	12962325	CpG: 28	328	28	202	17.1	61.6	0.9
684	chr12	12986992	12987388	CpG: 32	396	32	235	16.2	59.3	0.92
684	chr12	12989737	12990306	CpG: 56	569	56	391	19.7	68.7	0.84
684	chr12	12991553	12992790	CpG: 91	1237	91	703	14.7	56.8	0.91
686	chr12	13298796	13299278	CpG: 52	482	52	325	21.6	67.4	0.96
686	chr12	13319075	13319419	CpG: 35	344	35	227	20.3	66	0.94
693	chr12	14199683	14200645	CpG: 82	962	82	635	17	66	0.78
693	chr12	14201808	14202354	CpG: 43	546	43	345	15.8	63.2	0.79
706	chr12	15864862	15867218	CpG: 175	2356	175	1336	14.9	56.7	0.92
711	chr12	16639554	16639847	CpG: 27	293	27	197	18.4	67.2	0.82
712	chr12	16703561	16704106	CpG: 47	545	47	325	17.2	59.6	0.97
713	chr12	16850634	16850962	CpG: 35	328	35	219	21.3	66.8	0.96
713	chr12	16860838	16861405	CpG: 72	567	72	410	25.4	72.3	0.98
714	chr12	16944409	16945515	CpG: 161	1106	161	866	29.1	78.3	0.96
715	chr12	17049721	17050253	CpG: 49	532	49	353	18.4	66.4	0.86
716	chr12	17225492	17226727	CpG: 92	1235	92	768	14.9	62.2	0.77
717	chr12	17316432	17316862	CpG: 52	430	52	311	24.2	72.3	0.94
717	chr12	17374456	17374845	CpG: 42	389	42	259	21.6	66.6	0.97
717	chr12	17398302	17398656	CpG: 34	354	34	223	19.2	63	0.98
719	chr12	17594574	17595429	CpG: 95	855	95	564	22.2	66	1.02
720	chr12	17740631	17741537	CpG: 81	906	81	565	17.9	62.4	0.96
721	chr12	17931695	17932504	CpG: 99	809	99	583	24.5	72.1	0.95
722	chr12	18042589	18043691	CpG: 113	1102	113	724	20.5	65.7	0.95
723	chr12	18185573	18186431	CpG: 94	858	94	562	21.9	65.5	1.02
725	chr12	18437202	18438047	CpG: 79	845	79	548	18.7	64.9	0.89
726	chr12	18564211	18565045	CpG: 99	834	99	603	23.7	72.3	0.91
727	chr12	18659905	18660692	CpG: 98	787	98	572	24.9	72.7	0.95
729	chr12	18903469	18904179	CpG: 90	710	90	515	25.4	72.5	0.96
730	chr12	19094167	19095002	CpG: 97	835	97	600	23.2	71.9	0.9
731	chr12	19225720	19226398	CpG: 58	678	58	400	17.1	59	0.99
732	chr12	19338195	19339106	CpG: 107	911	107	655	23.5	71.9	0.91
733	chr12	19437542	19438395	CpG: 98	853	98	615	23	72.1	0.89
734	chr12	19539983	19540839	CpG: 97	856	97	625	22.7	73	0.85
734	chr12	19656379	19657236	CpG: 86	857	86	561	20.1	65.5	0.94
735	chr12	19754084	19754479	CpG: 53	395	53	290	26.8	73.4	1
737	chr12	19932012	19932760	CpG: 84	748	84	539	22.5	72.1	0.87
737	chr12	20003990	20005008	CpG: 79	1018	79	573	15.5	56.3	0.98
738	chr12	20121333	20122189	CpG: 98	856	98	627	22.9	73.2	0.86
739	chr12	20246367	20247475	CpG: 107	1108	107	724	19.3	65.3	0.91
740	chr12	20361964	20362823	CpG: 85	859	85	568	19.8	66.1	0.91
741	chr12	20465388	20466496	CpG: 107	1108	107	719	19.3	64.9	0.92
742	chr12	20664758	20665611	CpG: 98	853	98	617	23	72.3	0.88
744	chr12	20865180	20866017	CpG: 85	837	85	550	20.3	65.7	0.94
11	chr12	20970410	20971532	CpG: 106	1122	106	738	18.9	65.8	0.88
745	chr12	21040203	21041306	CpG: 111	1103	111	769	20.1	69.7	0.83
746	chr12	21161483	21162602	CpG: 94	1119	94	647	16.8	57.8	1.01
747	chr12	21335892	21336627	CpG: 64	735	64	478	17.4	65	0.82
748	chr12	21366236	21366721	CpG: 52	485	52	336	21.4	69.3	0.89
748	chr12	21423233	21424060	CpG: 70	827	70	534	16.9	64.6	0.81
748	chr12	21466753	21467939	CpG: 119	1186	119	776	20.1	65.4	0.94
749	chr12	21593252	21593541	CpG: 26	289	26	198	18	68.5	0.79
751	chr12	21828297	21829154	CpG: 82	857	82	521	19.1	60.8	1.04
751	chr12	21833962	21834784	CpG: 96	822	96	602	23.4	73.2	0.87
752	chr12	21948662	21949568	CpG: 102	906	102	644	22.5	71.1	0.89
753	chr12	22080377	22081106	CpG: 95	729	95	533	26.1	73.1	0.98
754	chr12	22206051	22206788	CpG: 88	737	88	527	23.9	71.5	0.94
755	chr12	22324204	22324904	CpG: 89	700	89	511	25.4	73	0.96
756	chr12	22516410	22517221	CpG: 96	811	96	581	23.7	71.6	0.93
757	chr12	22672530	22673649	CpG: 105	1119	105	717	18.8	64.1	0.91
758	chr12	22795106	22795960	CpG: 97	854	97	612	22.7	71.7	0.89
760	chr12	22955919	22956714	CpG: 86	795	86	539	21.6	67.8	0.94
760	chr12	23059663	23060563	CpG: 102	900	102	645	22.7	71.7	0.88
762	chr12	23239092	23239916	CpG: 101	824	101	593	24.5	72	0.95
763	chr12	23364763	23365614	CpG: 94	851	94	605	22.1	71.1	0.88
764	chr12	23476575	23477275	CpG: 87	700	87	510	24.9	72.9	0.94
765	chr12	23684169	23684976	CpG: 94	807	94	578	23.3	71.6	0.91
766	chr12	23850340	23851192	CpG: 99	852	99	617	23.2	72.4	0.89
768	chr12	24018288	24019407	CpG: 106	1119	106	727	18.9	65	0.9
769	chr12	24146662	24147489	CpG: 100	827	100	599	24.2	72.4	0.92
770	chr12	24301937	24302732	CpG: 83	795	83	523	20.9	65.8	0.96
772	chr12	24543514	24543725	CpG: 28	211	28	144	26.5	68.2	1.18
772	chr12	24548554	24548844	CpG: 26	290	26	197	17.9	67.9	0.8
772	chr12	24621956	24622748	CpG: 84	792	84	524	21.2	66.2	0.97
773	chr12	24700979	24701905	CpG: 116	926	116	682	25.1	73.7	0.92
773	chr12	24730628	24731115	CpG: 54	487	54	365	22.2	74.9	0.81
773	chr12	24757881	24758701	CpG: 84	820	84	561	20.5	68.4	0.88
774	chr12	24880841	24882173	CpG: 128	1332	128	903	19.2	67.8	0.84
776	chr12	25145913	25146526	CpG: 43	613	43	386	14	63	0.71
776	chr12	25148547	25149067	CpG: 47	520	47	301	18.1	57.9	1.1
776	chr12	25150521	25151182	CpG: 57	661	57	407	17.2	61.6	0.91
786	chr12	26464461	26465347	CpG: 103	886	103	631	23.3	71.2	0.92
787	chr12	26519170	26519849	CpG: 54	679	54	429	15.9	63.2	0.8
793	chr12	27388809	27389693	CpG: 72	884	72	536	16.3	60.6	0.89
793	chr12	27391185	27393460	CpG: 216	2275	216	1383	19	60.8	1.04
803	chr12	28602030	28602393	CpG: 38	363	38	252	20.9	69.4	0.87
803	chr12	28685374	28686149	CpG: 73	775	73	497	18.8	64.1	0.92
803	chr12	28699524	28699833	CpG: 38	309	38	208	24.6	67.3	1.09
804	chr12	28725145	28725588	CpG: 42	443	42	265	19	59.8	1.08
804	chr12	28800202	28800523	CpG: 32	321	32	208	19.9	64.8	0.95
804	chr12	28801790	28802032	CpG: 19	242	19	144	15.7	59.5	1.02
805	chr12	28937048	28937377	CpG: 23	329	23	264	14	80.2	0.75
813	chr12	29987938	29988633	CpG: 71	695	71	496	20.4	71.4	0.8
814	chr12	30052416	30052805	CpG: 30	389	30	246	15.4	63.2	0.78
817	chr12	30423157	30423470	CpG: 34	313	34	228	21.7	72.8	0.84
818	chr12	30634390	30634746	CpG: 36	356	36	231	20.2	64.9	0.96
821	chr12	30934181	30934887	CpG: 80	706	80	501	22.7	71	0.91
821	chr12	30961474	30962292	CpG: 62	818	62	515	15.2	63	0.77
822	chr12	31123894	31124371	CpG: 39	477	39	304	16.4	63.7	0.81
823	chr12	31314944	31316362	CpG: 95	1418	95	875	13.4	61.7	0.71
824	chr12	31400902	31401525	CpG: 64	623	64	428	20.5	68.7	0.87
825	chr12	31548906	31550160	CpG: 100	1254	100	767	15.9	61.2	0.85
826	chr12	31609062	31609922	CpG: 89	860	89	594	20.7	69.1	0.87
826	chr12	31684421	31684772	CpG: 42	351	42	207	23.9	59	1.38
826	chr12	31704613	31705277	CpG: 58	664	58	422	17.5	63.6	0.87
829	chr12	31999238	32000363	CpG: 107	1125	107	713	19	63.4	0.98
829	chr12	32110615	32111529	CpG: 111	914	111	677	24.3	74.1	0.89
832	chr12	32428733	32429964	CpG: 157	1231	157	863	25.5	70.1	1.04
835	chr12	32869819	32871010	CpG: 122	1191	122	803	20.5	67.4	0.91
836	chr12	33003803	33004797	CpG: 104	994	104	647	20.9	65.1	0.99
838	chr12	33197312	33197893	CpG: 55	581	55	358	18.9	61.6	1
840	chr12	33479545	33480051	CpG: 60	506	60	348	23.7	68.8	1
844	chr12	34006950	34008700	CpG: 137	1750	137	968	15.7	55.3	1.03
844	chr12	34018481	34018739	CpG: 19	258	19	165	14.7	64	0.78
852	chr12	35096761	35097869	CpG: 123	1108	123	755	22.2	68.1	0.96
856	chr12	35584504	35585139	CpG: 88	635	88	481	27.7	75.7	0.98
860	chr12	36092029	36092545	CpG: 58	516	58	340	22.5	65.9	1.05
861	chr12	36206332	36206712	CpG: 38	380	38	257	20	67.6	0.88
862	chr12	36367124	36367387	CpG: 22	263	22	163	16.7	62	0.87
862	chr12	36431627	36432220	CpG: 58	593	58	417	19.6	70.3	0.79
881	chr12	38828639	38829113	CpG: 34	474	34	282	14.3	59.5	0.81
890	chr12	40087325	40088223	CpG: 119	898	119	649	26.5	72.3	1.03
891	chr12	40184070	40184275	CpG: 25	205	25	143	24.4	69.8	1
892	chr12	40272211	40273522	CpG: 119	1311	119	814	18.2	62.1	0.94
893	chr12	40495821	40496659	CpG: 92	838	92	575	22	68.6	0.93
898	chr12	41073902	41074468	CpG: 58	566	58	358	20.5	63.3	1.03
922	chr12	44256248	44257213	CpG: 102	965	102	647	21.1	67	0.95
922	chr12	44268458	44269062	CpG: 87	604	87	454	28.8	75.2	1.02
923	chr12	44315917	44316355	CpG: 58	438	58	330	26.5	75.3	0.95
923	chr12	44375423	44376472	CpG: 107	1049	107	711	20.4	67.8	0.92
929	chr12	45120785	45121417	CpG: 62	632	62	426	19.6	67.4	0.87
942	chr12	46865167	46866456	CpG: 124	1289	124	726	19.2	56.3	1.26
962	chr12	49429860	49432591	CpG: 207	2731	207	1390	15.2	50.9	1.19
962	chr12	49438084	49438479	CpG: 31	395	31	258	15.7	65.3	0.74
962	chr12	49448076	49448535	CpG: 62	459	62	352	27	76.7	0.92
971	chr12	50695449	50696229	CpG: 113	780	113	596	29	76.4	1
977	chr12	51394774	51395294	CpG: 63	520	63	363	24.2	69.8	1
977	chr12	51424129	51424405	CpG: 23	276	23	179	16.7	64.9	0.8
978	chr12	51639870	51640813	CpG: 94	943	94	652	19.9	69.1	0.84
979	chr12	51737702	51739091	CpG: 140	1389	140	928	20.2	66.8	0.9
980	chr12	51875438	51876898	CpG: 190	1460	190	1063	26	72.8	0.98
981	chr12	52017568	52018228	CpG: 72	660	72	488	21.8	73.9	0.82
982	chr12	52053124	52053366	CpG: 31	242	31	179	25.6	74	0.94
982	chr12	52144484	52144722	CpG: 30	238	30	172	25.2	72.3	0.98
985	chr12	52550320	52551753	CpG: 141	1433	141	866	19.7	60.4	1.13
991	chr12	53295134	53295571	CpG: 42	437	42	258	19.2	59	1.11
991	chr12	53299268	53299640	CpG: 49	372	49	245	26.3	65.9	1.23
991	chr12	53299939	53300449	CpG: 39	510	39	258	15.3	50.6	1.2
995	chr12	53754068	53754588	CpG: 45	520	45	340	17.3	65.4	0.83
997	chr12	54114542	54115949	CpG: 119	1407	119	877	16.9	62.3	0.88
998	chr12	54249897	54250724	CpG: 71	827	71	554	17.2	67	0.77
1002	chr12	54702941	54703591	CpG: 61	650	61	444	18.8	68.3	0.83
1002	chr12	54742373	54742766	CpG: 44	393	44	258	22.4	65.6	1.05
1002	chr12	54766117	54766530	CpG: 39	413	39	254	18.9	61.5	1.07
1002	chr12	54775953	54776366	CpG: 39	413	39	254	18.9	61.5	1.07
1003	chr12	54842037	54842549	CpG: 52	512	52	329	20.3	64.3	0.99
1003	chr12	54909082	54909985	CpG: 82	903	82	496	18.2	54.9	1.2
1004	chr12	55031745	55033111	CpG: 198	1366	198	1030	29	75.4	1.03
1005	chr12	55126793	55127620	CpG: 75	827	75	526	18.1	63.6	0.9
1005	chr12	55171159	55171678	CpG: 62	519	62	345	23.9	66.5	1.09
1006	chr12	55201634	55202464	CpG: 70	830	70	520	16.9	62.7	0.86
1006	chr12	55246223	55246742	CpG: 62	519	62	345	23.9	66.5	1.09
1006	chr12	55276698	55277528	CpG: 71	830	71	519	17.1	62.5	0.88
1007	chr12	55349388	55349913	CpG: 38	525	38	269	14.5	51.2	1.1
1008	chr12	55445442	55445973	CpG: 48	531	48	350	18.1	65.9	0.83
1008	chr12	55467276	55467608	CpG: 29	332	29	182	17.5	54.8	1.17
1008	chr12	55538658	55539451	CpG: 88	793	88	550	22.2	69.4	0.92
1009	chr12	55645622	55647599	CpG: 221	1977	221	1334	22.4	67.5	0.99
1011	chr12	55867297	55868022	CpG: 91	725	91	477	25.1	65.8	1.16
1011	chr12	55883009	55883660	CpG: 74	651	74	446	22.7	68.5	1.02
1011	chr12	55907814	55908026	CpG: 17	212	17	124	16	58.5	0.94
1015	chr12	56392262	56392682	CpG: 32	420	32	280	15.2	66.7	0.7
1016	chr12	56566665	56566928	CpG: 24	263	24	177	18.3	67.3	0.81
1016	chr12	56567878	56568104	CpG: 25	226	25	163	22.1	72.1	0.89
1016	chr12	56579732	56582064	CpG: 163	2332	163	1348	14	57.8	0.84
1016	chr12	56582616	56582904	CpG: 22	288	22	173	15.3	60.1	0.86
1016	chr12	56583195	56583476	CpG: 26	281	26	175	18.5	62.3	0.96
1017	chr12	56658567	56659093	CpG: 52	526	52	353	19.8	67.1	0.88
1017	chr12	56659744	56660153	CpG: 31	409	31	263	15.2	64.3	0.73
1017	chr12	56727907	56728196	CpG: 22	289	22	187	15.2	64.7	0.73
1017	chr12	56738279	56738588	CpG: 28	309	28	202	18.1	65.4	0.86
1017	chr12	56739229	56739479	CpG: 20	250	20	148	16	59.2	0.95
1017	chr12	56743279	56744066	CpG: 63	787	63	494	16	62.8	0.81
1021	chr12	57243496	57243947	CpG: 50	451	50	308	22.2	68.3	0.96
1021	chr12	57277064	57277710	CpG: 67	646	67	406	20.7	62.8	1.05
1024	chr12	57585495	57586016	CpG: 50	521	50	337	19.2	64.7	0.92
1024	chr12	57589083	57590055	CpG: 86	972	86	656	17.7	67.5	0.78
1024	chr12	57592055	57593000	CpG: 90	945	90	591	19	62.5	0.99
1024	chr12	57622724	57623392	CpG: 81	668	81	461	24.3	69	1.02
1029	chr12	58259178	58260048	CpG: 59	870	59	544	13.6	62.5	0.69
1029	chr12	58260259	58260569	CpG: 22	310	22	185	14.2	59.7	0.8
1035	chr12	59058416	59059073	CpG: 58	657	58	439	17.7	66.8	0.8
1035	chr12	59060161	59060465	CpG: 27	304	27	198	17.8	65.1	0.85
1035	chr12	59107848	59108178	CpG: 40	330	40	227	24.2	68.8	1.04
1036	chr12	59113517	59114260	CpG: 68	743	68	477	18.3	64.2	0.89
1036	chr12	59177567	59178585	CpG: 123	1018	123	722	24.2	70.9	0.98
1037	chr12	59265821	59266961	CpG: 127	1140	127	690	22.3	60.5	1.22
1054	chr12	61569686	61570155	CpG: 41	469	41	307	17.5	65.5	0.82
1054	chr12	61571168	61571432	CpG: 26	264	26	155	19.7	58.7	1.14
1080	chr12	64964560	64965127	CpG: 79	567	79	379	27.9	66.8	1.25
1081	chr12	65012443	65013347	CpG: 77	904	77	589	17	65.2	0.8
1081	chr12	65082991	65083461	CpG: 49	470	49	297	20.9	63.2	1.05
1081	chr12	65120245	65120995	CpG: 55	750	55	451	14.7	60.1	0.81
1081	chr12	65122248	65122749	CpG: 61	501	61	346	24.4	69.1	1.02
1082	chr12	65219067	65219655	CpG: 64	588	64	384	21.8	65.3	1.02
1082	chr12	65272467	65272794	CpG: 24	327	24	195	14.7	59.6	0.83
1091	chr12	66330646	66331174	CpG: 48	528	48	326	18.2	61.7	0.95
1098	chr12	67267404	67267996	CpG: 45	592	45	357	15.2	60.3	0.84
1098	chr12	67268214	67269665	CpG: 122	1451	122	891	16.8	61.4	0.89
17	chr12	69205393	69206065	CpG: 64	672	64	418	19	62.2	0.99
1113	chr12	69215268	69215941	CpG: 45	673	45	417	13.4	62	0.7
1113	chr12	69230357	69231758	CpG: 159	1401	159	918	22.7	65.5	1.06
1113	chr12	69243567	69245049	CpG: 169	1482	169	1034	22.8	69.8	0.94
1113	chr12	69274645	69274970	CpG: 33	325	33	209	20.3	64.3	1
1113	chr12	69288531	69289002	CpG: 61	471	61	350	25.9	74.3	0.94
1114	chr12	69343391	69344209	CpG: 98	818	98	566	24	69.2	1.01
1114	chr12	69403546	69403978	CpG: 39	432	39	273	18.1	63.2	0.93
1114	chr12	69408292	69408505	CpG: 18	213	18	127	16.9	59.6	0.95
1114	chr12	69418545	69419910	CpG: 167	1365	167	923	24.5	67.6	1.08
1116	chr12	69629419	69629875	CpG: 51	456	51	321	22.4	70.4	0.93
1116	chr12	69728099	69729171	CpG: 121	1072	121	672	22.6	62.7	1.15
1117	chr12	69771253	69771980	CpG: 69	727	69	497	19	68.4	0.81
1117	chr12	69837300	69837573	CpG: 22	273	22	192	16.1	70.3	0.65
1118	chr12	69939257	69940241	CpG: 130	984	130	717	26.4	72.9	1
1119	chr12	70033268	70034177	CpG: 106	909	106	569	23.3	62.6	1.2
1120	chr12	70158002	70158987	CpG: 116	985	116	689	23.6	69.9	0.96
1121	chr12	70274097	70274645	CpG: 45	548	45	362	16.4	66.1	0.75
1122	chr12	70393271	70394494	CpG: 100	1223	100	822	16.4	67.2	0.73
1122	chr12	70499664	70500141	CpG: 37	477	37	276	15.5	57.9	0.93
1125	chr12	70872242	70872805	CpG: 69	563	69	404	24.5	71.8	0.96
1126	chr12	70984510	70984931	CpG: 48	421	48	300	22.8	71.3	0.9
1126	chr12	71015047	71015461	CpG: 29	414	29	261	14	63	0.72
1126	chr12	71021302	71021998	CpG: 71	696	71	461	20.4	66.2	0.93
1127	chr12	71061994	71063782	CpG: 182	1788	182	1200	20.4	67.1	0.91
1127	chr12	71116623	71116838	CpG: 15	215	15	117	14	54.4	1
1127	chr12	71158145	71158431	CpG: 32	286	32	205	22.4	71.7	0.87
1128	chr12	71183079	71183448	CpG: 39	369	39	256	21.1	69.4	0.88
1129	chr12	71356342	71357230	CpG: 113	888	113	639	25.5	72	1.01
1129	chr12	71364752	71365548	CpG: 74	796	74	523	18.6	65.7	0.86
1133	chr12	71877869	71878634	CpG: 69	765	69	493	18	64.4	0.87
1135	chr12	72116879	72117954	CpG: 114	1075	114	730	21.2	67.9	0.92
1135	chr12	72131446	72133061	CpG: 133	1615	133	1022	16.5	63.3	0.83
1136	chr12	72283241	72283741	CpG: 64	500	64	350	25.6	70	1.07
1136	chr12	72350560	72350845	CpG: 27	285	27	197	18.9	69.1	0.8
1137	chr12	72455039	72455571	CpG: 54	532	54	367	20.3	69	0.86
1138	chr12	72582844	72583303	CpG: 43	459	43	311	18.7	67.8	0.82
1140	chr12	72807252	72808701	CpG: 158	1449	158	919	21.8	63.4	1.09
1141	chr12	72964242	72964778	CpG: 36	536	36	369	13.4	68.8	0.63
1141	chr12	72986435	72987260	CpG: 65	825	65	508	15.8	61.6	0.83
1141	chr12	72992126	72992818	CpG: 88	692	88	515	25.4	74.4	0.92
1142	chr12	73081737	73082024	CpG: 24	287	24	199	16.7	69.3	0.7
1142	chr12	73091389	73093648	CpG: 199	2259	199	1437	17.6	63.6	0.87
1142	chr12	73100441	73100961	CpG: 42	520	42	347	16.2	66.7	0.75
1143	chr12	73158614	73159938	CpG: 111	1324	111	891	16.8	67.3	0.75
1144	chr12	73333254	73333849	CpG: 50	595	50	380	16.8	63.9	0.82
1146	chr12	73592221	73593170	CpG: 118	949	118	661	24.9	69.7	1.06
1146	chr12	73631225	73632477	CpG: 95	1252	95	752	15.2	60.1	0.84
1149	chr12	73954249	73954468	CpG: 18	219	18	149	16.4	68	0.71
1149	chr12	73954791	73955577	CpG: 96	786	96	522	24.4	66.4	1.11
1149	chr12	73996423	73996766	CpG: 38	343	38	234	22.2	68.2	0.95
1149	chr12	74011169	74011746	CpG: 45	577	45	346	15.6	60	0.87
1149	chr12	74044405	74044774	CpG: 58	369	58	288	31.4	78	1.04
1152	chr12	74330747	74331072	CpG: 32	325	32	210	19.7	64.6	0.96
1158	chr12	75223510	75223744	CpG: 19	234	19	128	16.2	54.7	1.09
1162	chr12	75642131	75643492	CpG: 147	1361	147	940	21.6	69.1	0.91
1162	chr12	75716107	75716672	CpG: 46	565	46	345	16.3	61.1	0.89
1163	chr12	75782088	75782708	CpG: 83	620	83	452	26.8	72.9	1.02
1163	chr12	75864777	75865898	CpG: 125	1121	125	756	22.3	67.4	1
1166	chr12	76199281	76199536	CpG: 28	255	28	173	22	67.8	0.95
1167	chr12	76301843	76302223	CpG: 34	380	34	249	17.9	65.5	0.85
1167	chr12	76371479	76371943	CpG: 44	464	44	324	19	69.8	0.78
1168	chr12	76415805	76418083	CpG: 242	2278	242	1481	21.2	65	1.01
1168	chr12	76450236	76452939	CpG: 223	2703	223	1638	16.5	60.6	0.9
1168	chr12	76464233	76464673	CpG: 41	440	41	302	18.6	68.6	0.8
1169	chr12	76579755	76580523	CpG: 69	768	69	471	18	61.3	0.96
1169	chr12	76653057	76653278	CpG: 19	221	19	149	17.2	67.4	0.78
1170	chr12	76756250	76757464	CpG: 108	1214	108	855	17.8	70.4	0.72
1171	chr12	76812223	76812460	CpG: 23	237	23	138	19.4	58.2	1.17
1171	chr12	76868859	76869539	CpG: 68	680	68	458	20	67.4	0.89
1171	chr12	76884161	76884601	CpG: 33	440	33	253	15	57.5	0.91
1172	chr12	77008476	77009627	CpG: 92	1151	92	693	16	60.2	0.88
1174	chr12	77284740	77286368	CpG: 173	1628	173	1128	21.3	69.3	0.89
1176	chr12	77554581	77554882	CpG: 22	301	22	194	14.6	64.5	1.06
1182	chr12	78272594	78274211	CpG: 157	1617	157	1106	19.4	68.4	0.84
1186	chr12	78795305	78796313	CpG: 110	1008	110	694	21.8	68.8	0.93
1187	chr12	78908126	78909153	CpG: 84	1027	84	624	16.4	60.8	0.89
1187	chr12	78953583	78953934	CpG: 36	351	36	247	20.5	70.4	0.89
1187	chr12	78958743	78959022	CpG: 22	279	22	161	15.8	57.7	0.95
1188	chr12	79053544	79054226	CpG: 86	682	86	486	25.2	71.3	1.03
1188	chr12	79075782	79076181	CpG: 42	399	42	274	21.1	68.7	0.89
1188	chr12	79136108	79136508	CpG: 47	400	47	278	23.5	69.5	0.98
1189	chr12	79177438	79177881	CpG: 34	443	34	282	15.3	63.7	0.77
1189	chr12	79218874	79219589	CpG: 69	715	69	503	19.3	70.3	0.78
1196	chr12	80156728	80157156	CpG: 42	428	42	284	19.6	66.4	0.91
1196	chr12	80159574	80159800	CpG: 23	226	23	148	20.4	65.5	0.95
1196	chr12	80161942	80162844	CpG: 97	902	97	598	21.5	66.3	0.98
1196	chr12	80179200	80179724	CpG: 62	524	62	374	23.7	71.4	0.93
1196	chr12	80215091	80215405	CpG: 28	314	28	180	17.8	57.3	1.1
1197	chr12	80306111	80307573	CpG: 121	1462	121	961	16.6	65.7	0.77
1198	chr12	80386556	80386855	CpG: 21	299	21	185	14	61.9	0.75
1199	chr12	80481728	80482511	CpG: 57	783	57	510	14.6	65.1	0.69
1199	chr12	80483273	80483730	CpG: 59	457	59	338	25.8	74	0.95
1199	chr12	80509867	80510485	CpG: 51	618	51	418	16.5	67.6	0.72
1199	chr12	80565212	80566635	CpG: 140	1423	140	943	19.7	66.3	0.9
1200	chr12	80690103	80690663	CpG: 56	560	56	376	20	67.1	0.89
1200	chr12	80739404	80739820	CpG: 45	416	45	285	21.6	68.5	0.94
1201	chr12	80804188	80806199	CpG: 252	2011	252	1418	25.1	70.5	1.01
1201	chr12	80807077	80807362	CpG: 24	285	24	192	16.8	67.4	0.74
1201	chr12	80837167	80837993	CpG: 114	826	114	573	27.6	69.4	1.15
1202	chr12	80992108	80993103	CpG: 102	995	102	662	20.5	66.5	0.93
1203	chr12	81073478	81073976	CpG: 45	498	45	316	18.1	63.5	0.94
1205	chr12	81379438	81379939	CpG: 59	501	59	377	23.6	75.2	0.84
1207	chr12	81531432	81531969	CpG: 41	537	41	320	15.3	59.6	0.86
1207	chr12	81579113	81579701	CpG: 42	588	42	340	14.3	57.8	0.86
1207	chr12	81641715	81642029	CpG: 31	314	31	192	19.7	61.1	1.18
1208	chr12	81677753	81678487	CpG: 87	734	87	518	23.7	70.6	0.97
1208	chr12	81778732	81778937	CpG: 17	205	17	129	16.6	62.9	0.85
1209	chr12	81827171	81828354	CpG: 125	1183	125	803	21.1	67.9	0.93
1209	chr12	81906667	81907884	CpG: 142	1217	142	758	23.3	62.3	1.2
1212	chr12	82216002	82217184	CpG: 138	1182	138	813	23.4	68.8	0.99
1215	chr12	82663521	82664502	CpG: 99	981	99	670	20.2	68.3	0.87
1222	chr12	83532598	83534621	CpG: 160	2023	160	1183	15.8	58.5	0.93
1222	chr12	83567124	83567550	CpG: 30	426	30	265	14.1	62.2	0.73
1223	chr12	83643603	83643850	CpG: 24	247	24	181	19.4	73.3	0.74
1223	chr12	83644005	83644209	CpG: 18	204	18	120	17.6	58.8	1.06
1223	chr12	83667675	83667936	CpG: 27	261	27	164	20.7	62.8	1.05
1223	chr12	83678932	83679703	CpG: 60	771	60	423	15.6	54.9	1.04
1223	chr12	83734693	83735339	CpG: 68	646	68	436	21.1	67.5	0.93
1225	chr12	83967973	83968829	CpG: 75	856	75	581	17.5	67.9	0.84
1225	chr12	83997396	83998446	CpG: 148	1050	148	758	28.2	72.2	1.08
1226	chr12	84034644	84035239	CpG: 78	595	78	421	26.2	70.8	1.05
1226	chr12	84056279	84056724	CpG: 64	445	64	323	28.8	72.6	1.1
1226	chr12	84085208	84085725	CpG: 73	517	73	383	28.2	74.1	1.03
1226	chr12	84100250	84100699	CpG: 63	449	63	329	28.1	73.3	1.05
1226	chr12	84116287	84116681	CpG: 60	394	60	294	30.5	74.6	1.1
1226	chr12	84147639	84148186	CpG: 73	547	73	402	26.7	73.5	0.99
1227	chr12	84194889	84195343	CpG: 45	454	45	309	19.8	68.1	0.86
1227	chr12	84239442	84240933	CpG: 154	1491	154	1018	20.7	68.3	0.89
1227	chr12	84265151	84265819	CpG: 77	668	77	481	23.1	72	0.9
1228	chr12	84331936	84332295	CpG: 29	359	29	217	16.2	60.4	0.89
1228	chr12	84363514	84364360	CpG: 76	846	76	573	18	67.7	0.79
1229	chr12	84455276	84455964	CpG: 90	688	90	500	26.2	72.7	0.99
1229	chr12	84463943	84464443	CpG: 55	500	55	320	22	64	1.09
1229	chr12	84497468	84497803	CpG: 23	335	23	193	13.7	57.6	0.83
1230	chr12	84616641	84617110	CpG: 35	469	35	322	14.9	68.7	0.64
1230	chr12	84617987	84618510	CpG: 36	523	36	303	13.8	57.9	0.82
1230	chr12	84636692	84637108	CpG: 34	416	34	248	16.3	59.6	0.92
1230	chr12	84664016	84664263	CpG: 25	247	25	173	20.2	70	0.83
1231	chr12	84745252	84745593	CpG: 40	341	40	211	23.5	61.9	1.25
1232	chr12	84819499	84820528	CpG: 70	1029	70	637	13.6	61.9	0.71
1232	chr12	84922375	84923444	CpG: 84	1069	84	699	15.7	65.4	0.74
1233	chr12	85017352	85017746	CpG: 36	394	36	241	18.3	61.2	0.98
1233	chr12	85042960	85043593	CpG: 68	633	68	384	21.5	60.7	1.19
1234	chr12	85157411	85158188	CpG: 83	777	83	524	21.4	67.4	0.94
1235	chr12	85223957	85224306	CpG: 29	349	29	225	16.6	64.5	0.8
1235	chr12	85263437	85263829	CpG: 28	392	28	238	14.3	60.7	0.85
1235	chr12	85265920	85266680	CpG: 62	760	62	472	16.3	62.1	0.85
1235	chr12	85317150	85317469	CpG: 33	319	33	215	20.7	67.4	0.97
1235	chr12	85326976	85327248	CpG: 23	272	23	175	16.9	64.3	0.86
1236	chr12	85335352	85335567	CpG: 16	215	16	131	14.9	60.9	0.83
1236	chr12	85385717	85386309	CpG: 64	592	64	383	21.6	64.7	1.03
1236	chr12	85420997	85421533	CpG: 60	536	60	387	22.4	72.2	0.86
1237	chr12	85502072	85502331	CpG: 18	259	18	135	13.9	52.1	1.02
1237	chr12	85518830	85519148	CpG: 30	318	30	218	18.9	68.6	0.81
1237	chr12	85520212	85521526	CpG: 91	1314	91	781	13.9	59.4	0.79
1237	chr12	85533545	85533813	CpG: 20	268	20	142	14.9	53	1.14
1238	chr12	85645572	85646571	CpG: 88	999	88	601	17.6	60.2	0.97
1239	chr12	85744952	85745307	CpG: 36	355	36	242	20.3	68.2	0.89
1239	chr12	85792988	85793524	CpG: 43	536	43	344	16	64.2	0.8
1240	chr12	85871468	85872009	CpG: 58	541	58	360	21.4	66.5	0.99
1242	chr12	86126143	86126462	CpG: 28	319	28	216	17.6	67.7	0.77
1242	chr12	86129300	86129621	CpG: 31	321	31	207	19.3	64.5	0.94
1243	chr12	86261111	86261348	CpG: 20	237	20	130	16.9	54.9	1.13
1243	chr12	86288509	86288987	CpG: 44	478	44	340	18.4	71.1	0.74
1243	chr12	86290926	86291230	CpG: 23	304	23	182	15.1	59.9	0.85
1244	chr12	86468433	86469676	CpG: 104	1243	104	782	16.7	62.9	0.85
1245	chr12	86516804	86517251	CpG: 35	447	35	279	15.7	62.4	0.82
1246	chr12	86725224	86725463	CpG: 18	239	18	141	15.1	59	0.87
1246	chr12	86725556	86726262	CpG: 65	706	65	466	18.4	66	0.87
1246	chr12	86735777	86736087	CpG: 25	310	25	195	16.1	62.9	0.84
1247	chr12	86772720	86773333	CpG: 56	613	56	429	18.3	70	0.77
1248	chr12	86928541	86931708	CpG: 263	3167	263	2030	16.6	64.1	0.81
1248	chr12	86938762	86939056	CpG: 23	294	23	171	15.6	58.2	0.94
1248	chr12	86993620	86994259	CpG: 64	639	64	423	20	66.2	0.91
1248	chr12	86994644	86994854	CpG: 16	210	16	127	15.2	60.5	0.86
1249	chr12	87036731	87037327	CpG: 59	596	59	434	19.8	72.8	0.75
1249	chr12	87148887	87149361	CpG: 36	474	36	323	15.2	68.1	0.67
1250	chr12	87193823	87194931	CpG: 94	1108	94	725	17	65.4	0.79
1250	chr12	87246472	87247310	CpG: 85	838	85	522	20.3	62.3	1.06
1251	chr12	87313381	87313679	CpG: 22	298	22	192	14.8	64.4	0.79
1251	chr12	87346172	87347104	CpG: 105	932	105	667	22.5	71.6	0.88
1252	chr12	87434494	87435187	CpG: 62	693	62	406	17.9	58.6	1.04
1252	chr12	87490163	87490795	CpG: 50	632	50	401	15.8	63.4	0.79
1252	chr12	87518642	87519139	CpG: 48	497	48	304	19.3	61.2	1.03
1258	chr12	88321160	88321461	CpG: 36	301	36	237	23.9	78.7	0.79
1258	chr12	88327261	88327598	CpG: 29	337	29	220	17.2	65.3	0.81
1265	chr12	89226930	89227296	CpG: 28	366	28	227	15.3	62	0.8
1283	chr12	91555010	91555400	CpG: 31	390	31	233	15.9	59.7	0.89
1283	chr12	91555888	91557375	CpG: 154	1487	154	917	20.7	61.7	1.09
1283	chr12	91614176	91614856	CpG: 44	680	44	382	12.9	56.2	0.82
1284	chr12	91745242	91745906	CpG: 69	664	69	466	20.8	70.2	0.85
1285	chr12	91815588	91815822	CpG: 25	234	25	166	21.4	70.9	0.85
1314	chr12	95661961	95662650	CpG: 73	689	73	481	21.2	69.8	0.87
1334	chr12	98225063	98225713	CpG: 73	650	73	435	22.5	66.9	1.01
1336	chr12	98540790	98541638	CpG: 88	848	88	558	20.8	65.8	0.96
1337	chr12	98594296	98594608	CpG: 26	312	26	205	16.7	65.7	0.78
1337	chr12	98655475	98655679	CpG: 18	204	18	127	17.6	62.3	0.95
1338	chr12	98703565	98703981	CpG: 52	416	52	271	25	65.1	1.18
1338	chr12	98713063	98713571	CpG: 54	508	54	287	21.3	56.5	1.33
1339	chr12	98866852	98867829	CpG: 110	977	110	655	22.5	67	1
1343	chr12	99358275	99359658	CpG: 118	1383	118	792	17.1	57.3	1.04
1344	chr12	99529658	99530050	CpG: 51	392	51	297	26	75.8	0.91
1344	chr12	99593953	99594343	CpG: 51	390	51	284	26.2	72.8	0.99
1346	chr12	99849518	99849858	CpG: 30	340	30	217	17.6	63.8	0.91
1346	chr12	99850693	99851114	CpG: 35	421	35	220	16.6	52.3	1.22
1347	chr12	99931063	99931343	CpG: 21	280	21	171	15	61.1	0.82
1347	chr12	99931462	99932515	CpG: 90	1053	90	676	17.1	64.2	0.83
1348	chr12	100076303	100076832	CpG: 52	529	52	322	19.7	60.9	1.09
1348	chr12	100097131	100097336	CpG: 18	205	18	128	17.6	62.4	0.9
1349	chr12	100153266	100153879	CpG: 48	613	48	358	15.7	58.4	0.93
1349	chr12	100165505	100167119	CpG: 161	1614	161	1123	20	69.6	0.83
1351	chr12	100486570	100487357	CpG: 114	787	114	618	29	78.5	0.94
1353	chr12	100690898	100691840	CpG: 83	942	83	597	17.6	63.4	0.9
1354	chr12	100865148	100865767	CpG: 46	619	46	407	14.9	65.8	0.69
1354	chr12	100874270	100874510	CpG: 30	240	30	178	25	74.2	0.92
1355	chr12	100994700	100995674	CpG: 107	974	107	685	22	70.3	0.89
1355	chr12	101048702	101050333	CpG: 168	1631	168	1045	20.6	64.1	1.01
1360	chr12	101684272	101684867	CpG: 72	595	72	433	24.2	72.8	0.93
1361	chr12	101785019	101785563	CpG: 43	544	43	341	15.8	62.7	0.82
1362	chr12	101878846	101879567	CpG: 69	721	69	465	19.1	64.5	0.92
1362	chr12	101924137	101924671	CpG: 49	534	49	312	18.4	58.4	1.08
1362	chr12	101941615	101942594	CpG: 90	979	90	641	18.4	65.5	0.86
1363	chr12	102094966	102095708	CpG: 79	742	79	510	21.3	68.7	0.9
1365	chr12	102249205	102249735	CpG: 49	530	49	303	18.5	57.2	1.15
1366	chr12	102405860	102406155	CpG: 27	295	27	190	18.3	64.4	0.89
1366	chr12	102435222	102435845	CpG: 71	623	71	431	22.8	69.2	0.95
1368	chr12	102670706	102671680	CpG: 112	974	112	617	23	63.3	1.16
1368	chr12	102709617	102710309	CpG: 75	692	75	472	21.7	68.2	0.93
1368	chr12	102723571	102724593	CpG: 105	1022	105	673	20.5	65.9	0.96
1369	chr12	102843822	102844914	CpG: 127	1092	127	743	23.3	68	1.02
1370	chr12	102915116	102915903	CpG: 67	787	67	476	17	60.5	0.94
1372	chr12	103208077	103208976	CpG: 92	899	92	633	20.5	70.4	0.83
1373	chr12	103291319	103291947	CpG: 68	628	68	416	21.7	66.2	1.02
1373	chr12	103354859	103355248	CpG: 51	389	51	277	26.2	71.2	1.03
1373	chr12	103391754	103392336	CpG: 48	582	48	376	16.5	64.6	0.79
1374	chr12	103498432	103499093	CpG: 80	661	80	435	24.2	65.8	1.12
1381	chr12	104413262	104413600	CpG: 30	338	30	224	17.8	66.3	0.81
1381	chr12	104437531	104439670	CpG: 185	2139	185	1328	17.3	62.1	0.9
1381	chr12	104440684	104440925	CpG: 29	241	29	169	24.1	70.1	0.98
1382	chr12	104576115	104576345	CpG: 17	230	17	126	14.8	54.8	0.99
1383	chr12	104717734	104718628	CpG: 110	894	110	596	24.6	66.7	1.12
1385	chr12	104975812	104976453	CpG: 55	641	55	415	17.2	64.7	0.83
1386	chr12	104989456	104990216	CpG: 65	760	65	451	17.1	59.3	1
1386	chr12	104998356	104999363	CpG: 101	1007	101	675	20.1	67	0.9
1388	chr12	105302911	105303840	CpG: 92	929	92	653	19.8	70.3	0.81
1389	chr12	105420052	105420296	CpG: 28	244	28	179	23	73.4	0.87
1391	chr12	105651101	105652083	CpG: 111	982	111	677	22.6	68.9	0.96
1391	chr12	105732822	105733027	CpG: 15	205	15	109	14.6	53.2	1.04
1391	chr12	105750599	105751565	CpG: 110	966	110	643	22.8	66.6	1.03
1392	chr12	105828934	105829191	CpG: 20	257	20	159	15.6	61.9	0.81
1393	chr12	105929081	105929508	CpG: 30	427	30	254	14.1	59.5	0.8
1393	chr12	105976430	105977183	CpG: 67	753	67	462	17.8	61.4	0.95
1394	chr12	106140433	106140648	CpG: 19	215	19	129	17.7	60	0.98
1408	chr12	107881543	107883553	CpG: 169	2010	169	1313	16.8	65.3	0.79
1408	chr12	107946479	107947005	CpG: 49	526	49	361	18.6	68.6	0.79
1408	chr12	107968865	107970609	CpG: 135	1744	135	949	15.5	54.4	1.05
1408	chr12	107972282	107972676	CpG: 39	394	39	281	19.8	71.3	0.78
1410	chr12	108144604	108146489	CpG: 182	1885	182	1212	19.3	64.3	0.94
1410	chr12	108240575	108242841	CpG: 203	2266	203	1396	17.9	61.6	0.95
1411	chr12	108272520	108273000	CpG: 55	480	55	351	22.9	73.1	0.87
1411	chr12	108284570	108285153	CpG: 54	583	54	378	18.5	64.8	0.88
1411	chr12	108294044	108294668	CpG: 80	624	80	403	25.6	64.6	1.24
1411	chr12	108300013	108301052	CpG: 105	1039	105	715	20.2	68.8	0.88
1411	chr12	108319059	108319319	CpG: 23	260	23	174	17.7	66.9	0.79
1411	chr12	108389189	108389828	CpG: 58	639	58	370	18.2	57.9	1.08
1412	chr12	108429573	108429925	CpG: 25	352	25	198	14.2	56.2	0.9
1412	chr12	108520947	108521607	CpG: 115	660	115	533	34.8	80.8	1.08
1414	chr12	108668103	108668853	CpG: 60	750	60	494	16	65.9	0.74
1414	chr12	108724102	108724388	CpG: 34	286	34	195	23.8	68.2	1.03
1414	chr12	108758101	108760697	CpG: 302	2596	302	1591	23.3	61.3	1.24
1415	chr12	108792796	108793150	CpG: 30	354	30	226	16.9	63.8	0.83
1415	chr12	108801334	108802303	CpG: 97	969	97	656	20	67.7	0.88
1415	chr12	108859793	108860339	CpG: 53	546	53	366	19.4	67	0.86
1416	chr12	108999157	109000289	CpG: 109	1132	109	708	19.3	62.5	0.99
1416	chr12	109018253	109019808	CpG: 212	1555	212	1186	27.3	76.3	0.94
1416	chr12	109033702	109034334	CpG: 101	632	101	522	32	82.6	0.95
1419	chr12	109365573	109365856	CpG: 20	283	20	165	14.1	58.3	0.84
1419	chr12	109418911	109419773	CpG: 87	862	87	567	20.2	65.8	0.94
1419	chr12	109425670	109425954	CpG: 26	284	26	194	18.3	68.3	0.79
1425	chr12	110153896	110155339	CpG: 98	1443	98	951	13.6	65.9	0.63
1425	chr12	110155740	110156117	CpG: 28	377	28	238	14.9	63.1	0.75
1426	chr12	110244256	110246352	CpG: 184	2096	184	1235	17.6	58.9	1.01
1426	chr12	110286256	110286607	CpG: 34	351	34	229	19.4	65.2	0.91
1426	chr12	110339927	110340161	CpG: 19	234	19	153	16.2	65.4	0.76
1427	chr12	110412953	110414062	CpG: 100	1109	100	675	18	60.9	0.99
1428	chr12	110557710	110558372	CpG: 62	662	62	421	18.7	63.6	0.93
1428	chr12	110567684	110568440	CpG: 76	756	76	445	20.1	58.9	1.16
1429	chr12	110662160	110663244	CpG: 126	1084	126	713	23.2	65.8	1.09
1429	chr12	110703964	110705309	CpG: 133	1345	133	913	19.8	67.9	0.86
1430	chr12	110806908	110807510	CpG: 59	602	59	370	19.6	61.5	1.04
1430	chr12	110810266	110810513	CpG: 20	247	20	154	16.2	62.3	0.85
1430	chr12	110811333	110811537	CpG: 15	204	15	108	14.7	52.9	1.06
1430	chr12	110816508	110817160	CpG: 66	652	66	408	20.2	62.6	1.03
1430	chr12	110855124	110856048	CpG: 84	924	84	622	18.2	67.3	0.84
1431	chr12	110943419	110943944	CpG: 56	525	56	358	21.3	68.2	0.92
1431	chr12	110945069	110945716	CpG: 69	647	69	410	21.3	63.4	1.08
1431	chr12	111004837	111006781	CpG: 159	1944	159	1170	16.4	60.2	0.9
1432	chr12	111132399	111133365	CpG: 136	966	136	696	28.2	72	1.1
1433	chr12	111237495	111238431	CpG: 64	936	64	594	13.7	63.5	0.68
1433	chr12	111240527	111242342	CpG: 177	1815	177	1258	19.5	69.3	0.81
1433	chr12	111265858	111266112	CpG: 17	254	17	149	13.4	58.7	0.78
1434	chr12	111284996	111285292	CpG: 21	296	21	170	14.2	57.4	0.88
1434	chr12	111343401	111344657	CpG: 168	1256	168	924	26.8	73.6	0.99
1434	chr12	111389888	111390429	CpG: 49	541	49	341	18.1	63	0.91
1434	chr12	111392361	111392700	CpG: 25	339	25	202	14.7	59.6	0.84
1434	chr12	111396023	111396230	CpG: 21	207	21	134	20.3	64.7	0.98
1434	chr12	111408983	111409347	CpG: 30	364	30	235	16.5	64.6	0.79
1435	chr12	111411968	111412513	CpG: 61	545	61	388	22.4	71.2	0.92
1435	chr12	111451584	111452435	CpG: 106	851	106	609	24.9	71.6	0.98
1435	chr12	111503941	111505617	CpG: 182	1676	182	1148	21.7	68.5	0.94
1435	chr12	111540763	111541810	CpG: 115	1047	115	734	22	70.1	0.9
1436	chr12	111636971	111638943	CpG: 155	1972	155	1288	15.7	65.3	0.74
1436	chr12	111644294	111644731	CpG: 45	437	45	287	20.6	65.7	0.96
1437	chr12	111678976	111679984	CpG: 132	1008	132	703	26.2	69.7	1.08
1437	chr12	111725060	111725655	CpG: 78	595	78	442	26.2	74.3	0.95
1437	chr12	111740827	111741057	CpG: 19	230	19	142	16.5	61.7	0.87
1437	chr12	111780084	111781095	CpG: 102	1011	102	682	20.2	67.5	0.89
1438	chr12	111873964	111875103	CpG: 153	1139	153	842	26.9	73.9	1
1438	chr12	111933049	111933547	CpG: 42	498	42	332	16.9	66.7	0.76
1440	chr12	112096739	112097543	CpG: 90	804	90	542	22.4	67.4	0.99
1440	chr12	112110367	112113389	CpG: 227	3022	227	1840	15	60.9	0.81
1440	chr12	112128045	112128273	CpG: 19	228	19	150	16.7	65.8	0.79
1440	chr12	112140262	112140650	CpG: 30	388	30	262	15.5	67.5	0.68
1440	chr12	112141964	112142266	CpG: 29	302	29	206	19.2	68.2	0.84
1440	chr12	112144476	112144725	CpG: 20	249	20	164	16.1	65.9	0.74
1443	chr12	112477206	112477705	CpG: 59	499	59	341	23.6	68.3	1.02
1443	chr12	112555216	112555478	CpG: 27	262	27	178	20.6	67.9	0.89
1443	chr12	112566453	112566708	CpG: 21	255	21	176	16.5	69	0.7
1443	chr12	112586418	112586814	CpG: 43	396	43	288	21.7	72.7	0.82
1444	chr12	112610860	112611882	CpG: 114	1022	114	684	22.3	66.9	1
1444	chr12	112640105	112640867	CpG: 92	762	92	464	24.1	60.9	1.3
1444	chr12	112645033	112646130	CpG: 136	1097	136	767	24.8	69.9	1.01
1444	chr12	112659905	112660222	CpG: 32	317	32	178	20.2	56.2	1.28
1444	chr12	112688278	112689230	CpG: 118	952	118	738	24.8	77.5	0.83
1444	chr12	112702755	112703025	CpG: 20	270	20	174	14.8	64.4	0.72
1444	chr12	112705220	112705508	CpG: 22	288	22	193	15.3	67	0.68
1445	chr12	112765930	112766441	CpG: 52	511	52	351	20.4	68.7	0.87
1445	chr12	112772469	112772913	CpG: 52	444	52	315	23.4	70.9	0.93
1445	chr12	112792472	112793367	CpG: 104	895	104	603	23.2	67.4	1.02
1445	chr12	112841177	112841517	CpG: 38	340	38	248	22.4	72.9	0.86
1446	chr12	112854080	112854476	CpG: 28	396	28	264	14.1	66.7	0.84
1446	chr12	112872726	112872992	CpG: 20	266	20	168	15	63.2	0.75
1446	chr12	112877037	112877403	CpG: 27	366	27	242	14.8	66.1	0.68
1446	chr12	112883898	112884167	CpG: 19	269	19	167	14.1	62.1	0.73
1446	chr12	112892020	112893597	CpG: 184	1577	184	964	23.3	61.1	1.26
1446	chr12	112913805	112914310	CpG: 54	505	54	347	21.4	68.7	0.91
1446	chr12	112940034	112940761	CpG: 77	727	77	479	21.2	65.9	0.98
1446	chr12	112963486	112964556	CpG: 135	1070	135	734	25.2	68.6	1.07
1446	chr12	112977715	112978680	CpG: 109	965	109	644	22.6	66.7	1.01
1447	chr12	113061595	113062369	CpG: 91	774	91	494	23.5	63.8	1.16
1447	chr12	113103670	113104622	CpG: 92	952	92	596	19.3	62.6	0.99
1448	chr12	113115550	113115857	CpG: 23	307	23	204	15	66.4	0.68
1448	chr12	113119597	113120231	CpG: 57	634	57	426	18	67.2	0.8
1448	chr12	113151274	113152791	CpG: 123	1517	123	978	16.2	64.5	0.78
1457	chr12	114342506	114342835	CpG: 32	329	32	216	19.5	65.7	0.9
1470	chr12	116011361	116011625	CpG: 27	264	27	175	20.5	66.3	0.98
1470	chr12	116041305	116041604	CpG: 30	299	30	189	20.1	63.2	1.04
1471	chr12	116226432	116226717	CpG: 36	285	36	212	25.3	74.4	0.93
1471	chr12	116244259	116245471	CpG: 111	1212	111	807	18.3	66.6	0.83
1472	chr12	116368800	116369396	CpG: 63	596	63	410	21.1	68.8	0.95
1473	chr12	116449377	116450124	CpG: 61	747	61	447	16.3	59.8	0.91
1478	chr12	117117285	117117867	CpG: 60	582	60	372	20.6	63.9	1.01
1481	chr12	117497372	117498047	CpG: 76	675	76	435	22.5	64.4	1.09
1483	chr12	117807169	117807992	CpG: 76	823	76	544	18.5	66.1	0.85
1486	chr12	118162239	118162760	CpG: 39	521	39	323	15	62	0.78
1487	chr12	118265029	118266367	CpG: 118	1338	118	862	17.6	64.4	0.85
1491	chr12	118800259	118800921	CpG: 65	662	65	447	19.6	67.5	0.86
1491	chr12	118806829	118807086	CpG: 22	257	22	170	17.1	66.1	0.78
1491	chr12	118810463	118810958	CpG: 38	495	38	253	15.4	51.1	1.24
1491	chr12	118812645	118813639	CpG: 110	994	110	660	22.1	66.4	1
1494	chr12	119201521	119201837	CpG: 23	316	23	200	14.6	63.3	0.73
611	chr13	3408212	3411343	CpG: 226	3131	226	1947	14.4	62.2	0.75
611	chr13	3528175	3528490	CpG: 33	315	33	212	21	67.3	0.95
612	chr13	3587625	3588596	CpG: 89	971	89	599	18.3	61.7	0.96
612	chr13	3660510	3661307	CpG: 90	797	90	547	22.6	68.6	0.97
613	chr13	3683944	3684416	CpG: 38	472	38	304	16.1	64.4	0.79
615	chr13	3943449	3943682	CpG: 24	233	24	164	20.6	70.4	0.83
615	chr13	3967723	3968274	CpG: 48	551	48	375	17.4	68.1	0.76
630	chr13	5911050	5911901	CpG: 73	851	73	523	17.2	61.5	0.91
635	chr13	6597977	6598311	CpG: 30	334	30	215	18	64.4	0.89
636	chr13	6698549	6698882	CpG: 28	333	28	225	16.8	67.6	0.74
653	chr13	8920813	8921507	CpG: 56	694	56	419	16.1	60.4	0.91
653	chr13	8935692	8935973	CpG: 27	281	27	186	19.2	66.2	0.89
654	chr13	9045821	9046455	CpG: 58	634	58	410	18.3	64.7	0.88
654	chr13	9143709	9144318	CpG: 85	609	85	441	27.9	72.4	1.07
654	chr13	9144496	9144761	CpG: 21	265	21	152	15.8	57.4	0.97
656	chr13	9326441	9327279	CpG: 99	838	99	528	23.6	63	1.19
659	chr13	9813828	9815386	CpG: 179	1558	179	1010	23	64.8	1.1
664	chr13	10410238	10410695	CpG: 59	457	59	331	25.8	72.4	0.99
677	chr13	12120820	12121912	CpG: 109	1092	109	736	20	67.4	0.88
678	chr13	12272546	12273169	CpG: 60	623	60	397	19.3	63.7	0.95
679	chr13	12410364	12410686	CpG: 25	322	25	193	15.5	59.9	0.89
680	chr13	12476100	12476452	CpG: 42	352	42	241	23.9	68.5	1.02
680	chr13	12535051	12535404	CpG: 28	353	28	224	15.9	63.5	0.79
680	chr13	12580707	12581263	CpG: 64	556	64	383	23	68.9	0.99
681	chr13	12664719	12665662	CpG: 80	943	80	589	17	62.5	0.87
682	chr13	12716970	12717767	CpG: 57	797	57	506	14.3	63.5	0.72
687	chr13	13407291	13407546	CpG: 28	255	28	170	22	66.7	0.99
688	chr13	13567624	13568565	CpG: 80	941	80	587	17	62.4	0.88
688	chr13	13612006	13612803	CpG: 58	797	58	508	14.6	63.7	0.73
690	chr13	13764833	13765589	CpG: 80	756	80	531	21.2	70.2	0.87
691	chr13	13958566	13959529	CpG: 101	963	101	671	21	69.7	0.87
692	chr13	14128564	14129802	CpG: 114	1238	114	808	18.4	65.3	0.87
693	chr13	14213971	14214369	CpG: 28	398	28	235	14.1	59	0.82
693	chr13	14237581	14239346	CpG: 147	1765	147	1087	16.7	61.6	0.88
697	chr13	14787549	14788094	CpG: 41	545	41	324	15	59.4	0.85
704	chr13	15637418	15639083	CpG: 183	1665	183	1102	22	66.2	1.01
721	chr13	17869157	17870351	CpG: 107	1194	107	804	17.9	67.3	0.82
722	chr13	17977927	17980392	CpG: 272	2465	272	1570	22.1	63.7	1.09
723	chr13	18118404	18119042	CpG: 84	638	84	447	26.3	70.1	1.08
723	chr13	18167637	18168008	CpG: 43	371	43	253	23.2	68.2	1
730	chr13	19132542	19133197	CpG: 59	655	59	442	18	67.5	0.79
734	chr13	19579625	19580127	CpG: 44	502	44	318	17.5	63.3	0.87
736	chr13	19803411	19803935	CpG: 42	524	42	360	16	68.7	0.68
736	chr13	19807195	19807453	CpG: 24	258	24	175	18.6	67.8	0.83
738	chr13	20179881	20180090	CpG: 23	209	23	121	22	57.9	1.35
739	chr13	20274549	20275828	CpG: 138	1279	138	852	21.6	66.6	1.01
93	chr13	21364148	21365318	CpG: 126	1170	126	790	21.5	67.5	0.95
748	chr13	21384633	21384844	CpG: 23	211	23	135	21.8	64	1.07
749	chr13	21546960	21547201	CpG: 21	241	21	166	17.4	68.9	0.74
749	chr13	21586622	21586908	CpG: 29	286	29	191	20.3	66.8	0.93
749	chr13	21624917	21625209	CpG: 22	292	22	160	15.1	54.8	1
750	chr13	21652365	21652802	CpG: 45	437	45	285	20.6	65.2	0.97
750	chr13	21714926	21715261	CpG: 38	335	38	231	22.7	69	0.95
752	chr13	21899974	21900913	CpG: 86	939	86	560	18.3	59.6	1.03
752	chr13	21901817	21902225	CpG: 45	408	45	276	22.1	67.6	0.97
752	chr13	21905667	21906621	CpG: 81	954	81	553	17	58	1.01
752	chr13	21919138	21919585	CpG: 49	447	49	291	21.9	65.1	1.04
752	chr13	21934371	21934796	CpG: 44	425	44	274	20.7	64.5	1
752	chr13	21937675	21937964	CpG: 38	289	38	206	26.3	71.3	1.04
752	chr13	21938303	21938631	CpG: 34	328	34	209	20.7	63.7	1.02
752	chr13	21964555	21964883	CpG: 27	328	27	190	16.5	57.9	0.98
752	chr13	21967132	21967534	CpG: 44	402	44	272	21.9	67.7	0.96
752	chr13	21971024	21972023	CpG: 93	999	93	601	18.6	60.2	1.03
752	chr13	21993986	21994958	CpG: 92	972	92	602	18.9	61.9	0.99
752	chr13	21995994	21996260	CpG: 35	266	35	178	26.3	66.9	1.18
752	chr13	22016021	22016287	CpG: 35	266	35	178	26.3	66.9	1.18
752	chr13	22017323	22018295	CpG: 92	972	92	602	18.9	61.9	0.99
753	chr13	22129214	22129504	CpG: 27	290	27	188	18.6	64.8	0.9
754	chr13	22165359	22165941	CpG: 56	582	56	391	19.2	67.2	0.86
754	chr13	22190055	22190470	CpG: 44	415	44	280	21.2	67.5	0.93
754	chr13	22190967	22191427	CpG: 37	460	37	298	16.1	64.8	0.77
754	chr13	22219400	22220395	CpG: 85	995	85	591	17.1	59.4	0.97
754	chr13	22225186	22225630	CpG: 44	444	44	279	19.8	62.8	1.01
754	chr13	22226775	22227754	CpG: 88	979	88	587	18	60	1
754	chr13	22235122	22235578	CpG: 35	456	35	268	15.4	58.8	0.9
764	chr13	23553064	23553587	CpG: 49	523	49	342	18.7	65.4	0.88
764	chr13	23579912	23580745	CpG: 58	833	58	448	13.9	53.8	0.96
765	chr13	23629825	23630155	CpG: 36	330	36	217	21.8	65.8	1.01
765	chr13	23648294	23648664	CpG: 34	370	34	216	18.4	58.4	1.09
765	chr13	23715293	23715982	CpG: 60	689	60	382	17.4	55.4	1.14
765	chr13	23718089	23718402	CpG: 41	313	41	225	26.2	71.9	1.01
765	chr13	23719455	23720012	CpG: 58	557	58	355	20.8	63.7	1.03
766	chr13	23727183	23727445	CpG: 30	262	30	168	22.9	64.1	1.12
766	chr13	23728660	23729102	CpG: 49	442	49	290	22.2	65.6	1.04
766	chr13	23735510	23735776	CpG: 35	266	35	174	26.3	65.4	1.24
766	chr13	23739126	23739765	CpG: 50	639	50	398	15.6	62.3	0.81
766	chr13	23746091	23746697	CpG: 61	606	61	382	20.1	63	1.03
766	chr13	23754960	23755945	CpG: 81	985	81	570	16.4	57.9	0.98
766	chr13	23758025	23758966	CpG: 84	941	84	567	17.9	60.3	0.98
766	chr13	23759981	23760383	CpG: 45	402	45	272	22.4	67.7	0.98
766	chr13	23765593	23765899	CpG: 36	306	36	198	23.5	64.7	1.12
766	chr13	23768991	23769318	CpG: 23	327	23	170	14.1	52	1.04
766	chr13	23769600	23769862	CpG: 29	262	29	168	22.1	64.1	1.08
766	chr13	23806080	23806626	CpG: 59	546	59	371	21.6	67.9	0.94
767	chr13	23867578	23868569	CpG: 84	991	84	590	17	59.5	0.96
767	chr13	23882106	23882391	CpG: 36	285	36	182	25.3	63.9	1.24
767	chr13	23922691	23923323	CpG: 57	632	57	416	18	65.8	0.83
767	chr13	23929083	23929474	CpG: 45	391	45	264	23	67.5	1.02
767	chr13	23930218	23930459	CpG: 31	241	31	168	25.7	69.7	1.06
767	chr13	23930864	23931132	CpG: 30	268	30	172	22.4	64.2	1.09
767	chr13	23935108	23935437	CpG: 42	329	42	232	25.5	70.5	1.03
767	chr13	23936368	23936757	CpG: 45	389	45	263	23.1	67.6	1.02
767	chr13	23941012	23941307	CpG: 35	295	35	196	23.7	66.4	1.08
767	chr13	23944833	23946330	CpG: 137	1497	137	888	18.3	59.3	1.04
767	chr13	23947703	23947919	CpG: 21	216	21	135	19.4	62.5	1
771	chr13	24464403	24465381	CpG: 92	978	92	571	18.8	58.4	1.1
774	chr13	24822584	24822932	CpG: 46	348	46	257	26.4	73.9	0.98
775	chr13	24945454	24946153	CpG: 77	699	77	472	22	67.5	0.99
775	chr13	24985076	24985933	CpG: 85	857	85	509	19.8	59.4	1.13
775	chr13	24986062	24986332	CpG: 19	270	19	165	14.1	61.1	0.76
775	chr13	25015385	25016178	CpG: 96	793	96	526	24.2	66.3	1.11
775	chr13	25029037	25029323	CpG: 26	286	26	193	18.2	67.5	0.82
776	chr13	25121205	25121690	CpG: 66	485	66	365	27.2	75.3	0.98
777	chr13	25203930	25204303	CpG: 55	373	55	287	29.5	76.9	1.01
777	chr13	25239166	25239505	CpG: 33	339	33	237	19.5	69.9	0.8
777	chr13	25239857	25240477	CpG: 58	620	58	399	18.7	64.4	0.91
807	chr13	29135729	29137448	CpG: 182	1719	182	1133	21.2	65.9	0.98
807	chr13	29142223	29142610	CpG: 35	387	35	242	18.1	62.5	0.93
807	chr13	29143575	29143792	CpG: 20	217	20	146	18.4	67.3	0.81
814	chr13	30039245	30039497	CpG: 23	252	23	154	18.3	61.1	0.98
815	chr13	30167896	30170170	CpG: 184	2274	184	1444	16.2	63.5	0.8
816	chr13	30320304	30320763	CpG: 48	459	48	341	20.9	74.3	0.76
819	chr13	30728873	30729560	CpG: 81	687	81	470	23.6	68.4	1.01
820	chr13	30843815	30844208	CpG: 61	393	61	305	31	77.6	1.04
821	chr13	30934552	30934764	CpG: 21	212	21	131	19.8	61.8	1.08
822	chr13	31157730	31158062	CpG: 27	332	27	185	16.3	55.7	1.06
827	chr13	31741806	31744081	CpG: 230	2275	230	1472	20.2	64.7	0.97
827	chr13	31799265	31799472	CpG: 21	207	21	137	20.3	66.2	0.93
827	chr13	31804165	31804427	CpG: 25	262	25	153	19.1	58.4	1.13
827	chr13	31809481	31810851	CpG: 135	1370	135	858	19.7	62.6	1.01
827	chr13	31813154	31813869	CpG: 64	715	64	446	17.9	62.4	0.92
829	chr13	31990438	31992556	CpG: 192	2118	192	1264	18.1	59.7	1.02
829	chr13	31994998	31995983	CpG: 100	985	100	672	20.3	68.2	0.87
833	chr13	32522242	32522790	CpG: 56	548	56	339	20.4	61.9	1.07
836	chr13	32985778	32987166	CpG: 136	1388	136	863	19.6	62.2	1.02
845	chr13	34119531	34120048	CpG: 43	517	43	346	16.6	66.9	0.75
845	chr13	34186098	34186944	CpG: 90	846	90	570	21.3	67.4	0.94
846	chr13	34221553	34221868	CpG: 32	315	32	213	20.3	67.6	0.89
846	chr13	34261671	34262135	CpG: 39	464	39	318	16.8	68.5	0.72
846	chr13	34314312	34314539	CpG: 20	227	20	150	17.6	66.1	0.82
847	chr13	34346918	34347287	CpG: 36	369	36	245	19.5	66.4	0.89
848	chr13	34528112	34529571	CpG: 162	1459	162	1015	22.2	69.6	0.92
850	chr13	34835934	34837193	CpG: 144	1259	144	874	22.9	69.4	0.95
851	chr13	34930813	34931498	CpG: 62	685	62	435	18.1	63.5	0.91
852	chr13	35058179	35058547	CpG: 32	368	32	236	17.4	64.1	0.85
852	chr13	35059423	35060125	CpG: 83	702	83	485	23.6	69.1	0.99
853	chr13	35177715	35178139	CpG: 33	424	33	270	15.6	63.7	0.77
859	chr13	35924668	35926362	CpG: 188	1694	188	1145	22.2	67.6	0.97
860	chr13	36090073	36090302	CpG: 18	229	18	136	15.7	59.4	0.89
860	chr13	36152239	36153548	CpG: 102	1309	102	853	15.6	65.2	0.73
860	chr13	36175291	36175529	CpG: 20	238	20	158	16.8	66.4	0.77
861	chr13	36301308	36301984	CpG: 71	676	71	465	21	68.8	0.89
865	chr13	36762606	36762837	CpG: 29	231	29	171	25.1	74	0.92
866	chr13	36908601	36908861	CpG: 21	260	21	152	16.2	58.5	0.96
866	chr13	36910502	36910707	CpG: 18	205	18	133	17.6	64.9	0.86
866	chr13	36919038	36919260	CpG: 27	222	27	151	24.3	68	1.1
866	chr13	36919992	36920195	CpG: 15	203	15	137	14.8	67.5	0.68
874	chr13	37961958	37962963	CpG: 75	1005	75	657	14.9	65.4	0.7
109	chr13	38009694	38011842	CpG: 199	2148	199	1409	18.5	65.6	0.86
875	chr13	38041318	38041926	CpG: 56	608	56	415	18.4	68.3	0.79
875	chr13	38114843	38115160	CpG: 26	317	26	205	16.4	64.7	0.79
876	chr13	38177579	38178298	CpG: 99	719	99	532	27.5	74	1.02
876	chr13	38220836	38221547	CpG: 59	711	59	447	16.6	62.9	0.84
877	chr13	38335089	38335925	CpG: 88	836	88	564	21.1	67.5	0.93
877	chr13	38388804	38389379	CpG: 47	575	47	347	16.3	60.3	0.9
878	chr13	38529038	38530535	CpG: 150	1497	150	1025	20	68.5	0.85
880	chr13	38711851	38712521	CpG: 81	670	81	474	24.2	70.7	0.97
881	chr13	38818738	38819276	CpG: 51	538	51	351	19	65.2	0.89
881	chr13	38842525	38843161	CpG: 57	636	57	425	17.9	66.8	0.81
883	chr13	39144225	39144722	CpG: 46	497	46	276	18.5	55.5	1.22
896	chr13	40857425	40857667	CpG: 29	242	29	168	24	69.4	1
896	chr13	40862462	40862747	CpG: 22	285	22	160	15.4	56.1	1.01
896	chr13	40876282	40876871	CpG: 56	589	56	363	19	61.6	1
896	chr13	40881785	40882249	CpG: 39	464	39	312	16.8	67.2	0.78
896	chr13	40883639	40885320	CpG: 136	1681	136	926	16.2	55.1	1.07
896	chr13	40887002	40887283	CpG: 26	281	26	152	18.5	54.1	1.27
896	chr13	40891315	40891705	CpG: 30	390	30	274	15.4	70.3	0.65
898	chr13	41154416	41154953	CpG: 54	537	54	361	20.1	67.2	0.89
899	chr13	41169721	41170111	CpG: 37	390	37	243	19	62.3	0.99
899	chr13	41232936	41233236	CpG: 36	300	36	209	24	69.7	1
900	chr13	41373631	41374278	CpG: 66	647	66	378	20.4	58.4	1.2
900	chr13	41403133	41403562	CpG: 48	429	48	302	22.4	70.4	0.91
900	chr13	41403749	41403961	CpG: 19	212	19	138	17.9	65.1	0.86
901	chr13	41512270	41512651	CpG: 29	381	29	225	15.2	59.1	0.88
903	chr13	41758923	41760002	CpG: 148	1079	148	790	27.4	73.2	1.02
906	chr13	42202904	42203237	CpG: 36	333	36	249	21.6	74.8	0.87
907	chr13	42205431	42206124	CpG: 96	693	96	533	27.7	76.9	0.94
907	chr13	42248192	42248908	CpG: 43	716	43	458	12	64	0.64
913	chr13	43069789	43070460	CpG: 65	671	65	437	19.4	65.1	0.92
915	chr13	43324759	43325263	CpG: 49	504	49	321	19.4	63.7	0.96
915	chr13	43353937	43354230	CpG: 22	293	22	188	15	64.2	0.73
915	chr13	43354447	43354694	CpG: 20	247	20	155	16.2	62.8	0.83
916	chr13	43456735	43457811	CpG: 114	1076	114	722	21.2	67.1	0.95
917	chr13	43518911	43519119	CpG: 24	208	24	154	23.1	74	0.84
917	chr13	43551689	43552309	CpG: 71	620	71	389	22.9	62.7	1.17
917	chr13	43633830	43635101	CpG: 164	1271	164	791	25.8	62.2	1.34
918	chr13	43713117	43713785	CpG: 103	668	103	513	30.8	76.8	1.05
918	chr13	43769303	43769771	CpG: 58	468	58	348	24.8	74.4	0.9
920	chr13	43938446	43938913	CpG: 58	467	58	339	24.8	72.6	0.94
920	chr13	44017946	44018407	CpG: 39	461	39	317	16.9	68.8	0.72
927	chr13	44883136	44884700	CpG: 140	1564	140	935	17.9	59.8	1.01
927	chr13	44886894	44887437	CpG: 51	543	51	343	18.8	63.2	0.94
928	chr13	45056255	45056669	CpG: 30	414	30	252	14.5	60.9	0.78
929	chr13	45155089	45155707	CpG: 94	618	94	474	30.4	76.7	1.04
930	chr13	45232026	45232594	CpG: 55	568	55	372	19.4	65.5	0.91
932	chr13	45542940	45543923	CpG: 92	983	92	686	18.7	69.8	0.8
933	chr13	45660862	45661245	CpG: 46	383	46	272	24	71	0.95
933	chr13	45721712	45721915	CpG: 15	203	15	136	14.8	67	0.66
936	chr13	46116873	46118102	CpG: 112	1229	112	725	18.2	59	1.07
936	chr13	46118730	46118936	CpG: 21	206	21	141	20.4	68.4	0.88
936	chr13	46119412	46119671	CpG: 19	259	19	161	14.7	62.2	0.77
940	chr13	46571844	46572684	CpG: 88	840	88	560	21	66.7	0.95
942	chr13	46822739	46823751	CpG: 111	1012	111	620	21.9	61.3	1.17
942	chr13	46880287	46881688	CpG: 113	1401	113	766	16.1	54.7	1.08
943	chr13	46924687	46924948	CpG: 19	261	19	155	14.6	59.4	0.85
944	chr13	47082824	47084091	CpG: 114	1267	114	759	18	59.9	1
944	chr13	47164329	47164572	CpG: 25	243	25	163	20.6	67.1	0.93
944	chr13	47167666	47168422	CpG: 80	756	80	527	21.2	69.7	0.87
945	chr13	47196659	47197480	CpG: 84	821	84	597	20.5	72.7	0.77
945	chr13	47259123	47260180	CpG: 144	1057	144	744	27.2	70.4	1.1
945	chr13	47275995	47276671	CpG: 55	676	55	436	16.3	64.5	0.78
954	chr13	48381224	48381563	CpG: 37	339	37	240	21.8	70.8	0.87
954	chr13	48414325	48415943	CpG: 163	1618	163	1068	20.1	66	0.93
956	chr13	48666741	48666963	CpG: 21	222	21	142	18.9	64	0.93
956	chr13	48698951	48699243	CpG: 21	292	21	191	14.4	65.4	0.7
956	chr13	48699347	48700395	CpG: 125	1048	125	755	23.9	72	0.92
957	chr13	48778717	48779483	CpG: 99	766	99	558	25.8	72.8	0.97
957	chr13	48813365	48813600	CpG: 18	235	18	153	15.3	65.1	0.73
957	chr13	48816388	48817107	CpG: 61	719	61	393	17	54.7	1.14
957	chr13	48819373	48819837	CpG: 42	464	42	296	18.1	63.8	0.89
957	chr13	48822387	48822801	CpG: 34	414	34	276	16.4	66.7	0.79
957	chr13	48884921	48885311	CpG: 36	390	36	262	18.5	67.2	0.82
957	chr13	48886100	48886368	CpG: 24	268	24	179	17.9	66.8	0.8
959	chr13	49023543	49024805	CpG: 166	1262	166	882	26.3	69.9	1.08
959	chr13	49032048	49032383	CpG: 35	335	35	224	20.9	66.9	0.93
959	chr13	49120807	49122085	CpG: 161	1278	161	912	25.2	71.4	0.99
961	chr13	49299986	49301642	CpG: 159	1656	159	1058	19.2	63.9	0.94
961	chr13	49341070	49341596	CpG: 47	526	47	367	17.9	69.8	0.74
961	chr13	49369023	49369864	CpG: 89	841	89	574	21.2	68.3	0.95
961	chr13	49401200	49401755	CpG: 57	555	57	372	20.5	67	0.91
962	chr13	49494571	49495419	CpG: 69	848	69	504	16.3	59.4	0.93
962	chr13	49533058	49533377	CpG: 23	319	23	204	14.4	63.9	0.71
962	chr13	49536678	49536937	CpG: 21	259	21	170	16.2	65.6	0.75
963	chr13	49574406	49575241	CpG: 75	835	75	560	18	67.1	0.8
964	chr13	49806046	49806594	CpG: 64	548	64	355	23.4	64.8	1.12
965	chr13	49835522	49835772	CpG: 20	250	20	155	16	62	0.83
970	chr13	50571832	50572157	CpG: 28	325	28	221	17.2	68	0.75
976	chr13	51254453	51255747	CpG: 125	1294	125	748	19.3	57.8	1.16
976	chr13	51325342	51325620	CpG: 35	278	35	192	25.2	69.1	1.1
976	chr13	51356677	51357083	CpG: 48	406	48	275	23.6	67.7	1.03
978	chr13	51562604	51563126	CpG: 38	522	38	334	14.6	64	0.74
979	chr13	51721027	51721772	CpG: 87	745	87	539	23.4	72.3	0.89
979	chr13	51748904	51749239	CpG: 25	335	25	220	14.9	65.7	0.78
980	chr13	51798912	51799797	CpG: 83	885	83	564	18.8	63.7	0.92
980	chr13	51805575	51806074	CpG: 66	499	66	352	26.5	70.5	1.06
981	chr13	51946796	51947739	CpG: 89	943	89	655	18.9	69.5	0.8
981	chr13	51999693	52001778	CpG: 139	2085	139	1226	13.3	58.8	0.78
981	chr13	52002060	52002288	CpG: 20	228	20	159	17.5	69.7	0.74
986	chr13	52684397	52684808	CpG: 37	411	37	291	18	70.8	0.75
987	chr13	52736866	52737601	CpG: 67	735	67	453	18.2	61.6	0.96
987	chr13	52792109	52792376	CpG: 19	267	19	173	14.2	64.8	0.68
989	chr13	53083343	53083817	CpG: 56	474	56	340	23.6	71.7	0.95
990	chr13	53132397	53132845	CpG: 58	448	58	341	25.9	76.1	0.89
990	chr13	53134222	53135876	CpG: 179	1654	179	1075	21.6	65	1.03
991	chr13	53265287	53265539	CpG: 23	252	23	162	18.3	64.3	0.89
991	chr13	53272728	53272962	CpG: 24	234	24	158	20.5	67.5	0.9
992	chr13	53439390	53440342	CpG: 101	952	101	669	21.2	70.3	0.86
993	chr13	53531230	53531530	CpG: 38	300	38	214	25.3	71.3	1
994	chr13	53616328	53616757	CpG: 40	429	40	282	18.6	65.7	0.88
994	chr13	53626325	53626935	CpG: 62	610	62	384	20.3	63	1.03
998	chr13	54225737	54226331	CpG: 72	594	72	424	24.2	71.4	0.99
999	chr13	54346046	54346364	CpG: 29	318	29	215	18.2	67.6	0.81
1000	chr13	54456693	54457463	CpG: 87	770	87	576	22.6	74.8	0.81
1000	chr13	54519194	54519745	CpG: 47	551	47	392	17.1	71.1	0.69
1001	chr13	54616326	54616765	CpG: 54	439	54	303	24.6	69	1.05
1001	chr13	54651468	54652289	CpG: 104	821	104	608	25.3	74.1	0.93
1002	chr13	54712796	54713264	CpG: 47	468	47	323	20.1	69	0.86
1002	chr13	54722774	54723287	CpG: 52	513	52	363	20.3	70.8	0.82
1002	chr13	54737682	54737886	CpG: 18	204	18	116	17.6	56.9	1.15
1002	chr13	54758811	54759143	CpG: 37	332	37	243	22.3	73.2	0.86
1002	chr13	54769465	54770019	CpG: 49	554	49	344	17.7	62.1	0.92
1003	chr13	54834887	54836174	CpG: 122	1287	122	810	19	62.9	0.96
1003	chr13	54841392	54842212	CpG: 85	820	85	539	20.7	65.7	0.96
1003	chr13	54885479	54886222	CpG: 89	743	89	483	24	65	1.14
1003	chr13	54897126	54897848	CpG: 92	722	92	482	25.5	66.8	1.15
1003	chr13	54913676	54914202	CpG: 42	526	42	335	16	63.7	0.79
1004	chr13	54936886	54937836	CpG: 73	950	73	648	15.4	68.2	0.68
1005	chr13	55096503	55097874	CpG: 117	1371	117	862	17.1	62.9	0.86
1005	chr13	55103705	55104089	CpG: 43	384	43	271	22.4	70.6	0.9
1005	chr13	55144179	55144385	CpG: 19	206	19	137	18.4	66.5	0.84
1005	chr13	55144998	55145238	CpG: 19	240	19	159	15.8	66.2	0.72
1006	chr13	55247631	55248066	CpG: 62	435	62	319	28.5	73.3	1.07
1006	chr13	55252996	55253528	CpG: 55	532	55	365	20.7	68.6	0.88
1006	chr13	55300443	55301080	CpG: 61	637	61	454	19.2	71.3	0.76
1007	chr13	55338040	55338363	CpG: 24	323	24	204	14.9	63.2	0.75
1007	chr13	55357818	55360564	CpG: 259	2746	259	1856	18.9	67.6	0.83
1008	chr13	55469375	55470151	CpG: 86	776	86	530	22.2	68.3	0.96
1008	chr13	55477296	55477504	CpG: 19	208	19	140	18.3	67.3	0.82
1008	chr13	55477726	55478145	CpG: 56	419	56	292	26.7	69.7	1.1
1008	chr13	55499192	55499394	CpG: 16	202	16	118	15.8	58.4	0.93
1008	chr13	55509948	55510778	CpG: 58	830	58	489	14	58.9	0.81
1008	chr13	55562633	55562943	CpG: 29	310	29	209	18.7	67.4	0.84
1008	chr13	55568414	55568645	CpG: 19	231	19	150	16.5	64.9	0.78
1009	chr13	55592725	55593077	CpG: 33	352	33	220	18.8	62.5	0.97
1009	chr13	55612100	55612689	CpG: 57	589	57	395	19.4	67.1	0.86
1009	chr13	55619258	55620835	CpG: 177	1577	177	1128	22.4	71.5	0.89
1009	chr13	55635134	55635853	CpG: 73	719	73	513	20.3	71.3	0.8
1009	chr13	55660594	55661348	CpG: 67	754	67	517	17.8	68.6	0.76
1009	chr13	55684057	55684699	CpG: 67	642	67	405	20.9	63.1	1.06
1010	chr13	55718556	55719099	CpG: 48	543	48	310	17.7	57.1	1.12
1010	chr13	55740854	55741327	CpG: 42	473	42	299	17.8	63.2	0.91
1010	chr13	55770748	55771096	CpG: 35	348	35	224	20.1	64.4	0.97
1010	chr13	55782672	55783344	CpG: 66	672	66	451	19.6	67.1	0.87
1011	chr13	55840729	55841530	CpG: 110	801	110	566	27.5	70.7	1.11
1011	chr13	55862403	55862841	CpG: 45	438	45	280	20.5	63.9	1.01
1011	chr13	55865705	55865917	CpG: 15	212	15	147	14.2	69.3	0.6
1011	chr13	55874985	55875361	CpG: 39	376	39	208	20.7	55.3	1.36
1012	chr13	55973291	55974459	CpG: 97	1168	97	738	16.6	63.2	0.84
1012	chr13	55976168	55976575	CpG: 36	407	36	261	17.7	64.1	0.87
1012	chr13	55978410	55979715	CpG: 113	1305	113	776	17.3	59.5	0.98
1012	chr13	55983305	55983552	CpG: 17	247	17	141	13.8	57.1	0.85
1012	chr13	55983832	55984171	CpG: 44	339	44	254	26	74.9	0.93
1014	chr13	56282566	56283596	CpG: 135	1030	135	777	26.2	75.4	0.93
1015	chr13	56369143	56370362	CpG: 81	1219	81	731	13.3	60	0.74
1015	chr13	56399156	56400349	CpG: 117	1193	117	818	19.6	68.6	0.84
1015	chr13	56406514	56407149	CpG: 63	635	63	378	19.8	59.5	1.13
1015	chr13	56443693	56444456	CpG: 66	763	66	444	17.3	58.2	1.03
1017	chr13	56670040	56670629	CpG: 53	589	53	401	18	68.1	0.79
1018	chr13	56757277	56757730	CpG: 36	453	36	311	15.9	68.7	0.67
1018	chr13	56850669	56851755	CpG: 119	1086	119	689	21.9	63.4	1.1
1019	chr13	56900770	56901619	CpG: 93	849	93	587	21.9	69.1	0.92
1020	chr13	57035441	57035692	CpG: 22	251	22	162	17.5	64.5	0.85
1027	chr13	58055295	58056265	CpG: 87	970	87	659	17.9	67.9	0.78
1029	chr13	58275584	58277289	CpG: 219	1705	219	1165	25.7	68.3	1.13
1030	chr13	58362909	58363881	CpG: 130	972	130	688	26.7	70.8	1.07
1030	chr13	58421163	58422667	CpG: 176	1504	176	984	23.4	65.4	1.1
1031	chr13	58506512	58507015	CpG: 73	503	73	379	29	75.3	1.08
1031	chr13	58532595	58533218	CpG: 78	623	78	440	25	70.6	1.01
1031	chr13	58549058	58551156	CpG: 239	2098	239	1416	22.8	67.5	1
1034	chr13	58954231	58954894	CpG: 60	663	60	420	18.1	63.3	0.9
1034	chr13	58956208	58956583	CpG: 31	375	31	248	16.5	66.1	0.76
1040	chr13	59704451	59705518	CpG: 104	1067	104	592	19.5	55.5	1.27
1040	chr13	59732971	59733683	CpG: 91	712	91	477	25.6	67	1.16
1042	chr13	59917127	59918223	CpG: 114	1096	114	719	20.8	65.6	0.97
1042	chr13	59970339	59971181	CpG: 97	842	97	588	23	69.8	0.95
1045	chr13	60323651	60325405	CpG: 218	1754	218	1179	24.9	67.2	1.1
1048	chr13	60749575	60750467	CpG: 95	892	95	601	21.3	67.4	0.98
1056	chr13	61813653	61813915	CpG: 44	262	44	203	33.6	77.5	1.12
1065	chr13	62960735	62960954	CpG: 28	219	28	144	25.6	65.8	1.24
1065	chr13	63035645	63035853	CpG: 18	208	18	128	17.3	61.5	0.91
1066	chr13	63112546	63113051	CpG: 38	505	38	314	15	62.2	0.79
1068	chr13	63387841	63388134	CpG: 27	293	27	184	18.4	62.8	0.95
1070	chr13	63578937	63579515	CpG: 60	578	60	397	20.8	68.7	0.94
1071	chr13	63710901	63713996	CpG: 245	3095	245	1925	15.8	62.2	0.82
1071	chr13	63715621	63716172	CpG: 66	551	66	385	24	69.9	1
1071	chr13	63720238	63721546	CpG: 108	1308	108	825	16.5	63.1	0.84
16	chr13	63962923	63963483	CpG: 71	560	71	380	25.4	67.9	1.1
1075	chr13	64300217	64301368	CpG: 148	1151	148	814	25.7	70.7	1.03
1075	chr13	64309562	64310223	CpG: 69	661	69	409	20.9	61.9	1.09
1076	chr13	64421730	64423433	CpG: 153	1703	153	1075	18	63.1	0.9
1076	chr13	64460209	64460666	CpG: 59	457	59	340	25.8	74.4	0.93
1077	chr13	64517670	64518257	CpG: 53	587	53	392	18.1	66.8	0.81
1077	chr13	64580162	64580697	CpG: 47	535	47	329	17.6	61.5	0.93
1082	chr13	65260325	65260815	CpG: 55	490	55	335	22.4	68.4	0.96
1083	chr13	65323711	65324061	CpG: 34	350	34	233	19.4	66.6	0.88
1083	chr13	65388646	65390443	CpG: 143	1797	143	1120	15.9	62.3	0.82
1084	chr13	65406898	65407315	CpG: 37	417	37	264	17.7	63.3	0.89
1084	chr13	65407565	65407874	CpG: 22	309	22	208	14.2	67.3	0.64
1084	chr13	65426528	65426876	CpG: 31	348	31	206	17.8	59.2	1.02
1084	chr13	65499651	65500118	CpG: 42	467	42	314	18	67.2	0.81
1085	chr13	65567949	65568609	CpG: 54	660	54	445	16.4	67.4	0.73
1086	chr13	65710519	65711165	CpG: 53	646	53	442	16.4	68.4	0.71
1087	chr13	65874096	65874733	CpG: 50	637	50	430	15.7	67.5	0.71
1088	chr13	66038234	66038698	CpG: 43	464	43	314	18.5	67.7	0.81
1089	chr13	66155421	66155657	CpG: 31	236	31	167	26.3	70.8	1.06
1091	chr13	66347252	66347880	CpG: 48	628	48	424	15.3	67.5	0.69
1091	chr13	66395700	66396225	CpG: 40	525	40	340	15.2	64.8	0.73
1095	chr13	66955579	66956212	CpG: 49	633	49	393	15.5	62.1	0.81
1096	chr13	67016457	67016921	CpG: 43	464	43	314	18.5	67.7	0.81
1096	chr13	67080764	67081584	CpG: 87	820	87	553	21.2	67.4	0.93
1097	chr13	67209057	67209322	CpG: 21	265	21	164	15.8	61.9	0.86
1101	chr13	67701058	67701318	CpG: 25	260	25	165	19.2	63.5	0.98
1103	chr13	67961962	67962217	CpG: 18	255	18	159	14.1	62.4	0.78
1109	chr13	68729978	68730727	CpG: 85	749	85	500	22.7	66.8	1.03
1112	chr13	69146866	69147661	CpG: 81	795	81	524	20.4	65.9	0.94
1116	chr13	69681543	69683311	CpG: 206	1768	206	1043	23.3	59	1.34
1117	chr13	69759044	69760389	CpG: 117	1345	117	858	17.4	63.8	0.86
1118	chr13	69886707	69888189	CpG: 166	1482	166	983	22.4	66.3	1.02
1118	chr13	69957897	69958340	CpG: 44	443	44	309	19.9	69.8	0.82
1125	chr13	70785436	70786024	CpG: 64	588	64	418	21.8	71.1	0.87
1135	chr13	72107473	72108375	CpG: 77	902	77	572	17.1	63.4	0.86
1135	chr13	72110898	72112151	CpG: 106	1253	106	720	16.9	57.5	1.02
1140	chr13	72772224	72772540	CpG: 25	316	25	199	15.8	63	0.81
1140	chr13	72776436	72780110	CpG: 273	3674	273	2182	14.9	59.4	0.84
1145	chr13	73408477	73409266	CpG: 83	789	83	486	21	61.6	1.11
1145	chr13	73411168	73411616	CpG: 32	448	32	256	14.3	57.1	0.88
1145	chr13	73412509	73412720	CpG: 16	211	16	124	15.2	58.8	0.88
1145	chr13	73416595	73416829	CpG: 18	234	18	151	15.4	64.5	0.75
1145	chr13	73419992	73420355	CpG: 36	363	36	216	19.8	59.5	1.12
1145	chr13	73476370	73476727	CpG: 35	357	35	233	19.6	65.3	0.92
1145	chr13	73479076	73479677	CpG: 45	601	45	393	15	65.4	0.7
1146	chr13	73615269	73615797	CpG: 56	528	56	338	21.2	64	1.05
1147	chr13	73751907	73752557	CpG: 81	650	81	451	24.9	69.4	1.04
1147	chr13	73774973	73775291	CpG: 29	318	29	211	18.2	66.4	0.84
1148	chr13	73881173	73881451	CpG: 25	278	25	156	18	56.1	1.14
1148	chr13	73911691	73912122	CpG: 55	431	55	311	25.5	72.2	0.99
1149	chr13	73995001	73995817	CpG: 90	816	90	550	22.1	67.4	0.98
1150	chr13	74085463	74086156	CpG: 69	693	69	421	19.9	60.8	1.09
1150	chr13	74157226	74158522	CpG: 100	1296	100	829	15.4	64	0.76
1151	chr13	74210111	74210491	CpG: 37	380	37	263	19.5	69.2	0.82
1151	chr13	74269231	74269644	CpG: 35	413	35	277	16.9	67.1	0.77
1151	chr13	74315008	74315228	CpG: 21	220	21	148	19.1	67.3	0.9
1152	chr13	74356584	74356898	CpG: 30	314	30	209	19.1	66.6	0.87
1152	chr13	74408059	74408357	CpG: 27	298	27	198	18.1	66.4	0.84
1152	chr13	74440350	74440558	CpG: 21	208	21	147	20.2	70.7	0.81
1153	chr13	74465423	74465776	CpG: 27	353	27	210	15.3	59.5	0.87
1153	chr13	74498026	74498483	CpG: 50	457	50	299	21.9	65.4	1.04
1153	chr13	74554569	74554949	CpG: 33	380	33	231	17.4	60.8	0.95
1155	chr13	74787943	74788290	CpG: 34	347	34	248	19.6	71.5	0.78
1156	chr13	74956473	74956731	CpG: 27	258	27	179	20.9	69.4	0.89
1163	chr13	75855365	75856738	CpG: 131	1373	131	877	19.1	63.9	0.95
1165	chr13	76091304	76092102	CpG: 102	798	102	561	25.6	70.3	1.04
1166	chr13	76166407	76166878	CpG: 40	471	40	300	17	63.7	0.84
1166	chr13	76203686	76204828	CpG: 90	1142	90	761	15.8	66.6	0.71
1168	chr13	76532208	76533394	CpG: 105	1186	105	816	17.7	68.8	0.75
1174	chr13	77257650	77257974	CpG: 40	324	40	167	24.7	51.5	2.55
1174	chr13	77283155	77283742	CpG: 64	587	64	392	21.8	66.8	0.99
147	chr13	77856755	77857090	CpG: 31	335	31	220	18.5	65.7	0.86
1182	chr13	78311387	78312093	CpG: 83	706	83	488	23.5	69.1	0.99
1182	chr13	78327437	78327782	CpG: 28	345	28	234	16.2	67.8	0.72
1182	chr13	78329332	78329534	CpG: 20	202	20	116	19.8	57.4	1.2
1182	chr13	78342995	78343692	CpG: 64	697	64	467	18.4	67	0.82
1182	chr13	78346006	78346668	CpG: 47	662	47	406	14.2	61.3	0.78
1182	chr13	78351257	78351810	CpG: 51	553	51	358	18.4	64.7	0.9
1203	chr13	81031148	81031471	CpG: 42	323	42	206	26	63.8	1.28
1203	chr13	81033547	81034530	CpG: 92	983	92	635	18.7	64.6	0.9
1203	chr13	81111005	81111265	CpG: 34	260	34	193	26.2	74.2	0.96
1204	chr13	81212752	81212971	CpG: 26	219	26	142	23.7	64.8	1.13
1209	chr13	81805701	81806266	CpG: 73	565	73	401	25.8	71	1.03
1209	chr13	81859055	81860031	CpG: 82	976	82	634	16.8	65	0.8
1210	chr13	81931115	81932095	CpG: 81	980	81	589	16.5	60.1	0.92
1223	chr13	83671767	83672076	CpG: 27	309	27	199	17.5	64.4	0.88
1224	chr13	83868985	83869363	CpG: 29	378	29	249	15.3	65.9	0.72
1224	chr13	83878898	83879640	CpG: 68	742	68	456	18.3	61.5	0.97
1225	chr13	83893190	83893453	CpG: 33	263	33	188	25.1	71.5	0.99
1228	chr13	84370164	84370471	CpG: 27	307	27	183	17.6	59.6	1.01
1236	chr13	85337449	85337785	CpG: 42	336	42	228	25	67.9	1.09
1236	chr13	85436636	85437794	CpG: 106	1158	106	692	18.3	59.8	1.03
1242	chr13	86194396	86195014	CpG: 49	618	49	380	15.9	61.5	0.85
1263	chr13	88969565	88970088	CpG: 45	523	45	347	17.2	66.3	0.8
1270	chr13	89887485	89887936	CpG: 32	451	32	277	14.2	61.4	0.76
1270	chr13	89890256	89890491	CpG: 18	235	18	150	15.3	63.8	0.76
1273	chr13	90237654	90238151	CpG: 51	497	51	332	20.5	66.8	0.93
1279	chr13	91071193	91071754	CpG: 49	561	49	359	17.5	64	0.87
1282	chr13	91371912	91372408	CpG: 50	496	50	351	20.2	70.8	0.81
1283	chr13	91608503	91610338	CpG: 209	1835	209	1253	22.8	68.3	1.01
1286	chr13	91889558	91889814	CpG: 26	256	26	185	20.3	72.3	0.79
1286	chr13	91955368	91955838	CpG: 46	470	46	318	19.6	67.7	0.87
1288	chr13	92267728	92268488	CpG: 80	760	80	516	21.1	67.9	0.91
1290	chr13	92491212	92491986	CpG: 65	774	65	468	16.8	60.5	0.93
1291	chr13	92562361	92563550	CpG: 149	1189	149	886	25.1	74.5	0.9
1291	chr13	92666943	92667903	CpG: 93	960	93	607	19.4	63.2	0.97
1292	chr13	92747107	92748022	CpG: 87	915	87	607	19	66.3	0.89
1294	chr13	92931105	92931494	CpG: 39	389	39	261	20.1	67.1	0.91
1294	chr13	92981214	92981606	CpG: 38	392	38	286	19.4	73	0.73
1297	chr13	93328448	93329137	CpG: 68	689	68	472	19.7	68.5	0.84
1297	chr13	93440034	93441145	CpG: 125	1111	125	735	22.5	66.2	1.03
1299	chr13	93634771	93636471	CpG: 180	1700	180	1119	21.2	65.8	0.99
1300	chr13	93810780	93811061	CpG: 27	281	27	173	19.2	61.6	1.01
1301	chr13	93908097	93908664	CpG: 62	567	62	387	21.9	68.3	0.94
1303	chr13	94193958	94194623	CpG: 82	665	82	506	24.7	76.1	0.85
1304	chr13	94310612	94311190	CpG: 38	578	38	345	13.1	59.7	0.74
1305	chr13	94421394	94422351	CpG: 107	957	107	651	22.4	68	0.97
1305	chr13	94494875	94495922	CpG: 99	1047	99	684	18.9	65.3	0.89
1307	chr13	94732472	94732734	CpG: 26	262	26	190	19.8	72.5	0.76
1308	chr13	94839113	94839525	CpG: 47	412	47	278	22.8	67.5	1
1308	chr13	94846963	94847164	CpG: 23	201	23	141	22.9	70.1	0.94
1309	chr13	94925325	94925881	CpG: 73	556	73	401	26.3	72.1	1.01
1309	chr13	95005084	95005403	CpG: 34	319	34	238	21.3	74.6	0.77
1309	chr13	95010174	95010432	CpG: 29	258	29	188	22.5	72.9	0.86
1309	chr13	95013496	95014038	CpG: 39	542	39	355	14.4	65.5	0.67
1309	chr13	95019288	95022517	CpG: 240	3229	240	1924	14.9	59.6	0.84
1310	chr13	95112755	95113095	CpG: 50	340	50	253	29.4	74.4	1.07
1312	chr13	95358907	95359720	CpG: 96	813	96	579	23.6	71.2	0.94
1313	chr13	95461482	95462140	CpG: 61	658	61	399	18.5	60.6	1.01
1313	chr13	95472638	95473053	CpG: 34	415	34	290	16.4	69.9	0.67
1313	chr13	95511339	95511949	CpG: 73	610	73	406	23.9	66.6	1.08
1314	chr13	95660806	95661943	CpG: 78	1137	78	711	13.7	62.5	0.7
1315	chr13	95740567	95741274	CpG: 51	707	51	414	14.4	58.6	0.85
1315	chr13	95754494	95755306	CpG: 68	812	68	543	16.7	66.9	0.75
1317	chr13	96028074	96028625	CpG: 66	551	66	370	24	67.2	1.09
1318	chr13	96097745	96097966	CpG: 16	221	16	134	14.5	60.6	0.8
1319	chr13	96267624	96267910	CpG: 28	286	28	201	19.6	70.3	0.84
1319	chr13	96268877	96269321	CpG: 46	444	46	309	20.7	69.6	0.86
1322	chr13	96678791	96679133	CpG: 26	342	26	215	15.2	62.9	0.79
1322	chr13	96679381	96679925	CpG: 59	544	59	377	21.7	69.3	0.91
1323	chr13	96806867	96807777	CpG: 95	910	95	621	20.9	68.2	0.91
1325	chr13	97061005	97061954	CpG: 91	949	91	646	19.2	68.1	0.83
1326	chr13	97207742	97208835	CpG: 152	1093	152	769	27.8	70.4	1.13
1327	chr13	97274177	97274774	CpG: 49	597	49	371	16.4	62.1	0.85
1327	chr13	97334533	97334988	CpG: 42	455	42	306	18.5	67.3	0.82
1327	chr13	97377324	97378400	CpG: 111	1076	111	750	20.6	69.7	0.86
1335	chr13	98342295	98343108	CpG: 76	813	76	565	18.7	69.5	0.78
1335	chr13	98399356	98399999	CpG: 72	643	72	438	22.4	68.1	0.97
1336	chr13	98452852	98453681	CpG: 101	829	101	602	24.4	72.6	0.94
1336	chr13	98502329	98503068	CpG: 72	739	72	490	19.5	66.3	0.89
1336	chr13	98527633	98528056	CpG: 37	423	37	228	17.5	53.9	1.22
1337	chr13	98639463	98639722	CpG: 20	259	20	148	15.4	57.1	0.95
1337	chr13	98640665	98640932	CpG: 24	267	24	172	18	64.4	0.87
1338	chr13	98709169	98709950	CpG: 62	781	62	485	15.9	62.1	0.82
1338	chr13	98710482	98710722	CpG: 18	240	18	146	15	60.8	0.81
1338	chr13	98725441	98725814	CpG: 36	373	36	257	19.3	68.9	0.81
1338	chr13	98749748	98749997	CpG: 26	249	26	170	20.9	68.3	0.9
1339	chr13	98831357	98831694	CpG: 33	337	33	225	19.6	66.8	0.89
1339	chr13	98950940	98951983	CpG: 127	1043	127	700	24.4	67.1	1.09
1340	chr13	99027451	99027745	CpG: 25	294	25	173	17	58.8	1
1340	chr13	99062249	99063334	CpG: 122	1085	122	741	22.5	68.3	0.97
1343	chr13	99480934	99481380	CpG: 42	446	42	306	18.8	68.6	0.8
1345	chr13	99651438	99651949	CpG: 46	511	46	354	18	69.3	0.75
1345	chr13	99652696	99653203	CpG: 53	507	53	353	20.9	69.6	0.86
1348	chr13	100036962	100037403	CpG: 39	441	39	295	17.7	66.9	0.8
1349	chr13	100151838	100152319	CpG: 36	481	36	316	15	65.7	0.69
1349	chr13	100240202	100240676	CpG: 42	474	42	290	17.7	61.2	0.95
1349	chr13	100244465	100244986	CpG: 70	521	70	386	26.9	74.1	1.02
1349	chr13	100261316	100261595	CpG: 34	279	34	198	24.4	71	0.98
1352	chr13	100628525	100629162	CpG: 54	637	54	409	17	64.2	0.85
1353	chr13	100688140	100689347	CpG: 105	1207	105	809	17.4	67	0.78
1353	chr13	100753023	100753524	CpG: 68	501	68	374	27.1	74.7	0.98
1353	chr13	100787436	100788299	CpG: 108	863	108	611	25	70.8	1.01
1354	chr13	100806226	100806460	CpG: 27	234	27	165	23.1	70.5	0.95
1354	chr13	100867220	100867563	CpG: 29	343	29	222	16.9	64.7	0.83
1354	chr13	100880646	100881115	CpG: 44	469	44	311	18.8	66.3	0.87
1354	chr13	100911953	100912480	CpG: 39	527	39	337	14.8	63.9	0.74
1354	chr13	100922796	100923243	CpG: 46	447	46	302	20.6	67.6	0.92
1355	chr13	100969173	100969416	CpG: 17	243	17	132	14	54.3	0.95
1355	chr13	100969483	100970061	CpG: 70	578	70	386	24.2	66.8	1.1
1361	chr13	101831005	101831246	CpG: 30	241	30	176	24.9	73	0.94
1362	chr13	101903761	101905024	CpG: 105	1263	105	769	16.6	60.9	0.9
1374	chr13	103470388	103471424	CpG: 117	1036	117	700	22.6	67.6	1
1376	chr13	103729135	103729517	CpG: 37	382	37	271	19.4	70.9	0.77
1377	chr13	103910341	103911233	CpG: 96	892	96	569	21.5	63.8	1.07
1378	chr13	104056164	104058317	CpG: 213	2153	213	1260	19.8	58.5	1.16
1380	chr13	104245858	104246540	CpG: 50	682	50	358	14.7	52.5	1.06
1380	chr13	104315207	104315628	CpG: 37	421	37	278	17.6	66	0.81
1381	chr13	104365032	104365708	CpG: 63	676	63	415	18.6	61.4	0.99
1385	chr13	104953536	104953842	CpG: 25	306	25	182	16.3	59.5	0.92
1386	chr13	105000074	105000314	CpG: 26	240	26	165	21.7	68.8	0.92
1387	chr13	105190568	105191386	CpG: 86	818	86	556	21	68	0.92
1389	chr13	105430476	105431027	CpG: 82	551	82	438	29.8	79.5	0.96
1390	chr13	105581144	105581651	CpG: 43	507	43	314	17	61.9	0.88
1401	chr13	107073102	107073672	CpG: 70	570	70	373	24.6	65.4	1.15
1401	chr13	107083506	107084046	CpG: 53	540	53	368	19.6	68.1	0.85
1402	chr13	107158191	107159223	CpG: 154	1032	154	744	29.8	72.1	1.15
1407	chr13	107781783	107782100	CpG: 25	317	25	210	15.8	66.2	0.72
1409	chr13	108025082	108027994	CpG: 292	2912	292	1744	20.1	59.9	1.12
1410	chr13	108180619	108181200	CpG: 53	581	53	341	18.2	58.7	1.06
1410	chr13	108203420	108203770	CpG: 23	350	23	213	13.1	60.9	0.77
1411	chr13	108294691	108295534	CpG: 69	843	69	510	16.4	60.5	0.9
1411	chr13	108350724	108351563	CpG: 72	839	72	564	17.2	67.2	0.77
1412	chr13	108452622	108453266	CpG: 67	644	67	428	20.8	66.5	0.94
1418	chr13	109252960	109253561	CpG: 57	601	57	432	19	71.9	0.75
1424	chr13	110039033	110040078	CpG: 112	1045	112	671	21.4	64.2	1.04
1428	chr13	110531142	110532150	CpG: 91	1008	91	656	18.1	65.1	0.85
1438	chr13	111822344	111824295	CpG: 225	1951	225	1391	23.1	71.3	0.92
1438	chr13	111861411	111862473	CpG: 79	1062	79	667	14.9	62.8	0.76
1438	chr13	111885296	111885575	CpG: 23	279	23	167	16.5	59.9	0.92
1438	chr13	111891799	111892035	CpG: 20	236	20	132	16.9	55.9	1.09
1439	chr13	111944306	111946003	CpG: 182	1697	182	1006	21.4	59.3	1.23
1440	chr13	112114379	112114654	CpG: 20	275	20	163	14.5	59.3	0.83
1444	chr13	112600256	112601087	CpG: 94	831	94	594	22.6	71.5	0.89
1445	chr13	112788493	112789037	CpG: 68	544	68	404	25	74.3	0.91
1446	chr13	112937215	112937935	CpG: 77	720	77	487	21.4	67.6	0.95
1446	chr13	112968514	112968733	CpG: 15	219	15	114	13.7	52.1	1.02
1447	chr13	113063840	113064496	CpG: 57	656	57	418	17.4	63.7	0.86
1448	chr13	113124010	113124856	CpG: 92	846	92	586	21.7	69.3	0.91
1448	chr13	113125237	113125544	CpG: 25	307	25	185	16.3	60.3	0.96
1448	chr13	113126149	113126449	CpG: 21	300	21	189	14	63	0.71
1448	chr13	113130051	113130979	CpG: 92	928	92	644	19.8	69.4	0.83
1448	chr13	113135018	113135562	CpG: 39	544	39	346	14.3	63.6	0.71
1448	chr13	113171488	113171957	CpG: 47	469	47	319	20	68	0.89
1450	chr13	113429646	113430108	CpG: 60	462	60	337	26	72.9	0.98
1452	chr13	113753838	113755284	CpG: 153	1446	153	941	21.2	65.1	1
1454	chr13	113930691	113931496	CpG: 67	805	67	485	16.6	60.2	0.92
1458	chr13	114524282	114524673	CpG: 33	391	33	249	16.9	63.7	0.85
1459	chr13	114593805	114594082	CpG: 29	277	29	187	20.9	67.5	0.93
1459	chr13	114595215	114596250	CpG: 86	1035	86	584	16.6	56.4	1.04
1462	chr13	114954690	114955007	CpG: 28	317	28	203	17.7	64	0.87
1464	chr13	115226232	115226870	CpG: 61	638	61	423	19.1	66.3	0.87
1473	chr13	116446096	116446801	CpG: 68	705	68	440	19.3	62.4	0.99
1476	chr13	116842115	116842420	CpG: 24	305	24	180	15.7	59	0.91
1478	chr13	117160924	117162464	CpG: 136	1540	136	999	17.7	64.9	0.84
1480	chr13	117357100	117357720	CpG: 63	620	63	432	20.3	69.7	0.85
1483	chr13	117738819	117739472	CpG: 98	653	98	502	30	76.9	1.03
1489	chr13	118523139	118523859	CpG: 64	720	64	393	17.8	54.6	1.19
1497	chr13	119545322	119545674	CpG: 35	352	35	253	19.9	71.9	0.79
1497	chr13	119564912	119566250	CpG: 161	1338	161	913	24.1	68.2	1.03
1497	chr13	119599171	119599655	CpG: 38	484	38	251	15.7	51.9	1.17
1497	chr13	119624508	119625657	CpG: 126	1149	126	711	21.9	61.9	1.15
1501	chr13	120093156	120093558	CpG: 33	402	33	216	16.4	53.7	1.15
1501	chr13	120151606	120152376	CpG: 70	770	70	515	18.2	66.9	0.81
1502	chr13	120217187	120217430	CpG: 26	243	26	173	21.4	71.2	0.84
1502	chr13	120251974	120252996	CpG: 118	1022	118	699	23.1	68.4	0.99
1502	chr13	120298293	120298611	CpG: 27	318	27	164	17	51.6	1.32
1503	chr13	120427064	120427754	CpG: 45	690	45	393	13	57	0.81
1504	chr13	120557953	120558574	CpG: 40	621	40	367	12.9	59.1	0.74
1504	chr13	120561858	120562099	CpG: 39	241	39	197	32.4	81.7	0.99
611	chr14	3427137	3427742	CpG: 41	605	41	364	13.6	60.2	0.79
612	chr14	3575640	3576434	CpG: 106	794	106	548	26.7	69	1.13
616	chr14	4137720	4138642	CpG: 97	922	97	571	21	61.9	1.1
616	chr14	4142316	4142748	CpG: 38	432	38	301	17.6	69.7	0.75
617	chr14	4198233	4199213	CpG: 84	980	84	632	17.1	64.5	0.83
617	chr14	4230636	4231471	CpG: 104	835	104	605	24.9	72.5	0.95
621	chr14	4808541	4809368	CpG: 78	827	78	542	18.9	65.5	0.89
625	chr14	5296728	5296972	CpG: 22	244	22	181	18	74.2	0.67
629	chr14	5893981	5894538	CpG: 47	557	47	359	16.9	64.5	0.83
631	chr14	6103585	6105137	CpG: 141	1552	141	989	18.2	63.7	0.89
632	chr14	6220065	6220484	CpG: 47	419	47	300	22.4	71.6	0.88
632	chr14	6226334	6226617	CpG: 26	283	26	185	18.4	65.4	0.88
638	chr14	7030697	7031059	CpG: 42	362	42	255	23.2	70.4	0.97
644	chr14	7765981	7766690	CpG: 97	709	97	522	27.4	73.6	1.01
644	chr14	7766802	7767055	CpG: 20	253	20	159	15.8	62.8	0.8
646	chr14	8123238	8124221	CpG: 87	983	87	637	17.7	64.8	0.85
648	chr14	8348710	8349312	CpG: 59	602	59	405	19.6	67.3	0.88
649	chr14	8456436	8457329	CpG: 101	893	101	552	22.6	61.8	1.21
649	chr14	8508042	8508937	CpG: 105	895	105	593	23.5	66.3	1.1
658	chr14	9646538	9647943	CpG: 102	1405	102	798	14.5	56.8	0.9
662	chr14	10123396	10124021	CpG: 56	625	56	364	17.9	58.2	1.06
662	chr14	10128162	10128662	CpG: 38	500	38	291	15.2	58.2	0.91
662	chr14	10185102	10185649	CpG: 41	547	41	355	15	64.9	0.74
668	chr14	10915312	10916407	CpG: 86	1095	86	632	15.7	57.7	0.94
671	chr14	11307882	11308105	CpG: 18	223	18	146	16.1	65.5	0.75
690	chr14	13803435	13803710	CpG: 37	275	37	209	26.9	76	0.95
693	chr14	14255188	14255737	CpG: 87	549	87	403	31.7	73.4	1.18
694	chr14	14296534	14297215	CpG: 57	681	57	440	16.7	64.6	0.81
694	chr14	14371140	14371439	CpG: 43	299	43	235	28.8	78.6	0.95
694	chr14	14371588	14371799	CpG: 19	211	19	136	18	64.5	0.88
694	chr14	14389107	14389550	CpG: 47	443	47	282	21.2	63.7	1.06
695	chr14	14466764	14467094	CpG: 30	330	30	209	18.2	63.3	0.98
696	chr14	14650891	14651911	CpG: 79	1020	79	620	15.5	60.8	0.84
696	chr14	14677955	14678346	CpG: 30	391	30	257	15.3	65.7	0.73
87	chr14	14810780	14811849	CpG: 85	1069	85	702	15.9	65.7	0.74
698	chr14	14901001	14901902	CpG: 70	901	70	619	15.5	68.7	0.66
699	chr14	14981005	14981454	CpG: 49	449	49	329	21.8	73.3	0.81
699	chr14	14981530	14981779	CpG: 18	249	18	167	14.5	67.1	0.64
700	chr14	15154589	15155248	CpG: 52	659	52	417	15.8	63.3	0.79
701	chr14	15224743	15225583	CpG: 64	840	64	545	15.2	64.9	0.73
701	chr14	15295043	15295870	CpG: 67	827	67	538	16.2	65.1	0.77
702	chr14	15364174	15364997	CpG: 68	823	68	552	16.5	67.1	0.74
702	chr14	15442057	15442610	CpG: 51	553	51	396	18.4	71.6	0.73
703	chr14	15579724	15580399	CpG: 54	675	54	447	16	66.2	0.73
704	chr14	15712470	15713046	CpG: 50	576	50	356	17.4	61.8	0.93
704	chr14	15713122	15713371	CpG: 17	249	17	164	13.7	65.9	0.63
706	chr14	15864559	15864843	CpG: 23	284	23	201	16.2	70.8	0.76
707	chr14	16042522	16043195	CpG: 66	673	66	451	19.6	67	0.87
708	chr14	16182328	16182745	CpG: 44	417	44	303	21.1	72.7	0.8
709	chr14	16361035	16361418	CpG: 37	383	37	253	19.3	66.1	0.89
710	chr14	16431200	16432056	CpG: 67	856	67	567	15.7	66.2	0.72
710	chr14	16507969	16508718	CpG: 57	749	57	509	15.2	68	0.66
711	chr14	16589359	16590085	CpG: 54	726	54	491	14.9	67.6	0.65
712	chr14	16656643	16657601	CpG: 75	958	75	627	15.7	65.4	0.74
712	chr14	16727848	16728363	CpG: 49	515	49	366	19	71.1	0.77
714	chr14	16967568	16968231	CpG: 56	663	56	422	16.9	63.7	0.83
714	chr14	17009138	17010094	CpG: 75	956	75	627	15.7	65.6	0.74
715	chr14	17080376	17080891	CpG: 49	515	49	366	19	71.1	0.77
717	chr14	17320209	17320872	CpG: 56	663	56	422	16.9	63.7	0.83
717	chr14	17398428	17399089	CpG: 48	661	48	406	14.5	61.4	0.78
719	chr14	17613521	17614349	CpG: 72	828	72	557	17.4	67.3	0.77
720	chr14	17742479	17743363	CpG: 74	884	74	617	16.7	69.8	0.69
722	chr14	17969888	17970924	CpG: 83	1036	83	701	16	67.7	0.71
722	chr14	18053640	18054470	CpG: 65	830	65	519	15.7	62.5	0.8
723	chr14	18134430	18135196	CpG: 65	766	65	524	17	68.4	0.73
724	chr14	18286672	18287470	CpG: 67	798	67	540	16.8	67.7	0.74
725	chr14	18358719	18359578	CpG: 61	859	61	552	14.2	64.3	0.69
725	chr14	18450650	18451085	CpG: 47	435	47	318	21.6	73.1	0.81
726	chr14	18520347	18520931	CpG: 43	584	43	399	14.7	68.3	0.66
727	chr14	18659394	18659838	CpG: 36	444	36	255	16.2	57.4	0.98
728	chr14	18817199	18817857	CpG: 65	658	65	444	19.8	67.5	0.87
729	chr14	18897445	18897887	CpG: 36	442	36	255	16.3	57.7	0.98
730	chr14	19056615	19057274	CpG: 65	659	65	444	19.7	67.4	0.87
91	chr14	19136464	19136676	CpG: 16	212	16	134	15.1	63.2	0.76
731	chr14	19136841	19137294	CpG: 45	453	45	310	19.9	68.4	0.85
731	chr14	19260562	19261463	CpG: 67	901	67	620	14.9	68.8	0.63
733	chr14	19419883	19420619	CpG: 56	736	56	503	15.2	68.3	0.65
734	chr14	19634905	19635485	CpG: 58	580	58	420	20	72.4	0.77
736	chr14	19801236	19801659	CpG: 35	423	35	253	16.5	59.8	0.94
736	chr14	19873415	19874024	CpG: 67	609	67	415	22	68.1	0.95
738	chr14	20132894	20133524	CpG: 57	630	57	404	18.1	64.1	0.88
739	chr14	20231623	20232112	CpG: 42	489	42	310	17.2	63.4	0.86
740	chr14	20398046	20398500	CpG: 35	454	35	277	15.4	61	0.83
740	chr14	20438624	20439089	CpG: 50	465	50	316	21.5	68	0.93
740	chr14	20443450	20443953	CpG: 59	503	59	355	23.5	70.6	0.94
741	chr14	20529806	20530089	CpG: 31	283	31	189	21.9	66.8	0.99
742	chr14	20595914	20596446	CpG: 67	532	67	394	25.2	74.1	0.92
742	chr14	20690779	20691393	CpG: 60	614	60	381	19.5	62.1	1.04
743	chr14	20711267	20711525	CpG: 28	258	28	178	21.7	69	0.91
743	chr14	20724245	20724673	CpG: 33	428	33	272	15.4	63.6	0.77
743	chr14	20744974	20745934	CpG: 95	960	95	589	19.8	61.4	1.05
743	chr14	20752905	20753301	CpG: 45	396	45	253	22.7	63.9	1.11
743	chr14	20757544	20758149	CpG: 60	605	60	374	19.8	61.8	1.05
743	chr14	20762515	20762782	CpG: 18	267	18	167	13.5	62.5	0.71
743	chr14	20784174	20784756	CpG: 75	582	75	439	25.8	75.4	0.91
744	chr14	20843200	20844143	CpG: 85	943	85	610	18	64.7	0.91
745	chr14	20979034	20979853	CpG: 91	819	91	566	22.2	69.1	0.93
93	chr14	21102004	21103120	CpG: 86	1116	86	727	15.4	65.1	0.73
746	chr14	21125888	21126431	CpG: 55	543	55	385	20.3	70.9	0.81
749	chr14	21549498	21551413	CpG: 177	1915	177	1314	18.5	68.6	0.82
750	chr14	21736693	21736987	CpG: 36	294	36	193	24.5	65.6	1.15
751	chr14	21800574	21801034	CpG: 52	460	52	333	22.6	72.4	0.87
751	chr14	21881270	21882004	CpG: 75	734	75	513	20.4	69.9	0.84
752	chr14	21897692	21898179	CpG: 42	487	42	328	17.2	67.4	0.76
752	chr14	21898903	21899145	CpG: 19	242	19	158	15.7	65.3	0.75
753	chr14	22035026	22036589	CpG: 129	1563	129	1021	16.5	65.3	0.78
753	chr14	22038051	22038574	CpG: 39	523	39	278	14.9	53.2	1.06
753	chr14	22039111	22039793	CpG: 48	682	48	398	14.1	58.4	0.83
753	chr14	22045533	22045788	CpG: 20	255	20	174	15.7	68.2	0.7
753	chr14	22069663	22069926	CpG: 27	263	27	187	20.5	71.1	0.82
768	chr14	24053755	24054008	CpG: 24	253	24	166	19	65.6	0.88
768	chr14	24054475	24055108	CpG: 82	633	82	439	25.9	69.4	1.08
770	chr14	24295093	24296016	CpG: 93	923	93	606	20.2	65.7	0.94
772	chr14	24536925	24537236	CpG: 28	311	28	190	18	61.1	0.98
772	chr14	24540726	24541291	CpG: 56	565	56	376	19.8	66.5	0.9
774	chr14	24779629	24779975	CpG: 27	346	27	231	15.6	66.8	0.72
778	chr14	25378692	25379009	CpG: 33	317	33	230	20.8	72.6	0.82
779	chr14	25457793	25458246	CpG: 43	453	43	315	19	69.5	0.84
779	chr14	25459486	25461516	CpG: 177	2030	177	1267	17.4	62.4	0.9
780	chr14	25607156	25608703	CpG: 145	1547	145	989	18.7	63.9	0.92
781	chr14	25694427	25694836	CpG: 64	409	64	295	31.3	72.1	1.2
781	chr14	25768836	25769292	CpG: 39	456	39	305	17.1	66.9	0.79
782	chr14	25842408	25842976	CpG: 51	568	51	374	18	65.8	0.83
782	chr14	25903211	25903494	CpG: 31	283	31	199	21.9	70.3	0.89
782	chr14	25927547	25927942	CpG: 32	395	32	254	16.2	64.3	0.78
784	chr14	26119128	26119331	CpG: 16	203	16	138	15.8	68	0.69
785	chr14	26255069	26256139	CpG: 108	1070	108	744	20.2	69.5	0.84
785	chr14	26300588	26301158	CpG: 71	570	71	424	24.9	74.4	0.92
786	chr14	26359045	26359774	CpG: 80	729	80	493	21.9	67.6	0.96
786	chr14	26389572	26391294	CpG: 148	1722	148	1083	17.2	62.9	0.87
788	chr14	26691847	26692804	CpG: 112	957	112	671	23.4	70.1	0.97
789	chr14	26760833	26761578	CpG: 75	745	75	492	20.1	66	0.94
789	chr14	26836813	26837213	CpG: 32	400	32	265	16	66.2	0.74
791	chr14	27057866	27058570	CpG: 47	704	47	442	13.4	62.8	0.69
792	chr14	27150514	27151630	CpG: 102	1116	102	660	18.3	59.1	1.05
792	chr14	27230225	27230611	CpG: 39	386	39	266	20.2	68.9	0.87
793	chr14	27344212	27344816	CpG: 64	604	64	397	21.2	65.7	0.98
800	chr14	28226667	28226941	CpG: 33	274	33	202	24.1	73.7	0.89
800	chr14	28227701	28228694	CpG: 86	993	86	601	17.3	60.5	0.96
800	chr14	28240237	28240495	CpG: 27	258	27	168	20.9	65.1	1
809	chr14	29443480	29445121	CpG: 163	1641	163	1096	19.9	66.8	0.89
811	chr14	29690386	29690792	CpG: 35	406	35	262	17.2	64.5	0.85
811	chr14	29700292	29700750	CpG: 35	458	35	279	15.3	60.9	0.83
811	chr14	29730688	29731189	CpG: 48	501	48	355	19.2	70.9	0.76
814	chr14	30075302	30075856	CpG: 105	554	105	468	37.9	84.5	1.1
815	chr14	30201271	30201951	CpG: 49	680	49	440	14.4	64.7	0.69
815	chr14	30270991	30271571	CpG: 58	580	58	366	20	63.1	1.01
816	chr14	30347333	30348289	CpG: 91	956	91	670	19	70.1	0.79
816	chr14	30376288	30376553	CpG: 27	265	27	193	20.4	72.8	0.77
817	chr14	30436926	30438741	CpG: 208	1815	208	1143	22.9	63	1.17
818	chr14	30547484	30547856	CpG: 53	372	53	271	28.5	72.8	1.07
819	chr14	30673144	30673720	CpG: 55	576	55	368	19.1	63.9	0.94
819	chr14	30723134	30723936	CpG: 75	802	75	478	18.7	59.6	1.05
819	chr14	30740857	30741531	CpG: 98	674	98	518	29.1	76.9	1
820	chr14	30850679	30851108	CpG: 37	429	37	276	17.2	64.3	0.84
820	chr14	30852753	30853597	CpG: 86	844	86	561	20.4	66.5	0.93
820	chr14	30860713	30860919	CpG: 17	206	17	125	16.5	60.7	1.09
820	chr14	30898371	30898742	CpG: 32	371	32	235	17.3	63.3	0.91
820	chr14	30928270	30928683	CpG: 41	413	41	285	19.9	69	0.9
821	chr14	30972763	30973666	CpG: 88	903	88	538	19.5	59.6	1.11
821	chr14	31058504	31059078	CpG: 71	574	71	413	24.7	72	0.96
822	chr14	31157212	31158130	CpG: 85	918	85	579	18.5	63.1	0.93
823	chr14	31216452	31217420	CpG: 84	968	84	611	17.4	63.1	0.87
824	chr14	31363033	31363302	CpG: 22	269	22	176	16.4	65.4	0.77
824	chr14	31383681	31384209	CpG: 37	528	37	295	14	55.9	0.9
825	chr14	31551827	31553118	CpG: 142	1291	142	816	22	63.2	1.1
827	chr14	31807196	31807765	CpG: 49	569	49	348	17.2	61.2	0.92
828	chr14	31881797	31882213	CpG: 38	416	38	276	18.3	66.3	0.85
828	chr14	31887494	31887764	CpG: 30	270	30	184	22.2	68.1	0.99
828	chr14	31923356	31924427	CpG: 110	1071	110	706	20.5	65.9	0.95
829	chr14	32043880	32044105	CpG: 35	225	35	163	31.1	72.4	1.19
830	chr14	32184842	32186920	CpG: 184	2078	184	1299	17.7	62.5	0.91
830	chr14	32187136	32187359	CpG: 19	223	19	158	17	70.9	0.7
830	chr14	32235358	32235788	CpG: 52	430	52	294	24.2	68.4	1.04
831	chr14	32319496	32320208	CpG: 66	712	66	484	18.5	68	0.8
831	chr14	32321310	32321624	CpG: 34	314	34	219	21.7	69.7	0.9
833	chr14	32578592	32579292	CpG: 74	700	74	479	21.1	68.4	0.91
837	chr14	33041480	33042465	CpG: 99	985	99	647	20.1	65.7	0.93
837	chr14	33073051	33073477	CpG: 47	426	47	302	22.1	70.9	0.88
838	chr14	33168551	33169393	CpG: 136	842	136	641	32.3	76.1	1.11
841	chr14	33645227	33645779	CpG: 60	552	60	347	21.7	62.9	1.1
842	chr14	33700614	33700833	CpG: 19	219	19	147	17.4	67.1	0.77
843	chr14	33923249	33923635	CpG: 38	386	38	282	19.7	73.1	0.74
843	chr14	33941886	33942129	CpG: 25	243	25	179	20.6	73.7	0.77
844	chr14	34032224	34033417	CpG: 135	1193	135	816	22.6	68.4	0.97
846	chr14	34223929	34225292	CpG: 178	1363	178	951	26.1	69.8	1.07
846	chr14	34270734	34271586	CpG: 69	852	69	573	16.2	67.3	0.72
847	chr14	34395326	34396737	CpG: 120	1411	120	858	17	60.8	0.92
848	chr14	34491216	34491804	CpG: 44	588	44	374	15	63.6	0.74
848	chr14	34541022	34542587	CpG: 163	1565	163	991	20.8	63.3	1.04
848	chr14	34544836	34545037	CpG: 19	201	19	127	18.9	63.2	0.97
849	chr14	34618220	34618491	CpG: 23	271	23	170	17	62.7	0.86
864	chr14	36690244	36690851	CpG: 74	607	74	462	24.4	76.1	0.86
866	chr14	36856816	36857481	CpG: 64	665	64	424	19.2	63.8	0.96
884	chr14	39194073	39196090	CpG: 152	2017	152	1103	15.1	54.7	1.01
895	chr14	40688263	40689387	CpG: 112	1124	112	741	19.9	65.9	0.93
895	chr14	40735487	40735902	CpG: 32	415	32	272	15.4	65.5	0.72
896	chr14	40794786	40794988	CpG: 16	202	16	119	15.8	58.9	0.91
897	chr14	40987002	40987238	CpG: 22	236	22	151	18.6	64	0.91
908	chr14	42365268	42365522	CpG: 24	254	24	163	18.9	64.2	0.92
912	chr14	42979627	42979859	CpG: 34	232	34	177	29.3	76.3	1.06
929	chr14	45096449	45096658	CpG: 20	209	20	139	19.1	66.5	0.87
930	chr14	45226509	45227127	CpG: 43	618	43	366	13.9	59.2	0.8
931	chr14	45456775	45457947	CpG: 123	1172	123	813	21	69.4	0.87
932	chr14	45555596	45556221	CpG: 91	625	91	477	29.1	76.3	1.02
932	chr14	45567099	45567557	CpG: 37	458	37	269	16.2	58.7	0.94
932	chr14	45588474	45589188	CpG: 77	714	77	491	21.6	68.8	0.91
933	chr14	45625946	45626415	CpG: 54	469	54	339	23	72.3	0.92
934	chr14	45766952	45767923	CpG: 116	971	116	605	23.9	62.3	1.24
935	chr14	45894562	45895885	CpG: 164	1323	164	884	24.8	66.8	1.12
940	chr14	46617964	46618170	CpG: 21	206	21	153	20.4	74.3	0.78
940	chr14	46623203	46623485	CpG: 25	282	25	163	17.7	57.8	1.06
940	chr14	46624811	46626622	CpG: 121	1811	121	1021	13.4	56.4	0.84
943	chr14	46997785	46998287	CpG: 53	502	53	337	21.1	67.1	0.94
943	chr14	47025288	47025896	CpG: 79	608	79	426	26	70.1	1.06
944	chr14	47059344	47059825	CpG: 57	481	57	324	23.7	67.4	1.05
944	chr14	47069236	47070100	CpG: 68	864	68	546	15.7	63.2	0.79
944	chr14	47119441	47122507	CpG: 208	3066	208	1787	13.6	58.3	0.8
946	chr14	47426331	47426985	CpG: 65	654	65	455	19.9	69.6	0.82
947	chr14	47513888	47514790	CpG: 82	902	82	561	18.2	62.2	0.95
947	chr14	47535589	47536150	CpG: 60	561	60	372	21.4	66.3	0.97
948	chr14	47611175	47611659	CpG: 38	484	38	330	15.7	68.2	0.69
118	chr14	47709922	47710634	CpG: 90	712	90	515	25.3	72.3	0.97
949	chr14	47805625	47805832	CpG: 28	207	28	140	27.1	67.6	1.19
950	chr14	47886619	47887620	CpG: 111	1001	111	714	22.2	71.3	0.88
953	chr14	48358320	48359181	CpG: 97	861	97	577	22.5	67	1
956	chr14	48683696	48684161	CpG: 62	465	62	350	26.7	75.3	0.95
958	chr14	48899793	48900064	CpG: 21	271	21	166	15.5	61.3	0.84
958	chr14	48902399	48903029	CpG: 42	630	42	349	13.3	55.4	0.88
958	chr14	48903437	48904181	CpG: 55	744	55	456	14.8	61.3	0.79
958	chr14	48911128	48911721	CpG: 48	593	48	375	16.2	63.2	0.83
961	chr14	49303290	49303997	CpG: 82	707	82	461	23.2	65.2	1.1
961	chr14	49409454	49409676	CpG: 18	222	18	157	16.2	70.7	0.65
961	chr14	49409949	49410419	CpG: 53	470	53	307	22.6	65.3	1.06
968	chr14	50299867	50300111	CpG: 23	244	23	178	18.9	73	0.71
974	chr14	51045024	51045418	CpG: 33	394	33	246	16.8	62.4	0.86
975	chr14	51162094	51162788	CpG: 74	694	74	445	21.3	64.1	1.04
975	chr14	51167818	51168770	CpG: 84	952	84	564	17.6	59.2	1.01
978	chr14	51595636	51596108	CpG: 67	472	67	355	28.4	75.2	1.02
979	chr14	51672375	51672909	CpG: 40	534	40	332	15	62.2	0.78
982	chr14	52122140	52122743	CpG: 41	603	41	355	13.6	58.9	0.79
982	chr14	52150528	52150964	CpG: 34	436	34	298	15.6	68.3	0.73
982	chr14	52151203	52151421	CpG: 18	218	18	141	16.5	64.7	0.8
983	chr14	52222029	52222553	CpG: 61	524	61	397	23.3	75.8	0.81
983	chr14	52244099	52244383	CpG: 22	284	22	195	15.5	68.7	0.66
983	chr14	52246574	52247113	CpG: 45	539	45	356	16.7	66	0.77
983	chr14	52251622	52252316	CpG: 72	694	72	418	20.7	60.2	1.15
983	chr14	52257108	52257790	CpG: 73	682	73	481	21.4	70.5	0.86
984	chr14	52341112	52341866	CpG: 67	754	67	451	17.8	59.8	1.01
984	chr14	52356653	52356871	CpG: 26	218	26	151	23.9	69.3	1
985	chr14	52434091	52435116	CpG: 107	1025	107	690	20.9	67.3	0.92
985	chr14	52494845	52495529	CpG: 58	684	58	453	17	66.2	0.78
985	chr14	52516616	52517463	CpG: 65	847	65	527	15.3	62.2	0.8
985	chr14	52542367	52542641	CpG: 27	274	27	162	19.7	59.1	1.14
1000	chr14	54491157	54491654	CpG: 42	497	42	290	16.9	58.4	0.99
1001	chr14	54598253	54598885	CpG: 54	632	54	405	17.1	64.1	0.83
1002	chr14	54664126	54664598	CpG: 42	472	42	303	17.8	64.2	0.87
1002	chr14	54669193	54670098	CpG: 84	905	84	611	18.6	67.5	0.83
1002	chr14	54701502	54702244	CpG: 83	742	83	534	22.4	72	0.87
1002	chr14	54716911	54717255	CpG: 36	344	36	228	20.9	66.3	0.96
1002	chr14	54754740	54754999	CpG: 24	259	24	164	18.5	63.3	0.94
1003	chr14	54791362	54791899	CpG: 64	537	64	368	23.8	68.5	1.02
1003	chr14	54813144	54815107	CpG: 176	1963	176	1286	17.9	65.5	0.84
1003	chr14	54821940	54822158	CpG: 15	218	15	131	13.8	60.1	0.76
1003	chr14	54840692	54841050	CpG: 39	358	39	249	21.8	69.6	0.9
1003	chr14	54843344	54843607	CpG: 34	263	34	188	25.9	71.5	1.06
1003	chr14	54854988	54855579	CpG: 51	591	51	379	17.3	64.1	0.86
1003	chr14	54869522	54869999	CpG: 51	477	51	343	21.4	71.9	0.83
1003	chr14	54878574	54879194	CpG: 71	620	71	457	22.9	73.7	0.84
1004	chr14	54923686	54924393	CpG: 71	707	71	446	20.1	63.1	1.04
1004	chr14	54928727	54930012	CpG: 93	1285	93	783	14.5	60.9	0.79
1004	chr14	55018560	55019447	CpG: 59	887	59	485	13.3	54.7	0.89
1005	chr14	55051551	55051844	CpG: 26	293	26	192	17.7	65.5	0.83
1005	chr14	55101284	55101926	CpG: 59	642	59	434	18.4	67.6	0.81
1005	chr14	55113860	55115063	CpG: 143	1203	143	832	23.8	69.2	0.99
1005	chr14	55131841	55132083	CpG: 25	242	25	181	20.7	74.8	0.83
1005	chr14	55149616	55150572	CpG: 88	956	88	656	18.4	68.6	0.79
1005	chr14	55163310	55164429	CpG: 94	1119	94	746	16.8	66.7	0.76
1006	chr14	55252279	55252648	CpG: 29	369	29	223	15.7	60.4	0.86
1007	chr14	55328929	55329656	CpG: 48	727	48	438	13.2	60.2	0.76
1007	chr14	55343464	55343778	CpG: 22	314	22	183	14	58.3	0.85
1007	chr14	55350871	55352884	CpG: 148	2013	148	1304	14.7	64.8	0.71
1010	chr14	55728300	55728849	CpG: 60	549	60	348	21.9	63.4	1.09
1010	chr14	55758034	55758402	CpG: 47	368	47	259	25.5	70.4	1.03
1010	chr14	55777730	55778026	CpG: 22	296	22	199	14.9	67.2	0.69
1010	chr14	55797409	55798187	CpG: 60	778	60	480	15.4	61.7	0.82
1010	chr14	55815792	55816088	CpG: 24	296	24	203	16.2	68.6	0.7
1010	chr14	55828998	55829551	CpG: 43	553	43	363	15.6	65.6	0.72
1011	chr14	55872960	55873306	CpG: 24	346	24	202	13.9	58.4	0.81
1011	chr14	55880617	55881315	CpG: 84	698	84	493	24.1	70.6	0.97
1011	chr14	55897741	55898033	CpG: 28	292	28	182	19.2	62.3	0.99
1011	chr14	55918871	55919575	CpG: 61	704	61	441	17.3	62.6	0.89
1011	chr14	55959308	55959762	CpG: 35	454	35	285	15.4	62.8	0.78
1012	chr14	55983080	55983523	CpG: 60	443	60	312	27.1	70.4	1.09
1012	chr14	55999435	56000336	CpG: 85	901	85	629	18.9	69.8	0.77
1012	chr14	56005312	56005650	CpG: 37	338	37	239	21.9	70.7	0.88
1012	chr14	56060828	56061196	CpG: 31	368	31	261	16.8	70.9	0.67
1012	chr14	56062956	56063164	CpG: 22	208	22	159	21.2	76.4	0.75
1012	chr14	56063999	56064374	CpG: 30	375	30	247	16	65.9	0.75
1013	chr14	56122217	56122639	CpG: 40	422	40	301	19	71.3	0.76
1013	chr14	56137604	56137918	CpG: 25	314	25	186	15.9	59.2	0.91
1016	chr14	56602152	56602798	CpG: 57	646	57	422	17.6	65.3	0.83
1017	chr14	56640161	56640366	CpG: 15	205	15	138	14.6	67.3	0.71
1018	chr14	56808955	56809476	CpG: 52	521	52	340	20	65.3	0.97
1019	chr14	56905472	56906143	CpG: 65	671	65	442	19.4	65.9	0.93
1019	chr14	57015049	57015896	CpG: 90	847	90	530	21.3	62.6	1.09
1020	chr14	57048540	57050263	CpG: 182	1723	182	1154	21.1	67	0.94
1020	chr14	57102435	57102764	CpG: 39	329	39	214	23.7	65	1.14
1020	chr14	57122914	57124776	CpG: 197	1862	197	1294	21.2	69.5	0.88
1021	chr14	57273804	57274290	CpG: 42	486	42	291	17.3	59.9	0.96
1022	chr14	57294914	57295703	CpG: 91	789	91	573	23.1	72.6	0.9
1022	chr14	57341345	57342328	CpG: 113	983	113	676	23	68.8	0.97
1022	chr14	57370366	57370913	CpG: 48	547	48	347	17.6	63.4	0.87
1024	chr14	57635720	57636003	CpG: 30	283	30	200	21.2	70.7	0.85
1024	chr14	57661425	57661869	CpG: 49	444	49	320	22.1	72.1	0.85
1025	chr14	57762181	57763349	CpG: 111	1168	111	712	19	61	1.06
1025	chr14	57779799	57780113	CpG: 33	314	33	219	21	69.7	0.87
1026	chr14	57902318	57902951	CpG: 77	633	77	443	24.3	70	0.99
1026	chr14	57928749	57929208	CpG: 30	459	30	290	13.1	63.2	0.66
1027	chr14	57937065	57937413	CpG: 30	348	30	242	17.2	69.5	0.73
1027	chr14	57982841	57983902	CpG: 122	1061	122	622	23	58.6	1.34
1027	chr14	58035593	58036236	CpG: 69	643	69	391	21.5	60.8	1.17
1027	chr14	58063350	58064173	CpG: 91	823	91	553	22.1	67.2	0.98
1028	chr14	58127267	58127994	CpG: 73	727	73	460	20.1	63.3	1.02
1029	chr14	58236327	58236866	CpG: 66	539	66	396	24.5	73.5	0.93
1029	chr14	58308398	58308794	CpG: 35	396	35	252	17.7	63.6	0.87
1029	chr14	58309373	58309889	CpG: 71	516	71	365	27.5	70.7	1.11
1029	chr14	58312315	58314301	CpG: 142	1986	142	1251	14.3	63	0.72
1038	chr14	59438383	59439222	CpG: 102	839	102	587	24.3	70	1
1040	chr14	59678124	59678498	CpG: 44	374	44	260	23.5	69.5	0.97
1041	chr14	59835142	59835470	CpG: 28	328	28	211	17.1	64.3	0.84
1041	chr14	59862662	59863856	CpG: 98	1194	98	713	16.4	59.7	0.92
1045	chr14	60414383	60415195	CpG: 99	812	99	572	24.4	70.4	0.98
1046	chr14	60488393	60489362	CpG: 98	969	98	639	20.2	65.9	0.93
1046	chr14	60502614	60503061	CpG: 40	447	40	302	17.9	67.6	0.81
1047	chr14	60615555	60616724	CpG: 112	1169	112	755	19.2	64.6	0.93
1049	chr14	60872054	60872665	CpG: 58	611	58	432	19	70.7	0.78
1050	chr14	61021964	61022414	CpG: 54	450	54	321	24	71.3	0.96
1052	chr14	61275191	61275491	CpG: 27	300	27	216	18	72	0.72
1052	chr14	61283519	61284091	CpG: 40	572	40	333	14	58.2	0.83
1053	chr14	61410124	61410980	CpG: 92	856	92	607	21.5	70.9	0.87
1054	chr14	61512410	61512638	CpG: 20	228	20	149	17.5	65.4	0.84
1054	chr14	61597650	61597951	CpG: 30	301	30	214	19.9	71.1	0.79
1055	chr14	61676757	61677805	CpG: 132	1048	132	727	25.2	69.4	1.05
1056	chr14	61793748	61794844	CpG: 90	1096	90	716	16.4	65.3	0.77
1056	chr14	61836877	61837165	CpG: 36	288	36	213	25	74	0.95
1057	chr14	61885334	61886836	CpG: 153	1502	153	967	20.4	64.4	1.01
1057	chr14	61918878	61920585	CpG: 148	1707	148	1075	17.3	63	0.88
1057	chr14	61923926	61924524	CpG: 44	598	44	356	14.7	59.5	0.84
1057	chr14	61926899	61927511	CpG: 47	612	47	365	15.4	59.6	0.87
1062	chr14	62530035	62530552	CpG: 52	517	52	372	20.1	72	0.78
1062	chr14	62569351	62569885	CpG: 58	534	58	354	21.7	66.3	0.99
1064	chr14	62793130	62793419	CpG: 46	289	46	226	31.8	78.2	1.09
1065	chr14	62997354	62999251	CpG: 157	1897	157	1237	16.6	65.2	0.79
1066	chr14	63074694	63075596	CpG: 73	902	73	551	16.2	61.1	0.87
1068	chr14	63359862	63360317	CpG: 42	455	42	315	18.5	69.2	0.79
1068	chr14	63415156	63415625	CpG: 48	469	48	306	20.5	65.2	0.96
1069	chr14	63478044	63478574	CpG: 58	530	58	399	21.9	75.3	0.77
1069	chr14	63482626	63483360	CpG: 57	734	57	449	15.5	61.2	0.83
1069	chr14	63483814	63484179	CpG: 24	365	24	225	13.2	61.6	0.7
1069	chr14	63489003	63489215	CpG: 18	212	18	137	17	64.6	0.83
1069	chr14	63493131	63493574	CpG: 57	443	57	303	25.7	68.4	1.1
1071	chr14	63731091	63731324	CpG: 17	233	17	148	14.6	63.5	0.74
1071	chr14	63745971	63746287	CpG: 27	316	27	206	17.1	65.2	0.81
1071	chr14	63780855	63781497	CpG: 58	642	58	433	18.1	67.4	0.8
1072	chr14	63843594	63844698	CpG: 84	1104	84	645	15.2	58.4	0.89
1074	chr14	64097693	64098086	CpG: 43	393	43	251	21.9	63.9	1.08
1074	chr14	64181001	64181755	CpG: 71	754	71	502	18.8	66.6	0.87
1078	chr14	64677988	64678466	CpG: 45	478	45	321	18.8	67.2	0.84
1079	chr14	64824481	64825307	CpG: 56	826	56	500	13.6	60.5	0.74
1080	chr14	64889801	64890343	CpG: 59	542	59	367	21.8	67.7	0.95
1083	chr14	65313712	65314100	CpG: 27	388	27	246	13.9	63.4	0.69
1083	chr14	65314864	65315226	CpG: 25	362	25	209	13.8	57.7	0.83
1083	chr14	65335145	65335736	CpG: 64	591	64	383	21.7	64.8	1.03
1083	chr14	65387017	65387682	CpG: 47	665	47	417	14.1	62.7	0.76
1084	chr14	65499182	65500328	CpG: 153	1146	153	829	26.7	72.3	1.03
1085	chr14	65580909	65581598	CpG: 65	689	65	446	18.9	64.7	0.95
1085	chr14	65595495	65596651	CpG: 96	1156	96	707	16.6	61.2	0.89
1088	chr14	65968182	65968516	CpG: 23	334	23	222	13.8	66.5	0.63
1088	chr14	66043252	66043687	CpG: 39	435	39	268	17.9	61.6	0.97
1089	chr14	66071103	66071519	CpG: 40	416	40	266	19.2	63.9	0.96
1089	chr14	66074685	66075278	CpG: 55	593	55	380	18.5	64.1	0.92
1089	chr14	66190962	66191206	CpG: 30	244	30	186	24.6	76.2	0.85
1090	chr14	66282389	66282633	CpG: 26	244	26	161	21.3	66	1
1092	chr14	66534293	66535033	CpG: 72	740	72	497	19.5	67.2	0.86
1096	chr14	67104881	67105209	CpG: 29	328	29	208	17.7	63.4	0.89
1096	chr14	67106104	67106709	CpG: 68	605	68	406	22.5	67.1	1
1097	chr14	67147526	67148778	CpG: 98	1252	98	800	15.7	63.9	0.77
1098	chr14	67245692	67246610	CpG: 97	918	97	592	21.1	64.5	1.02
1098	chr14	67309285	67310002	CpG: 62	717	62	447	17.3	62.3	0.89
1099	chr14	67469275	67469535	CpG: 22	260	22	159	16.9	61.2	0.91
1099	chr14	67470767	67471299	CpG: 38	532	38	293	14.3	55.1	0.95
1099	chr14	67471858	67472129	CpG: 27	271	27	185	19.9	68.3	0.86
1099	chr14	67472852	67473196	CpG: 29	344	29	204	16.9	59.3	0.96
1103	chr14	67952565	67953984	CpG: 112	1419	112	849	15.8	59.8	0.88
1105	chr14	68170475	68171425	CpG: 116	950	116	660	24.4	69.5	1.02
1106	chr14	68321130	68322393	CpG: 125	1263	125	784	19.8	62.1	1.03
1106	chr14	68361043	68362520	CpG: 144	1477	144	942	19.5	63.8	0.96
1114	chr14	69412089	69412604	CpG: 52	515	52	341	20.2	66.2	0.93
1114	chr14	69428031	69428463	CpG: 48	432	48	301	22.2	69.7	0.92
1115	chr14	69521648	69522662	CpG: 99	1014	99	668	19.5	65.9	0.9
1115	chr14	69574646	69575014	CpG: 36	368	36	255	19.6	69.3	0.82
1116	chr14	69628243	69628518	CpG: 25	275	25	186	18.2	67.6	0.8
1117	chr14	69739898	69740912	CpG: 99	1014	99	668	19.5	65.9	0.9
1117	chr14	69792896	69793264	CpG: 36	368	36	255	19.6	69.3	0.82
1117	chr14	69846518	69846793	CpG: 25	275	25	186	18.2	67.6	0.8
1118	chr14	69944746	69945079	CpG: 32	333	32	217	19.2	65.2	0.91
1118	chr14	69969603	69970253	CpG: 60	650	60	444	18.5	68.3	0.81
1119	chr14	70004929	70005385	CpG: 34	456	34	283	14.9	62.1	0.79
1119	chr14	70034393	70034611	CpG: 16	218	16	147	14.7	67.4	0.69
1119	chr14	70042578	70042962	CpG: 55	384	55	282	28.6	73.4	1.06
1121	chr14	70311997	70313253	CpG: 94	1256	94	850	15	67.7	0.66
1121	chr14	70315185	70317831	CpG: 196	2646	196	1688	14.8	63.8	0.73
1121	chr14	70337429	70337792	CpG: 31	363	31	233	17.1	64.2	0.83
1122	chr14	70390625	70391326	CpG: 65	701	65	478	18.5	68.2	0.81
1122	chr14	70396705	70396993	CpG: 34	288	34	208	23.6	72.2	0.91
1122	chr14	70414052	70414592	CpG: 48	540	48	352	17.8	65.2	0.84
1122	chr14	70429375	70429875	CpG: 39	500	39	353	15.6	70.6	0.63
1122	chr14	70443124	70443683	CpG: 41	559	41	385	14.7	68.9	0.62
1123	chr14	70526420	70527052	CpG: 104	632	104	483	32.9	76.4	1.13
1123	chr14	70588476	70589028	CpG: 51	552	51	393	18.5	71.2	0.78
1124	chr14	70666459	70666685	CpG: 16	226	16	154	14.2	68.1	0.63
1124	chr14	70680335	70681334	CpG: 89	999	89	668	17.8	66.9	0.8
1124	chr14	70757543	70758045	CpG: 43	502	43	306	17.1	61	0.96
1124	chr14	70768286	70768539	CpG: 20	253	20	177	15.8	70	0.68
1125	chr14	70782568	70783047	CpG: 49	479	49	327	20.5	68.3	0.88
1125	chr14	70791512	70792569	CpG: 101	1057	101	769	19.1	72.8	0.73
1125	chr14	70814906	70815650	CpG: 65	744	65	489	17.5	65.7	0.82
1125	chr14	70836972	70837355	CpG: 39	383	39	247	20.4	64.5	0.98
1125	chr14	70855576	70855960	CpG: 33	384	33	268	17.2	69.8	0.71
1125	chr14	70874191	70874468	CpG: 23	277	23	174	16.6	62.8	0.85
1125	chr14	70879396	70879615	CpG: 18	219	18	141	16.4	64.4	0.79
1125	chr14	70896647	70896860	CpG: 22	213	22	138	20.7	64.8	0.99
1126	chr14	71003351	71004442	CpG: 109	1091	109	690	20	63.2	1.02
1127	chr14	71127140	71127389	CpG: 24	249	24	172	19.3	69.1	0.81
1127	chr14	71127942	71128173	CpG: 19	231	19	156	16.5	67.5	0.72
1127	chr14	71128377	71128670	CpG: 28	293	28	201	19.1	68.6	0.82
1140	chr14	72769346	72770223	CpG: 65	877	65	555	14.8	63.3	0.74
1141	chr14	72946652	72948110	CpG: 171	1458	171	975	23.5	66.9	1.05
1144	chr14	73380357	73381064	CpG: 86	707	86	505	24.3	71.4	0.95
1145	chr14	73502685	73502918	CpG: 17	233	17	139	14.6	59.7	1.18
1146	chr14	73562609	73563900	CpG: 174	1291	174	913	27	70.7	1.08
1146	chr14	73622230	73622736	CpG: 56	506	56	360	22.1	71.1	0.88
1147	chr14	73747381	73747752	CpG: 35	371	35	243	18.9	65.5	0.89
1147	chr14	73762315	73762755	CpG: 40	440	40	276	18.2	62.7	0.93
1147	chr14	73790112	73790624	CpG: 57	512	57	347	22.3	67.8	0.97
1156	chr14	74969641	74970239	CpG: 52	598	52	397	17.4	66.4	0.8
1158	chr14	75184290	75185378	CpG: 107	1088	107	702	19.7	64.5	0.95
1159	chr14	75253395	75253625	CpG: 18	230	18	131	15.7	57	0.99
1160	chr14	75368410	75368649	CpG: 19	239	19	164	15.9	68.6	0.68
1161	chr14	75521489	75522188	CpG: 66	699	66	446	18.9	63.8	0.94
1164	chr14	75991477	75992080	CpG: 66	603	66	408	21.9	67.7	0.96
1165	chr14	76024042	76024561	CpG: 55	519	55	364	21.2	70.1	0.87
1165	chr14	76082269	76083422	CpG: 146	1153	146	816	25.3	70.8	1.01
1166	chr14	76248021	76248473	CpG: 51	452	51	286	22.6	63.3	1.13
1167	chr14	76347939	76348649	CpG: 65	710	65	461	18.3	64.9	0.88
1169	chr14	76651479	76653991	CpG: 215	2512	215	1409	17.1	56.1	1.09
1170	chr14	76741587	76742035	CpG: 46	448	46	292	20.5	65.2	0.98
1170	chr14	76793920	76794382	CpG: 53	462	53	331	22.9	71.6	0.89
1174	chr14	77273779	77274341	CpG: 82	562	82	432	29.2	76.9	0.99
1175	chr14	77393732	77395277	CpG: 145	1545	145	981	18.8	63.5	0.95
1180	chr14	78112221	78112422	CpG: 23	201	23	131	22.9	65.2	1.09
1184	chr14	78545232	78545470	CpG: 22	238	22	142	18.5	59.7	1.05
148	chr14	78773922	78774585	CpG: 58	663	58	356	17.5	53.7	1.21
1187	chr14	78962210	78962705	CpG: 44	495	44	350	17.8	70.7	0.74
1187	chr14	78969251	78970548	CpG: 146	1297	146	873	22.5	67.3	1
1188	chr14	79086472	79086951	CpG: 51	479	51	357	21.3	74.5	0.77
1191	chr14	79538201	79539283	CpG: 90	1082	90	702	16.6	64.9	0.79
1192	chr14	79627667	79628371	CpG: 75	704	75	490	21.3	69.6	0.88
1192	chr14	79663787	79664669	CpG: 99	882	99	586	22.4	66.4	1.02
1192	chr14	79689273	79689995	CpG: 84	722	84	486	23.3	67.3	1.03
1193	chr14	79718120	79719651	CpG: 145	1531	145	897	18.9	58.6	1.1
1194	chr14	79824668	79825214	CpG: 56	546	56	349	20.5	63.9	1.01
1194	chr14	79898735	79899054	CpG: 24	319	24	207	15	64.9	0.72
1195	chr14	80005893	80008859	CpG: 272	2966	272	1931	18.3	65.1	0.87
1195	chr14	80011350	80011776	CpG: 33	426	33	251	15.5	58.9	0.89
1231	chr14	84680759	84681082	CpG: 31	323	31	215	19.2	66.6	0.87
1231	chr14	84681728	84681941	CpG: 16	213	16	124	15	58.2	0.9
1231	chr14	84683259	84685469	CpG: 159	2210	159	1308	14.4	59.2	0.82
1251	chr14	87378392	87378797	CpG: 44	405	44	275	21.7	67.9	0.96
1253	chr14	87653351	87654844	CpG: 182	1493	182	1053	24.4	70.5	0.98
1272	chr14	90135626	90136504	CpG: 68	878	68	535	15.5	60.9	0.84
1303	chr14	94128160	94128490	CpG: 31	330	31	230	18.8	69.7	0.77
1342	chr14	99282940	99283932	CpG: 136	992	136	706	27.4	71.2	1.08
1342	chr14	99336759	99337449	CpG: 78	690	78	469	22.6	68	0.98
1344	chr14	99535870	99536880	CpG: 118	1010	118	701	23.4	69.4	0.97
1351	chr14	100521776	100522088	CpG: 25	312	25	169	16	54.2	1.09
1351	chr14	100522886	100523528	CpG: 58	642	58	439	18.1	68.4	0.81
1362	chr14	101845267	101846390	CpG: 96	1123	96	764	17.1	68	0.74
1362	chr14	101877638	101877944	CpG: 26	306	26	206	17	67.3	0.76
1362	chr14	101891511	101891992	CpG: 47	481	47	345	19.5	71.7	0.77
1362	chr14	101966865	101967553	CpG: 55	688	55	457	16	66.4	0.74
1372	chr14	103218909	103220468	CpG: 170	1559	170	1023	21.8	65.6	1.01
1373	chr14	103307602	103307994	CpG: 49	392	49	264	25	67.3	1.12
1373	chr14	103336188	103337289	CpG: 166	1101	166	838	30.2	76.1	1.05
1375	chr14	103583548	103584448	CpG: 98	900	98	623	21.8	69.2	0.91
1377	chr14	103887637	103888409	CpG: 68	772	68	457	17.6	59.2	1.01
1383	chr14	104703225	104705536	CpG: 206	2311	206	1186	17.8	51.3	1.36
1383	chr14	104710515	104710772	CpG: 21	257	21	158	16.3	61.5	0.87
1384	chr14	104759586	104760203	CpG: 72	617	72	445	23.3	72.1	0.9
1387	chr14	105177480	105177702	CpG: 15	222	15	118	13.5	53.2	1.04
1389	chr14	105414376	105414957	CpG: 58	581	58	388	20	66.8	0.9
1389	chr14	105496091	105496589	CpG: 61	498	61	325	24.5	65.3	1.15
1394	chr14	106132510	106132757	CpG: 19	247	19	159	15.4	64.4	0.76
1394	chr14	106133386	106135211	CpG: 152	1825	152	1079	16.7	59.1	0.96
1394	chr14	106136264	106136514	CpG: 33	250	33	180	26.4	72	1.02
1396	chr14	106343533	106344165	CpG: 42	632	42	416	13.3	65.8	0.61
1417	chr14	109148731	109148962	CpG: 16	231	16	135	13.9	58.4	0.81
1438	chr14	111912657	111913527	CpG: 72	870	72	563	16.6	64.7	0.79
1464	chr14	115277761	115279835	CpG: 278	2074	278	1444	26.8	69.6	1.12
1464	chr14	115329559	115330354	CpG: 72	795	72	534	18.1	67.2	0.81
1478	chr14	117162789	117164339	CpG: 131	1550	131	1018	16.9	65.7	0.78
1488	chr14	118370071	118370320	CpG: 28	249	28	165	22.5	66.3	1.03
1488	chr14	118374109	118374971	CpG: 93	862	93	568	21.6	65.9	1
1488	chr14	118395379	118395595	CpG: 18	216	18	133	16.7	61.6	0.89
1488	chr14	118463423	118463665	CpG: 21	242	21	144	17.4	59.5	0.98
1488	chr14	118471876	118474425	CpG: 210	2549	210	1537	16.5	60.3	0.91
1490	chr14	118674317	118674710	CpG: 37	393	37	274	18.8	69.7	0.77
1490	chr14	118711226	118711437	CpG: 26	211	26	159	24.6	75.4	0.87
1491	chr14	118771336	118771553	CpG: 18	217	18	120	16.6	55.3	1.09
1491	chr14	118849032	118849342	CpG: 21	310	21	186	13.5	60	0.76
1492	chr14	118943193	118943959	CpG: 97	766	97	521	25.3	68	1.1
1493	chr14	119092000	119092239	CpG: 18	239	18	161	15.1	67.4	0.69
1494	chr14	119159995	119160570	CpG: 51	575	51	378	17.7	65.7	0.82
1494	chr14	119162471	119162972	CpG: 43	501	43	335	17.2	66.9	0.77
1494	chr14	119174961	119175954	CpG: 121	993	121	722	24.4	72.7	0.92
1494	chr14	119244021	119244238	CpG: 39	217	39	162	35.9	74.7	1.29
1495	chr14	119336365	119337004	CpG: 72	639	72	457	22.5	71.5	0.89
1495	chr14	119360731	119361038	CpG: 34	307	34	242	22.1	78.8	1.1
1495	chr14	119375010	119376607	CpG: 151	1597	151	1038	18.9	65	0.9
1502	chr14	120295887	120296120	CpG: 19	233	19	138	16.3	59.2	0.93
1505	chr14	120595418	120595706	CpG: 22	288	22	186	15.3	64.6	0.9
1505	chr14	120715122	120716514	CpG: 128	1392	128	799	18.4	57.4	1.12
1508	chr14	121067986	121068200	CpG: 16	214	16	133	15	62.1	0.83
1509	chr14	121148137	121149237	CpG: 157	1100	157	850	28.5	77.3	0.99
1510	chr14	121272475	121273792	CpG: 141	1317	141	897	21.4	68.1	0.93
1512	chr14	121615770	121616944	CpG: 129	1174	129	824	22	70.2	0.89
1516	chr14	122034814	122036034	CpG: 128	1220	128	839	21	68.8	0.89
1516	chr14	122115723	122116575	CpG: 83	852	83	594	19.5	69.7	0.8
1518	chr14	122344312	122345116	CpG: 104	804	104	572	25.9	71.1	1.02
1518	chr14	122418863	122419233	CpG: 37	370	37	254	20	68.6	0.92
1519	chr14	122440457	122440679	CpG: 18	222	18	125	16.2	56.3	1.05
1520	chr14	122643939	122644551	CpG: 56	612	56	394	18.3	64.4	0.88
1521	chr14	122700841	122702698	CpG: 181	1857	181	1172	19.5	63.1	1
1521	chr14	122711420	122713711	CpG: 205	2291	205	1345	17.9	58.7	1.04
1521	chr14	122727944	122728389	CpG: 45	445	45	297	20.2	66.7	0.91
1521	chr14	122771551	122772098	CpG: 46	547	46	369	16.8	67.5	0.74
1524	chr14	123150295	123150731	CpG: 53	436	53	315	24.3	72.2	0.94
1525	chr14	123220111	123221007	CpG: 91	896	91	568	20.3	63.4	1.01
1530	chr14	123864138	123864505	CpG: 39	367	39	250	21.3	68.1	0.92
612	chr15	3612483	3613007	CpG: 39	524	39	294	14.9	56.1	0.97
615	chr15	4008636	4009044	CpG: 49	408	49	285	24	69.9	0.99
615	chr15	4024998	4025513	CpG: 52	515	52	352	20.2	68.3	0.9
615	chr15	4055876	4057098	CpG: 106	1222	106	780	17.3	63.8	0.85
624	chr15	5145549	5146544	CpG: 74	995	74	626	14.9	62.9	0.75
624	chr15	5172974	5173870	CpG: 127	896	127	679	28.3	75.8	0.99
624	chr15	5215176	5215432	CpG: 23	256	23	176	18	68.8	0.81
625	chr15	5271810	5272273	CpG: 49	463	49	308	21.2	66.5	0.98
625	chr15	5273405	5273947	CpG: 47	542	47	370	17.3	68.3	0.75
633	chr15	6415831	6416374	CpG: 44	543	44	321	16.2	59.1	0.93
636	chr15	6736958	6739010	CpG: 205	2052	205	1258	20	61.3	1.07
637	chr15	6903566	6904001	CpG: 44	435	44	298	20.2	68.5	0.87
639	chr15	7158621	7159469	CpG: 123	848	123	626	29	73.8	1.07
641	chr15	7427314	7428009	CpG: 59	695	59	463	17	66.6	0.78
644	chr15	7839552	7840689	CpG: 100	1137	100	717	17.6	63.1	0.89
644	chr15	7842391	7843546	CpG: 84	1155	84	692	14.5	59.9	0.81
644	chr15	7845038	7845350	CpG: 34	312	34	214	21.8	68.6	0.94
647	chr15	8128326	8128799	CpG: 49	473	49	323	20.7	68.3	0.89
647	chr15	8138708	8139052	CpG: 35	344	35	205	20.3	59.6	1.15
647	chr15	8198414	8198932	CpG: 54	518	54	380	20.8	73.4	0.78
649	chr15	8473106	8475067	CpG: 149	1961	149	1043	15.2	53.2	1.07
650	chr15	8598233	8598978	CpG: 57	745	57	458	15.3	61.5	0.81
651	chr15	8665612	8665819	CpG: 14	207	14	111	13.5	53.6	0.95
651	chr15	8739613	8739916	CpG: 21	303	21	175	13.9	57.8	0.83
654	chr15	9071102	9072065	CpG: 99	963	99	665	20.6	69.1	0.86
654	chr15	9140353	9141226	CpG: 71	873	71	547	16.3	62.7	0.83
664	chr15	10469870	10470684	CpG: 102	814	102	580	25.1	71.3	0.99
10	chr15	10485754	10486594	CpG: 68	840	68	502	16.2	59.8	0.91
666	chr15	10714134	10715123	CpG: 92	989	92	659	18.6	66.6	0.86
668	chr15	10981856	10982159	CpG: 36	303	36	214	23.8	70.6	0.97
669	chr15	11035980	11036497	CpG: 37	517	37	316	14.3	61.1	0.78
669	chr15	11037112	11037547	CpG: 33	435	33	278	15.2	63.9	0.74
671	chr15	11384014	11384215	CpG: 18	201	18	129	17.9	64.2	0.9
671	chr15	11399510	11399817	CpG: 27	307	27	202	17.6	65.8	0.83
675	chr15	11903937	11905727	CpG: 148	1790	148	1122	16.5	62.7	0.84
675	chr15	11906153	11906524	CpG: 31	371	31	206	16.7	55.5	1.12
676	chr15	11995337	11996193	CpG: 96	856	96	615	22.4	71.8	0.87
677	chr15	12117567	12118916	CpG: 122	1349	122	870	18.1	64.5	0.87
678	chr15	12204866	12205774	CpG: 102	908	102	618	22.5	68.1	0.99
679	chr15	12321303	12322509	CpG: 104	1206	104	697	17.2	57.8	1.03
679	chr15	12373035	12373245	CpG: 14	210	14	128	13.3	61	0.72
682	chr15	12739398	12740200	CpG: 71	802	71	517	17.7	64.5	0.86
682	chr15	12824529	12825434	CpG: 89	905	89	573	19.7	63.3	0.99
684	chr15	13051358	13051573	CpG: 16	215	16	122	14.9	56.7	0.93
685	chr15	13173194	13173500	CpG: 30	306	30	213	19.6	69.6	0.85
778	chr15	25364276	25364951	CpG: 83	675	83	429	24.6	63.6	1.22
778	chr15	25412474	25413781	CpG: 96	1307	96	816	14.7	62.4	0.76
778	chr15	25414522	25414837	CpG: 23	315	23	195	14.6	61.9	0.76
780	chr15	25622298	25623536	CpG: 114	1238	114	839	18.4	67.8	0.83
781	chr15	25713871	25714275	CpG: 31	404	31	244	15.3	60.4	0.85
781	chr15	25781176	25781759	CpG: 53	583	53	369	18.2	63.3	0.91
782	chr15	25843124	25843659	CpG: 49	535	49	334	18.3	62.4	0.94
783	chr15	25984091	25985182	CpG: 114	1091	114	728	20.9	66.7	0.94
785	chr15	26308732	26309768	CpG: 114	1036	114	720	22	69.5	0.93
787	chr15	26543475	26543823	CpG: 24	348	24	199	13.8	57.2	0.85
790	chr15	26894990	26895857	CpG: 94	867	94	623	21.7	71.9	0.84
794	chr15	27466333	27467412	CpG: 101	1079	101	643	18.7	59.6	1.06
795	chr15	27630655	27630956	CpG: 39	301	39	225	25.9	74.8	0.93
796	chr15	27665591	27665821	CpG: 17	230	17	132	14.8	57.4	0.91
796	chr15	27681275	27681865	CpG: 73	590	73	421	24.7	71.4	1
796	chr15	27747749	27748108	CpG: 25	359	25	230	13.9	64.1	0.71
796	chr15	27773936	27774161	CpG: 22	225	22	145	19.6	64.4	0.95
798	chr15	28024295	28026363	CpG: 226	2068	226	1383	21.9	66.9	0.98
815	chr15	30172504	30173694	CpG: 141	1190	141	788	23.7	66.2	1.08
818	chr15	30646683	30647397	CpG: 82	714	82	498	23	69.7	1
823	chr15	31224267	31224890	CpG: 70	623	70	441	22.5	70.8	0.9
824	chr15	31367174	31368152	CpG: 101	978	101	674	20.7	68.9	0.87
824	chr15	31453508	31454029	CpG: 52	521	52	345	20	66.2	0.92
825	chr15	31530432	31531595	CpG: 121	1163	121	682	20.8	58.6	1.22
826	chr15	31601411	31602401	CpG: 92	990	92	599	18.6	60.5	1.02
831	chr15	32244931	32246351	CpG: 101	1420	101	900	14.2	63.4	0.71
835	chr15	32779115	32779357	CpG: 22	242	22	140	18.2	57.9	1.09
836	chr15	32920992	32921282	CpG: 27	290	27	174	18.6	60	1.04
842	chr15	33687432	33688075	CpG: 69	643	69	451	21.5	70.1	0.88
845	chr15	34082381	34083482	CpG: 112	1101	112	746	20.3	67.8	0.89
846	chr15	34238186	34238915	CpG: 80	729	80	497	21.9	68.2	0.95
846	chr15	34306777	34307274	CpG: 53	497	53	351	21.3	70.6	0.86
847	chr15	34443067	34443840	CpG: 65	773	65	487	16.8	63	0.85
848	chr15	34495381	34495689	CpG: 29	308	29	198	18.8	64.3	0.92
849	chr15	34678516	34679003	CpG: 60	487	60	358	24.6	73.5	0.91
850	chr15	34837494	34838864	CpG: 117	1370	117	899	17.1	65.6	0.79
853	chr15	35155430	35156141	CpG: 68	711	68	441	19.1	62	1
854	chr15	35293772	35294352	CpG: 47	580	47	372	16.2	64.1	0.79
854	chr15	35296129	35297033	CpG: 70	904	70	563	15.5	62.3	0.8
854	chr15	35326633	35326993	CpG: 41	360	41	260	22.8	72.2	0.91
854	chr15	35371332	35371991	CpG: 75	659	75	436	22.8	66.2	1.04
859	chr15	35937785	35938403	CpG: 54	618	54	408	17.5	66	0.81
860	chr15	36140420	36140727	CpG: 31	307	31	228	20.2	74.3	0.74
860	chr15	36164808	36165299	CpG: 39	491	39	301	15.9	61.3	0.88
861	chr15	36210566	36210951	CpG: 44	385	44	273	22.9	70.9	0.92
861	chr15	36282586	36283622	CpG: 103	1036	103	583	19.9	56.3	1.26
863	chr15	36496411	36497047	CpG: 66	636	66	430	20.8	67.6	0.91
864	chr15	36608294	36609940	CpG: 177	1646	177	1053	21.5	64	1.06
865	chr15	36792629	36794623	CpG: 205	1994	205	1402	20.6	70.3	0.84
866	chr15	36938859	36939091	CpG: 27	232	27	180	23.3	77.6	0.78
867	chr15	37007177	37008041	CpG: 119	864	119	650	27.5	75.2	0.99
868	chr15	37136049	37136265	CpG: 17	216	17	132	15.7	61.1	0.85
868	chr15	37176150	37176562	CpG: 26	412	26	265	12.6	64.3	0.63
869	chr15	37234175	37234690	CpG: 65	515	65	377	25.2	73.2	0.95
869	chr15	37279693	37279968	CpG: 25	275	25	168	18.2	61.1	0.98
873	chr15	37791676	37792423	CpG: 65	747	65	476	17.4	63.7	0.87
874	chr15	37960900	37961416	CpG: 46	516	46	332	17.8	64.3	0.89
875	chr15	38078188	38079361	CpG: 146	1173	146	816	24.9	69.6	1.03
877	chr15	38299416	38301937	CpG: 219	2521	219	1649	17.4	65.4	0.82
878	chr15	38470702	38471368	CpG: 67	666	67	483	20.1	72.5	0.77
878	chr15	38473743	38474174	CpG: 46	431	46	327	21.3	75.9	0.74
878	chr15	38518506	38519766	CpG: 107	1260	107	780	17	61.9	0.89
879	chr15	38662034	38662449	CpG: 51	415	51	299	24.6	72	0.95
880	chr15	38701420	38701644	CpG: 17	224	17	141	15.2	62.9	0.77
880	chr15	38740693	38741048	CpG: 50	355	50	272	28.2	76.6	0.96
881	chr15	38853497	38853831	CpG: 43	334	43	229	25.7	68.6	1.1
881	chr15	38869471	38870093	CpG: 80	622	80	472	25.7	75.9	0.89
882	chr15	38940162	38940419	CpG: 22	257	22	182	17.1	70.8	0.69
882	chr15	38975716	38976583	CpG: 90	867	90	582	20.8	67.1	0.92
883	chr15	39060470	39062562	CpG: 233	2092	233	1458	22.3	69.7	0.92
888	chr15	39720514	39720743	CpG: 23	229	23	148	20.1	64.6	0.97
888	chr15	39806613	39807551	CpG: 110	938	110	621	23.5	66.2	1.07
894	chr15	40518269	40519242	CpG: 85	973	85	619	17.5	63.6	0.89
900	chr15	41310904	41311125	CpG: 29	221	29	168	26.2	76	0.91
902	chr15	41652090	41652812	CpG: 96	722	96	536	26.6	74.2	0.98
913	chr15	43033634	43034092	CpG: 51	458	51	309	22.3	67.5	0.98
914	chr15	43145652	43146220	CpG: 55	568	55	368	19.4	64.8	0.94
915	chr15	43340563	43341006	CpG: 35	443	35	267	15.8	60.3	0.87
922	chr15	44290839	44291728	CpG: 65	889	65	544	14.6	61.2	0.78
924	chr15	44482726	44483273	CpG: 53	547	53	379	19.4	69.3	0.82
925	chr15	44651063	44651325	CpG: 27	262	27	163	20.6	62.2	1.08
928	chr15	44977665	44978273	CpG: 47	608	47	391	15.5	64.3	0.75
956	chr15	48653153	48653530	CpG: 29	377	29	216	15.4	57.3	0.95
972	chr15	50732878	50733235	CpG: 34	357	34	248	19	69.5	0.79
972	chr15	50752890	50753778	CpG: 84	888	84	521	18.9	58.7	1.1
979	chr15	51728525	51729062	CpG: 49	537	49	355	18.2	66.1	0.84
979	chr15	51740666	51741192	CpG: 41	526	41	319	15.6	60.6	0.85
980	chr15	51854396	51855369	CpG: 107	973	107	670	22	68.9	0.93
980	chr15	51903426	51903976	CpG: 45	550	45	316	16.4	57.5	0.99
986	chr15	52575757	52576150	CpG: 49	393	49	279	24.9	71	0.99
990	chr15	53208344	53208608	CpG: 20	264	20	141	15.2	53.4	1.07
990	chr15	53208987	53209934	CpG: 92	947	92	571	19.4	60.3	1.07
995	chr15	53765836	53766045	CpG: 17	209	17	128	16.3	61.2	0.93
1001	chr15	54609441	54609697	CpG: 22	256	22	165	17.2	64.5	0.86
1003	chr15	54815757	54816089	CpG: 32	332	32	236	19.3	71.1	0.76
1004	chr15	54935312	54935633	CpG: 37	321	37	229	23.1	71.3	0.91
1004	chr15	54953535	54953954	CpG: 48	419	48	292	22.9	69.7	0.94
1004	chr15	54975625	54976302	CpG: 58	677	58	413	17.1	61	0.92
1007	chr15	55420606	55421245	CpG: 59	639	59	390	18.5	61	1
1010	chr15	55769693	55770503	CpG: 59	810	59	480	14.6	59.3	0.83
1024	chr15	57557507	57557788	CpG: 24	281	24	172	17.1	61.2	0.91
1024	chr15	57558268	57559290	CpG: 85	1022	85	557	16.6	54.5	1.13
1025	chr15	57755423	57756001	CpG: 62	578	62	391	21.5	67.6	0.94
1025	chr15	57775503	57775895	CpG: 40	392	40	266	20.4	67.9	0.93
1026	chr15	57803416	57803622	CpG: 16	206	16	125	15.5	60.7	0.87
1026	chr15	57897254	57897767	CpG: 57	513	57	361	22.2	70.4	0.91
1027	chr15	57939068	57940582	CpG: 140	1514	140	1043	18.5	68.9	0.81
1027	chr15	57997888	57998793	CpG: 94	905	94	608	20.8	67.2	0.92
1027	chr15	58004690	58005039	CpG: 38	349	38	240	21.8	68.8	0.93
1028	chr15	58077875	58078482	CpG: 49	607	49	360	16.1	59.3	0.92
1029	chr15	58287180	58287751	CpG: 60	571	60	371	21	65	1
1032	chr15	58694552	58695200	CpG: 71	648	71	466	21.9	71.9	0.85
1032	chr15	58695386	58695946	CpG: 41	560	41	345	14.6	61.6	0.77
1033	chr15	58744395	58744943	CpG: 41	548	41	322	15	58.8	0.89
1033	chr15	58760726	58761591	CpG: 78	865	78	512	18	59.2	1.04
1033	chr15	58805424	58805768	CpG: 37	344	37	232	21.5	67.4	0.95
1034	chr15	58953126	58954386	CpG: 136	1260	136	843	21.6	66.9	0.97
1036	chr15	59186774	59187174	CpG: 40	400	40	232	20	58	1.21
1037	chr15	59245808	59246250	CpG: 48	442	48	304	21.7	68.8	0.92
1039	chr15	59519371	59521459	CpG: 186	2088	186	1332	17.8	63.8	0.88
1048	chr15	60694819	60696924	CpG: 165	2105	165	1309	15.7	62.2	0.81
1056	chr15	61856797	61860065	CpG: 213	3268	213	1859	13	56.9	0.8
1057	chr15	61909766	61910033	CpG: 31	267	31	188	23.2	70.4	0.94
1072	chr15	63869406	63870253	CpG: 111	847	111	621	26.2	73.3	0.99
1072	chr15	63931842	63932656	CpG: 95	814	95	566	23.3	69.5	0.98
1074	chr15	64184112	64185062	CpG: 112	950	112	604	23.6	63.6	1.17
1075	chr15	64254024	64254582	CpG: 70	558	70	427	25.1	76.5	0.86
1079	chr15	64792650	64794534	CpG: 137	1884	137	1161	14.5	61.6	0.77
1085	chr15	65658812	65659583	CpG: 94	771	94	517	24.4	67.1	1.09
1089	chr15	66157630	66158412	CpG: 71	782	71	511	18.2	65.3	0.85
1091	chr15	66449529	66449960	CpG: 62	431	62	330	28.8	76.6	1
1094	chr15	66840433	66841954	CpG: 103	1521	103	923	13.5	60.7	0.74
1096	chr15	67047319	67047524	CpG: 17	205	17	117	16.6	57.1	1.03
1096	chr15	67047770	67048046	CpG: 24	276	24	181	17.4	65.6	0.81
1096	chr15	67048589	67049370	CpG: 65	781	65	521	16.6	66.7	0.75
1104	chr15	68130169	68131015	CpG: 86	846	86	525	20.3	62.1	1.06
1105	chr15	68234331	68235316	CpG: 124	985	124	634	25.2	64.4	1.22
1109	chr15	68800111	68800725	CpG: 68	614	68	349	22.1	56.8	1.37
1137	chr15	72417774	72419660	CpG: 180	1886	180	1220	19.1	64.7	0.92
1139	chr15	72681386	72681972	CpG: 44	586	44	338	15	57.7	0.9
1141	chr15	72929897	72930349	CpG: 38	452	38	269	16.8	59.5	0.96
1141	chr15	72932768	72932985	CpG: 24	217	24	154	22.1	71	0.88
1141	chr15	72939452	72939727	CpG: 30	275	30	175	21.8	63.6	1.08
1141	chr15	72962103	72962758	CpG: 88	655	88	469	26.9	71.6	1.05
1142	chr15	73055940	73057320	CpG: 154	1380	154	843	22.3	61.1	1.2
1144	chr15	73294409	73295310	CpG: 105	901	105	548	23.3	60.8	1.26
1144	chr15	73384199	73384685	CpG: 45	486	45	345	18.5	71	0.75
1145	chr15	73419251	73419500	CpG: 20	249	20	146	16.1	58.6	0.94
1145	chr15	73517122	73517841	CpG: 83	719	83	501	23.1	69.7	0.96
1146	chr15	73567681	73567959	CpG: 24	278	24	182	17.3	65.5	0.81
1146	chr15	73596501	73596879	CpG: 74	378	74	308	39.2	81.5	1.18
1146	chr15	73620044	73620474	CpG: 56	430	56	324	26	75.3	0.92
1147	chr15	73711218	73711819	CpG: 87	601	87	447	29	74.4	1.07
1152	chr15	74359110	74359664	CpG: 39	554	39	319	14.1	57.6	0.86
1152	chr15	74388415	74391478	CpG: 226	3063	226	2019	14.8	65.9	0.68
1152	chr15	74401080	74401387	CpG: 25	307	25	191	16.3	62.2	0.84
1152	chr15	74435361	74435950	CpG: 88	589	88	436	29.9	74	1.1
1153	chr15	74543787	74544652	CpG: 73	865	73	578	16.9	66.8	0.76
1154	chr15	74580872	74581443	CpG: 59	571	59	384	20.7	67.3	0.91
1154	chr15	74592839	74593712	CpG: 96	873	96	570	22	65.3	1.03
1154	chr15	74671547	74671802	CpG: 19	255	19	159	14.9	62.4	0.78
1155	chr15	74827286	74827699	CpG: 30	413	30	276	14.5	66.8	0.65
1160	chr15	75438313	75438911	CpG: 73	598	73	422	24.4	70.6	0.98
1160	chr15	75487975	75488800	CpG: 77	825	77	553	18.7	67	0.85
1161	chr15	75514110	75514371	CpG: 24	261	24	167	18.4	64	0.91
1161	chr15	75550473	75550734	CpG: 24	261	24	184	18.4	70.5	0.75
1161	chr15	75575830	75576389	CpG: 43	559	43	354	15.4	63.3	0.77
1161	chr15	75585116	75585349	CpG: 18	233	18	147	15.5	63.1	0.78
1161	chr15	75603453	75603860	CpG: 38	407	38	282	18.7	69.3	0.82
1161	chr15	75617900	75620275	CpG: 231	2375	231	1515	19.5	63.8	0.96
1162	chr15	75713403	75713944	CpG: 62	541	62	359	22.9	66.4	1.05
1162	chr15	75733975	75734289	CpG: 26	314	26	190	16.6	60.5	0.91
1162	chr15	75755941	75756199	CpG: 22	258	22	163	17.1	63.2	0.88
1163	chr15	75765796	75766212	CpG: 38	416	38	268	18.3	64.4	0.88
1163	chr15	75780674	75782700	CpG: 179	2026	179	1280	17.7	63.2	0.89
1163	chr15	75793147	75793400	CpG: 21	253	21	166	16.6	65.6	0.81
1163	chr15	75801337	75801791	CpG: 31	454	31	281	13.7	61.9	0.71
1163	chr15	75812721	75813322	CpG: 70	601	70	420	23.3	69.9	0.96
1163	chr15	75840906	75841358	CpG: 50	452	50	301	22.1	66.6	1
1163	chr15	75846575	75846972	CpG: 29	397	29	247	14.6	62.2	0.76
1163	chr15	75853297	75854074	CpG: 92	777	92	518	23.7	66.7	1.07
1163	chr15	75865526	75865797	CpG: 19	271	19	175	14	64.6	0.68
1163	chr15	75869371	75870849	CpG: 116	1478	116	995	15.7	67.3	0.7
1163	chr15	75874806	75876526	CpG: 109	1720	109	1094	12.7	63.6	0.63
1163	chr15	75880911	75881754	CpG: 66	843	66	511	15.7	60.6	0.87
1164	chr15	75906369	75906939	CpG: 52	570	52	380	18.2	66.7	0.83
1164	chr15	75940952	75941732	CpG: 90	780	90	504	23.1	64.6	1.11
1164	chr15	75952237	75952959	CpG: 84	722	84	462	23.3	64	1.14
1164	chr15	75962114	75962508	CpG: 28	394	28	257	14.2	65.2	0.69
1164	chr15	75963123	75963653	CpG: 45	530	45	297	17	56	1.1
1165	chr15	76056505	76056832	CpG: 26	327	26	212	15.9	64.8	0.76
1165	chr15	76057276	76057638	CpG: 28	362	28	210	15.5	58	0.92
1165	chr15	76058347	76059324	CpG: 62	977	62	604	12.7	61.8	0.66
1165	chr15	76060931	76066107	CpG: 334	5176	334	3256	12.9	62.9	0.67
1165	chr15	76067732	76067995	CpG: 22	263	22	167	16.7	63.5	0.85
1165	chr15	76082166	76082534	CpG: 30	368	30	249	16.3	67.7	0.73
1165	chr15	76113346	76114143	CpG: 68	797	68	534	17.1	67	0.76
1165	chr15	76116185	76117143	CpG: 68	958	68	620	14.2	64.7	0.68
1165	chr15	76130968	76131402	CpG: 46	434	46	309	21.2	71.2	0.84
1166	chr15	76178555	76179459	CpG: 60	904	60	554	13.3	61.3	0.71
1166	chr15	76211415	76211928	CpG: 50	513	50	315	19.5	61.4	1.04
1166	chr15	76215199	76215724	CpG: 47	525	47	340	17.9	64.8	0.86
1166	chr15	76216040	76216316	CpG: 22	276	22	173	15.9	62.7	0.82
1166	chr15	76227666	76228182	CpG: 65	516	65	377	25.2	73.1	0.95
1166	chr15	76234630	76235927	CpG: 110	1297	110	809	17	62.4	0.87
1166	chr15	76253038	76253795	CpG: 75	757	75	519	19.8	68.6	0.85
1166	chr15	76264419	76264723	CpG: 25	304	25	189	16.4	62.2	0.88
1167	chr15	76341592	76342275	CpG: 62	683	62	411	18.2	60.2	1
1167	chr15	76361362	76362111	CpG: 72	749	72	520	19.2	69.4	0.8
1167	chr15	76395770	76396271	CpG: 61	501	61	326	24.4	65.1	1.15
1167	chr15	76401781	76403987	CpG: 189	2206	189	1436	17.1	65.1	0.82
1167	chr15	76406204	76408089	CpG: 150	1885	150	1280	15.9	67.9	0.7
1168	chr15	76422246	76423219	CpG: 82	973	82	623	16.9	64	0.82
1168	chr15	76425063	76425294	CpG: 17	231	17	141	14.7	61	0.8
1168	chr15	76460491	76460751	CpG: 30	260	30	184	23.1	70.8	0.92
1168	chr15	76491500	76491894	CpG: 49	394	49	266	24.9	67.5	1.09
1168	chr15	76516019	76516340	CpG: 24	321	24	205	15	63.9	0.73
1168	chr15	76523977	76524227	CpG: 19	250	19	152	15.2	60.8	0.93
1168	chr15	76540594	76541448	CpG: 107	854	107	623	25.1	73	0.95
1168	chr15	76543885	76544105	CpG: 21	220	21	157	19.1	71.4	0.76
1168	chr15	76544300	76544951	CpG: 54	651	54	420	16.6	64.5	0.84
1169	chr15	76551137	76551510	CpG: 30	373	30	244	16.1	65.4	0.75
1169	chr15	76555745	76556144	CpG: 45	399	45	297	22.6	74.4	0.82
1169	chr15	76582062	76582282	CpG: 22	220	22	142	20	64.5	0.97
1169	chr15	76585686	76586068	CpG: 26	382	26	234	13.6	61.3	0.73
1169	chr15	76594337	76595199	CpG: 86	862	86	575	20	66.7	0.9
1169	chr15	76599689	76600173	CpG: 37	484	37	295	15.3	61	0.83
1169	chr15	76606337	76607134	CpG: 70	797	70	526	17.6	66	0.81
1169	chr15	76607603	76608259	CpG: 46	656	46	397	14	60.5	0.77
1169	chr15	76608921	76609295	CpG: 33	374	33	243	17.6	65	0.84
1170	chr15	76701313	76702547	CpG: 121	1234	121	871	19.6	70.6	0.83
1170	chr15	76755005	76755745	CpG: 63	740	63	489	17	66.1	0.78
1170	chr15	76763418	76763695	CpG: 22	277	22	171	15.9	61.7	0.87
1170	chr15	76788206	76788871	CpG: 61	665	61	404	18.3	60.8	1
1171	chr15	76809350	76809967	CpG: 60	617	60	433	19.4	70.2	0.79
1171	chr15	76832611	76833197	CpG: 47	586	47	356	16	60.8	0.87
1173	chr15	77190431	77191449	CpG: 98	1018	98	592	19.3	58.2	1.14
1174	chr15	77254315	77254525	CpG: 16	210	16	113	15.2	53.8	1.05
147	chr15	77725380	77726805	CpG: 133	1425	133	959	18.7	67.3	0.83
1178	chr15	77741899	77742145	CpG: 19	246	19	156	15.4	63.4	0.78
1178	chr15	77813041	77813338	CpG: 24	297	24	188	16.2	63.3	0.81
1178	chr15	77839911	77841035	CpG: 85	1124	85	727	15.1	64.7	0.72
1178	chr15	77854640	77855405	CpG: 72	765	72	483	18.8	63.1	0.94
1179	chr15	77879304	77879754	CpG: 40	450	40	300	17.8	66.7	0.84
1180	chr15	78003823	78004385	CpG: 52	562	52	373	18.5	66.4	0.84
1180	chr15	78058477	78058701	CpG: 16	224	16	135	14.3	60.3	0.79
1180	chr15	78088425	78088714	CpG: 28	289	28	204	19.4	70.6	0.78
1182	chr15	78289826	78290062	CpG: 21	236	21	148	17.8	62.7	0.91
1182	chr15	78290515	78290890	CpG: 28	375	28	227	14.9	60.5	0.82
1182	chr15	78294274	78294883	CpG: 64	609	64	393	21	64.5	1.02
1182	chr15	78312833	78313139	CpG: 34	306	34	227	22.2	74.2	0.83
1183	chr15	78423711	78424043	CpG: 30	332	30	214	18.1	64.5	0.88
1184	chr15	78556139	78556821	CpG: 45	682	45	440	13.2	64.5	0.65
1184	chr15	78557146	78557506	CpG: 25	360	25	219	13.9	60.8	0.75
1184	chr15	78596973	78597298	CpG: 37	325	37	197	22.8	60.6	1.24
1184	chr15	78602551	78603315	CpG: 65	764	65	487	17	63.7	0.87
1185	chr15	78683295	78683574	CpG: 19	279	19	187	13.6	67	0.63
1185	chr15	78686568	78687402	CpG: 119	834	119	637	28.5	76.4	1.01
1185	chr15	78704967	78705184	CpG: 27	217	27	149	24.9	68.7	1.06
1185	chr15	78726618	78727339	CpG: 78	721	78	495	21.6	68.7	0.93
1185	chr15	78731691	78731911	CpG: 16	220	16	138	14.5	62.7	0.77
1185	chr15	78761278	78762065	CpG: 93	787	93	539	23.6	68.5	1.01
1186	chr15	78783941	78784215	CpG: 28	274	28	197	20.4	71.9	0.79
1186	chr15	78797920	78798820	CpG: 129	900	129	646	28.7	71.8	1.11
1186	chr15	78812220	78812459	CpG: 20	239	20	155	16.7	64.9	0.8
1186	chr15	78819100	78819550	CpG: 42	450	42	273	18.7	60.7	1.01
1186	chr15	78831935	78832213	CpG: 24	278	24	175	17.3	62.9	0.87
1186	chr15	78851904	78852207	CpG: 25	303	25	193	16.5	63.7	0.94
1186	chr15	78866909	78867520	CpG: 53	611	53	372	17.3	60.9	0.94
1186	chr15	78877199	78877439	CpG: 22	240	22	160	18.3	66.7	0.83
1187	chr15	78912092	78913061	CpG: 104	969	104	698	21.5	72	0.83
1187	chr15	78914744	78915316	CpG: 49	572	49	361	17.1	63.1	0.87
1187	chr15	78926865	78927593	CpG: 102	728	102	518	28	71.2	1.13
1187	chr15	78946596	78947172	CpG: 75	576	75	408	26	70.8	1.05
1187	chr15	78959335	78959694	CpG: 42	359	42	248	23.4	69.1	0.98
1187	chr15	78993014	78993861	CpG: 101	847	101	592	23.8	69.9	0.98
1187	chr15	79025043	79025672	CpG: 58	629	58	396	18.4	63	0.93
1188	chr15	79047448	79048151	CpG: 64	703	64	457	18.2	65	0.86
1188	chr15	79113374	79113893	CpG: 44	519	44	343	17	66.1	0.78
1188	chr15	79136064	79136963	CpG: 84	899	84	611	18.7	68	0.81
1188	chr15	79145272	79146222	CpG: 89	950	89	660	18.7	69.5	0.78
1188	chr15	79154628	79154840	CpG: 20	212	20	143	18.9	67.5	0.83
1189	chr15	79212375	79212689	CpG: 31	314	31	210	19.7	66.9	0.91
1189	chr15	79231509	79232222	CpG: 69	713	69	438	19.4	61.4	1.03
1189	chr15	79241513	79242016	CpG: 68	503	68	355	27	70.6	1.1
1189	chr15	79287017	79287650	CpG: 67	633	67	415	21.2	65.6	1
1190	chr15	79325692	79326416	CpG: 95	724	95	513	26.2	70.9	1.08
1190	chr15	79369525	79369996	CpG: 36	471	36	287	15.3	60.9	0.83
1190	chr15	79389349	79390346	CpG: 106	997	106	642	21.3	64.4	1.04
1190	chr15	79395773	79396217	CpG: 48	444	48	292	21.6	65.8	1.02
1190	chr15	79400478	79400959	CpG: 58	481	58	337	24.1	70.1	0.99
1191	chr15	79430199	79431342	CpG: 120	1143	120	713	21	62.4	1.08
1191	chr15	79489087	79489320	CpG: 28	233	28	147	24	63.1	1.26
1191	chr15	79542856	79543621	CpG: 61	765	61	473	15.9	61.8	0.84
1191	chr15	79554960	79555575	CpG: 57	615	57	377	18.5	61.3	0.99
1192	chr15	79571531	79572421	CpG: 112	890	112	634	25.2	71.2	0.99
1192	chr15	79574960	79575606	CpG: 83	646	83	459	25.7	71.1	1.02
1192	chr15	79626340	79627081	CpG: 96	741	96	506	25.9	68.3	1.12
1192	chr15	79658428	79658828	CpG: 36	400	36	267	18	66.8	0.81
1192	chr15	79687982	79689166	CpG: 141	1184	141	805	23.8	68	1.03
1193	chr15	79712805	79713222	CpG: 36	417	36	278	17.3	66.7	0.79
1193	chr15	79718218	79718702	CpG: 46	484	46	298	19	61.6	1
1193	chr15	79767610	79767836	CpG: 23	226	23	161	20.4	71.2	0.81
1193	chr15	79811978	79812249	CpG: 24	271	24	181	17.7	66.8	0.79
1193	chr15	79816586	79817002	CpG: 57	416	57	306	27.4	73.6	1.02
1193	chr15	79817630	79817839	CpG: 17	209	17	131	16.3	62.7	0.84
1194	chr15	79885838	79886057	CpG: 20	219	20	145	18.3	66.2	0.84
1194	chr15	79896535	79899006	CpG: 194	2471	194	1589	15.7	64.3	0.76
1195	chr15	79967360	79967786	CpG: 36	426	36	237	16.9	55.6	1.09
1195	chr15	79975312	79976084	CpG: 67	772	67	471	17.4	61	0.93
1195	chr15	80017218	80017792	CpG: 60	574	60	391	20.9	68.1	0.9
1195	chr15	80057439	80058397	CpG: 112	958	112	666	23.4	69.5	0.97
1196	chr15	80095559	80096157	CpG: 46	598	46	374	15.4	62.5	0.79
1196	chr15	80096323	80096590	CpG: 19	267	19	163	14.2	61	0.77
1196	chr15	80118077	80118622	CpG: 52	545	52	350	19.1	64.2	0.94
1196	chr15	80139295	80140337	CpG: 104	1042	104	684	20	65.6	0.93
1196	chr15	80148106	80148659	CpG: 56	553	56	366	20.3	66.2	0.93
1196	chr15	80171325	80171611	CpG: 41	286	41	214	28.7	74.8	1.05
1196	chr15	80171844	80172582	CpG: 53	738	53	468	14.4	63.4	0.72
1197	chr15	80256367	80256857	CpG: 37	490	37	330	15.1	67.3	0.67
1199	chr15	80555632	80556340	CpG: 66	708	66	478	18.6	67.5	0.82
1199	chr15	80595164	80596350	CpG: 138	1186	138	828	23.3	69.8	1
1201	chr15	80832314	80832959	CpG: 52	645	52	395	16.1	61.2	0.86
1201	chr15	80861928	80862452	CpG: 52	524	52	334	19.8	63.7	0.98
1203	chr15	81074367	81075238	CpG: 84	871	84	592	19.3	68	0.84
1204	chr15	81244771	81245147	CpG: 27	376	27	231	14.4	61.4	0.78
1205	chr15	81283536	81284367	CpG: 65	831	65	522	15.6	62.8	0.8
1205	chr15	81350398	81351158	CpG: 59	760	59	488	15.5	64.2	0.8
1206	chr15	81407204	81407606	CpG: 33	402	33	281	16.4	69.9	0.67
1206	chr15	81469326	81470975	CpG: 148	1649	148	1022	18	62	0.94
1207	chr15	81548045	81548301	CpG: 26	256	26	164	20.3	64.1	1.02
1207	chr15	81548484	81548726	CpG: 18	242	18	138	14.9	57	0.92
1207	chr15	81577773	81579245	CpG: 141	1472	141	999	19.2	67.9	0.84
1207	chr15	81613486	81614411	CpG: 84	925	84	591	18.2	63.9	0.89
1207	chr15	81629215	81630232	CpG: 96	1017	96	676	18.9	66.5	0.87
1207	chr15	81655991	81656213	CpG: 20	222	20	125	18	56.3	1.16
1208	chr15	81694802	81695955	CpG: 109	1153	109	733	18.9	63.6	0.94
1208	chr15	81740369	81740586	CpG: 16	217	16	132	14.7	60.8	0.81
1208	chr15	81741986	81742754	CpG: 63	768	63	489	16.4	63.7	0.81
1208	chr15	81743268	81743472	CpG: 21	204	21	135	20.6	66.2	0.94
1208	chr15	81743845	81744078	CpG: 18	233	18	126	15.5	54.1	1.1
1208	chr15	81756517	81756963	CpG: 39	446	39	285	17.5	63.9	0.86
1209	chr15	81810027	81810578	CpG: 50	551	50	372	18.1	67.5	0.8
1209	chr15	81844482	81845282	CpG: 77	800	77	540	19.2	67.5	0.85
1209	chr15	81864660	81865019	CpG: 30	359	30	218	16.7	60.7	0.92
1209	chr15	81900098	81900780	CpG: 69	682	69	461	20.2	67.6	0.91
1210	chr15	81931362	81931850	CpG: 55	488	55	314	22.5	64.3	1.11
1210	chr15	81954205	81954510	CpG: 40	305	40	216	26.2	70.8	1.05
1210	chr15	82011854	82012549	CpG: 65	695	65	453	18.7	65.2	0.88
1210	chr15	82031086	82032159	CpG: 106	1073	106	652	19.8	60.8	1.08
1211	chr15	82091359	82092090	CpG: 65	731	65	491	17.8	67.2	0.81
1211	chr15	82096060	82096959	CpG: 111	899	111	607	24.7	67.5	1.08
1211	chr15	82108381	82108604	CpG: 18	223	18	143	16.1	64.1	0.79
1211	chr15	82128343	82128995	CpG: 60	652	60	416	18.4	63.8	0.9
1211	chr15	82159144	82159661	CpG: 70	517	70	395	27.1	76.4	0.94
1212	chr15	82222955	82223280	CpG: 36	325	36	223	22.2	68.6	0.95
1212	chr15	82225192	82225614	CpG: 44	422	44	309	20.9	73.2	0.79
1212	chr15	82230060	82230511	CpG: 47	451	47	302	20.8	67	0.95
1212	chr15	82238124	82238876	CpG: 68	752	68	483	18.1	64.2	0.88
1216	chr15	82782994	82784208	CpG: 124	1214	124	799	20.4	65.8	0.96
1216	chr15	82795828	82796182	CpG: 31	354	31	254	17.5	71.8	0.7
1217	chr15	82847443	82848224	CpG: 121	781	121	620	31	79.4	0.99
1217	chr15	82871401	82871725	CpG: 28	324	28	211	17.3	65.1	0.88
1217	chr15	82940732	82941038	CpG: 22	306	22	191	14.4	62.4	0.74
1218	chr15	83006558	83007063	CpG: 49	505	49	336	19.4	66.5	0.88
1218	chr15	83033051	83033632	CpG: 73	581	73	420	25.1	72.3	0.97
1218	chr15	83055914	83056575	CpG: 63	661	63	445	19.1	67.3	0.85
1219	chr15	83135284	83136029	CpG: 71	745	71	521	19.1	69.9	0.79
1220	chr15	83234151	83234740	CpG: 57	589	57	377	19.4	64	0.94
1220	chr15	83251064	83251734	CpG: 63	670	63	437	18.8	65.2	0.91
1220	chr15	83348372	83348754	CpG: 57	382	57	285	29.8	74.6	1.09
1221	chr15	83373724	83373934	CpG: 20	210	20	121	19	57.6	1.22
1221	chr15	83395017	83395235	CpG: 27	218	27	145	24.8	66.5	1.15
1221	chr15	83410806	83411746	CpG: 70	940	70	580	14.9	61.7	0.78
1221	chr15	83439442	83439912	CpG: 46	470	46	308	19.6	65.5	0.92
1221	chr15	83478890	83479468	CpG: 59	578	59	378	20.4	65.4	0.96
1222	chr15	83608683	83609439	CpG: 91	756	91	537	24.1	71	0.95
1223	chr15	83663769	83664569	CpG: 100	800	100	513	25	64.1	1.23
1225	chr15	83989604	83990130	CpG: 64	526	64	367	24.3	69.8	1
1226	chr15	84051958	84052492	CpG: 49	534	49	352	18.4	65.9	0.85
1226	chr15	84076263	84076689	CpG: 37	426	37	283	17.4	66.4	0.8
1226	chr15	84116113	84116534	CpG: 42	421	42	300	20	71.3	0.79
1228	chr15	84290750	84290956	CpG: 15	206	15	127	14.6	61.7	0.77
1228	chr15	84330218	84330798	CpG: 88	580	88	456	30.3	78.6	1.01
1229	chr15	84441617	84442077	CpG: 52	460	52	327	22.6	71.1	0.9
1230	chr15	84547335	84547614	CpG: 41	279	41	210	29.4	75.3	1.09
1230	chr15	84565105	84565915	CpG: 94	810	94	586	23.2	72.3	0.89
1231	chr15	84737664	84740587	CpG: 269	2923	269	1891	18.4	64.7	0.88
1232	chr15	84807162	84808269	CpG: 118	1107	118	726	21.3	65.6	0.99
1232	chr15	84871757	84872438	CpG: 86	681	86	439	25.3	64.5	1.26
1232	chr15	84921000	84921484	CpG: 65	484	65	342	26.9	70.7	1.1
1233	chr15	85015866	85016381	CpG: 49	515	49	329	19	63.9	0.94
1234	chr15	85090099	85090591	CpG: 50	492	50	337	20.3	68.5	0.88
1235	chr15	85220323	85221100	CpG: 65	777	65	515	16.7	66.3	0.76
1236	chr15	85394766	85394967	CpG: 17	201	17	129	16.9	64.2	0.83
1236	chr15	85421542	85421990	CpG: 42	448	42	294	18.8	65.6	0.87
1236	chr15	85427906	85428108	CpG: 18	202	18	127	17.8	62.9	0.92
1237	chr15	85460499	85462345	CpG: 128	1846	128	1106	13.9	59.9	0.77
1237	chr15	85464612	85466084	CpG: 158	1472	158	969	21.5	65.8	1
1237	chr15	85509827	85510363	CpG: 70	536	70	393	26.1	73.3	0.97
1237	chr15	85518623	85519234	CpG: 53	611	53	412	17.3	67.4	0.77
1237	chr15	85530175	85530509	CpG: 26	334	26	212	15.6	63.5	0.78
1237	chr15	85544962	85545297	CpG: 34	335	34	232	20.3	69.3	0.85
1237	chr15	85554533	85556301	CpG: 244	1768	244	1299	27.6	73.5	1.02
1238	chr15	85619025	85620280	CpG: 120	1255	120	887	19.1	70.7	0.77
1238	chr15	85695350	85696156	CpG: 58	806	58	499	14.4	61.9	0.78
1238	chr15	85705637	85706095	CpG: 56	458	56	346	24.5	75.5	0.86
1239	chr15	85743880	85744245	CpG: 36	365	36	239	19.7	65.5	0.93
1239	chr15	85763197	85763654	CpG: 42	457	42	281	18.4	61.5	0.98
1240	chr15	85862843	85863239	CpG: 30	396	30	242	15.2	61.1	0.83
1240	chr15	85915409	85915878	CpG: 35	469	35	284	14.9	60.6	0.82
1240	chr15	85916666	85918400	CpG: 176	1734	176	1146	20.3	66.1	0.93
1240	chr15	85942687	85943292	CpG: 92	605	92	461	30.4	76.2	1.05
1241	chr15	86069490	86070022	CpG: 58	532	58	340	21.8	63.9	1.07
1241	chr15	86098085	86098919	CpG: 75	834	75	540	18	64.7	0.86
1252	chr15	87428215	87429434	CpG: 135	1219	135	820	22.1	67.3	0.98
1252	chr15	87508271	87509907	CpG: 220	1636	220	1166	26.9	71.3	1.06
1261	chr15	88617348	88618539	CpG: 158	1191	158	756	26.5	63.5	1.33
1261	chr15	88635372	88636627	CpG: 151	1255	151	826	24.1	65.8	1.11
1261	chr15	88703252	88704320	CpG: 100	1068	100	684	18.7	64	0.92
1261	chr15	88721635	88721841	CpG: 19	206	19	145	18.4	70.4	0.75
1262	chr15	88746028	88748067	CpG: 232	2039	232	1334	22.8	65.4	1.07
1262	chr15	88774863	88775184	CpG: 28	321	28	222	17.4	69.2	0.73
1262	chr15	88838651	88839206	CpG: 51	555	51	375	18.4	67.6	0.83
1263	chr15	88866952	88867372	CpG: 30	420	30	274	14.3	65.2	0.68
1263	chr15	88943883	88944554	CpG: 80	671	80	475	23.8	70.8	0.96
1263	chr15	88951784	88952817	CpG: 79	1033	79	626	15.3	60.6	0.84
1263	chr15	88959964	88960352	CpG: 42	388	42	234	21.6	60.3	1.19
1263	chr15	88960437	88960662	CpG: 16	225	16	146	14.2	64.9	0.68
1263	chr15	88973173	88973956	CpG: 91	783	91	533	23.2	68.1	1
1264	chr15	89007131	89007423	CpG: 33	292	33	197	22.6	67.5	1.04
1264	chr15	89012659	89012985	CpG: 24	326	24	193	14.7	59.2	0.85
1264	chr15	89024292	89024995	CpG: 64	703	64	479	18.2	68.1	0.8
1264	chr15	89030651	89031180	CpG: 41	529	41	332	15.5	62.8	0.79
1264	chr15	89033474	89033792	CpG: 38	318	38	232	23.9	73	0.92
1264	chr15	89044641	89045313	CpG: 46	672	46	415	13.7	61.8	0.72
1264	chr15	89051660	89051912	CpG: 25	252	25	164	19.8	65.1	0.94
1264	chr15	89057251	89057903	CpG: 57	652	57	438	17.5	67.2	0.78
1264	chr15	89064530	89065446	CpG: 93	916	93	591	20.3	64.5	0.98
1264	chr15	89080488	89080844	CpG: 43	356	43	250	24.2	70.2	0.98
1264	chr15	89095502	89096153	CpG: 60	651	60	373	18.4	57.3	1.13
1265	chr15	89198861	89199753	CpG: 86	892	86	616	19.3	69.1	0.82
1265	chr15	89239520	89240239	CpG: 56	719	56	465	15.6	64.7	0.75
1265	chr15	89257714	89258378	CpG: 68	664	68	440	20.5	66.3	0.93
1266	chr15	89262816	89263361	CpG: 45	545	45	360	16.5	66.1	0.76
1266	chr15	89313516	89314188	CpG: 66	672	66	443	19.6	65.9	0.91
1266	chr15	89337852	89338529	CpG: 61	677	61	433	18	64	0.92
1266	chr15	89341518	89341755	CpG: 20	237	20	152	16.9	64.1	0.82
1266	chr15	89360275	89360652	CpG: 32	377	32	247	17	65.5	0.85
1266	chr15	89382909	89384547	CpG: 168	1638	168	1117	20.5	68.2	0.89
1267	chr15	89407777	89408485	CpG: 99	708	99	498	28	70.3	1.14
1267	chr15	89431863	89432683	CpG: 74	820	74	567	18	69.1	0.77
1267	chr15	89441975	89442624	CpG: 65	649	65	458	20	70.6	0.81
1267	chr15	89475576	89476156	CpG: 53	580	53	354	18.3	61	1
1269	chr15	89725724	89726244	CpG: 52	520	52	358	20	68.8	0.84
1272	chr15	90108312	90108842	CpG: 41	530	41	313	15.5	59.1	0.92
1275	chr15	90563288	90564381	CpG: 79	1093	79	657	14.5	60.1	0.8
1278	chr15	90835367	90835582	CpG: 15	215	15	127	14	59.1	0.84
1278	chr15	90933351	90934250	CpG: 109	899	109	635	24.2	70.6	0.97
1279	chr15	91083635	91083869	CpG: 22	234	22	160	18.8	68.4	0.82
1282	chr15	91456612	91457490	CpG: 120	878	120	662	27.3	75.4	0.96
1289	chr15	92294803	92295381	CpG: 58	578	58	408	20.1	70.6	0.82
1295	chr15	93172695	93173071	CpG: 39	376	39	217	20.7	57.7	1.28
1295	chr15	93173275	93173656	CpG: 32	381	32	228	16.8	59.8	0.94
1296	chr15	93233953	93235255	CpG: 165	1302	165	837	25.3	64.3	1.23
1296	chr15	93296024	93296268	CpG: 45	244	45	184	36.9	75.4	1.3
1297	chr15	93398512	93398916	CpG: 33	404	33	232	16.3	57.4	1
1297	chr15	93401090	93401544	CpG: 33	454	33	270	14.5	59.5	0.82
1297	chr15	93416896	93417482	CpG: 74	586	74	407	25.3	69.5	1.06
1298	chr15	93493183	93493947	CpG: 109	764	109	589	28.5	77.1	0.96
1304	chr15	94301109	94302556	CpG: 127	1447	127	971	17.6	67.1	0.79
1305	chr15	94421107	94421419	CpG: 26	312	26	184	16.7	59	0.97
1305	chr15	94441145	94441890	CpG: 58	745	58	491	15.6	65.9	0.72
1305	chr15	94487218	94487758	CpG: 50	540	50	335	18.5	62	0.96
1306	chr15	94526780	94527408	CpG: 81	628	81	427	25.8	68	1.12
1310	chr15	95126710	95127133	CpG: 28	423	28	255	13.2	60.3	0.73
1313	chr15	95425627	95426593	CpG: 92	966	92	604	19	62.5	0.98
1314	chr15	95552149	95552596	CpG: 41	447	41	323	18.3	72.3	0.71
1315	chr15	95688353	95689214	CpG: 73	861	73	516	17	59.9	0.94
1318	chr15	96182767	96186391	CpG: 364	3624	364	2182	20.1	60.2	1.11
1320	chr15	96357834	96359292	CpG: 194	1458	194	1038	26.6	71.2	1.05
1321	chr15	96538903	96540925	CpG: 163	2022	163	1219	16.1	60.3	0.89
1321	chr15	96596617	96597871	CpG: 134	1254	134	762	21.4	60.8	1.15
1322	chr15	96607355	96607980	CpG: 65	625	65	443	20.8	70.9	0.85
1322	chr15	96664653	96664872	CpG: 20	219	20	137	18.3	62.6	0.96
1324	chr15	96952329	96952738	CpG: 36	409	36	284	17.6	69.4	0.79
1326	chr15	97144830	97145719	CpG: 117	889	117	626	26.3	70.4	1.06
1326	chr15	97221408	97221649	CpG: 21	241	21	140	17.4	58.1	1.04
1329	chr15	97603309	97603793	CpG: 60	484	60	353	24.8	72.9	0.96
1330	chr15	97682164	97682843	CpG: 63	679	63	428	18.6	63	0.93
1330	chr15	97728865	97729744	CpG: 115	879	115	689	26.2	78.4	0.86
1331	chr15	97805858	97806165	CpG: 22	307	22	195	14.3	63.5	0.75
1331	chr15	97861960	97862312	CpG: 41	352	41	223	23.3	63.4	1.18
1331	chr15	97899771	97900203	CpG: 34	432	34	266	15.7	61.6	0.84
1331	chr15	97902274	97902774	CpG: 48	500	48	361	19.2	72.2	0.74
1332	chr15	97990683	97991523	CpG: 75	840	75	552	17.9	65.7	0.83
1333	chr15	98043080	98043724	CpG: 69	644	69	457	21.4	71	0.85
1333	chr15	98065661	98066617	CpG: 74	956	74	633	15.5	66.2	0.71
1333	chr15	98154713	98154947	CpG: 18	234	18	147	15.4	62.8	0.78
1334	chr15	98193819	98194180	CpG: 46	361	46	277	25.5	76.7	0.88
1335	chr15	98335371	98335615	CpG: 17	244	17	133	13.9	54.5	0.99
1335	chr15	98431533	98432370	CpG: 83	837	83	531	19.8	63.4	0.99
1336	chr15	98465123	98466114	CpG: 102	991	102	618	20.6	62.4	1.06
1336	chr15	98507050	98507995	CpG: 94	945	94	675	19.9	71.4	0.81
1336	chr15	98532452	98533230	CpG: 93	778	93	553	23.9	71.1	0.96
1336	chr15	98560544	98560903	CpG: 37	359	37	242	20.6	67.4	0.94
1337	chr15	98575038	98575363	CpG: 27	325	27	215	16.6	66.2	0.76
1337	chr15	98660314	98661293	CpG: 91	979	91	698	18.6	71.3	0.75
1337	chr15	98670426	98670733	CpG: 24	307	24	198	15.6	64.5	0.75
1337	chr15	98674289	98674625	CpG: 41	336	41	246	24.4	73.2	0.92
1337	chr15	98675685	98676176	CpG: 41	491	41	300	16.7	61.1	0.93
1337	chr15	98687463	98688039	CpG: 45	576	45	389	15.6	67.5	0.69
1337	chr15	98689552	98689855	CpG: 31	303	31	197	20.5	65	0.97
1337	chr15	98690334	98690812	CpG: 62	478	62	330	25.9	69	1.1
1338	chr15	98701949	98702189	CpG: 25	240	25	159	20.8	66.2	0.96
1338	chr15	98703248	98703994	CpG: 69	746	69	492	18.5	66	0.85
1338	chr15	98704747	98705933	CpG: 81	1186	81	732	13.7	61.7	0.72
1338	chr15	98728661	98729391	CpG: 52	730	52	434	14.2	59.5	0.81
1338	chr15	98769154	98770242	CpG: 119	1088	119	757	21.9	69.6	0.9
1338	chr15	98778956	98779352	CpG: 38	396	38	238	19.2	60.1	1.06
1338	chr15	98791907	98792429	CpG: 69	522	69	364	26.4	69.7	1.09
1338	chr15	98792703	98792955	CpG: 24	252	24	147	19	58.3	1.12
1338	chr15	98795863	98796085	CpG: 21	222	21	143	18.9	64.4	0.92
1338	chr15	98815481	98816209	CpG: 73	728	73	497	20.1	68.3	0.86
1339	chr15	98831771	98832564	CpG: 87	793	87	535	21.9	67.5	0.96
1339	chr15	98850901	98851450	CpG: 46	549	46	346	16.8	63	0.85
1339	chr15	98891046	98891277	CpG: 23	231	23	138	19.9	59.7	1.15
1339	chr15	98903995	98904213	CpG: 20	218	20	136	18.3	62.4	0.95
1339	chr15	98928091	98928548	CpG: 39	457	39	286	17.1	62.6	0.87
1339	chr15	98953008	98953520	CpG: 50	512	50	346	19.5	67.6	0.87
1339	chr15	98954731	98955039	CpG: 25	308	25	192	16.2	62.3	0.87
1340	chr15	98972484	98972833	CpG: 29	349	29	215	16.6	61.6	0.89
1340	chr15	98985077	98986432	CpG: 103	1355	103	901	15.2	66.5	0.69
1340	chr15	98991503	98991840	CpG: 35	337	35	234	20.8	69.4	0.86
1340	chr15	98994426	98996292	CpG: 136	1866	136	1118	14.6	59.9	0.81
1340	chr15	99024025	99025125	CpG: 144	1100	144	781	26.2	71	1.08
1341	chr15	99121602	99122933	CpG: 127	1331	127	929	19.1	69.8	0.78
1341	chr15	99149556	99150103	CpG: 49	547	49	340	17.9	62.2	0.94
1341	chr15	99192688	99193421	CpG: 68	733	68	503	18.6	68.6	0.81
1342	chr15	99267813	99268473	CpG: 81	660	81	498	24.5	75.5	0.86
1342	chr15	99290717	99291371	CpG: 54	654	54	415	16.5	63.5	0.84
1342	chr15	99323649	99323931	CpG: 20	282	20	178	14.2	63.1	0.71
1343	chr15	99354979	99356026	CpG: 73	1047	73	656	13.9	62.7	0.71
1343	chr15	99368274	99368673	CpG: 27	399	27	230	13.5	57.6	0.82
1343	chr15	99372255	99372657	CpG: 41	402	41	277	20.4	68.9	0.86
1343	chr15	99481633	99482119	CpG: 41	486	41	324	16.9	66.7	0.76
1344	chr15	99488343	99489080	CpG: 103	737	103	556	28	75.4	0.98
1344	chr15	99549185	99549652	CpG: 61	467	61	326	26.1	69.8	1.12
1344	chr15	99568139	99568985	CpG: 95	846	95	589	22.5	69.6	0.93
1344	chr15	99599924	99600434	CpG: 64	510	64	382	25.1	74.9	0.9
1345	chr15	99623509	99623762	CpG: 27	253	27	171	21.3	67.6	0.96
1345	chr15	99669731	99670572	CpG: 86	841	86	604	20.5	71.8	0.84
1345	chr15	99678652	99678856	CpG: 17	204	17	129	16.7	63.2	0.85
1346	chr15	99773123	99773457	CpG: 46	334	46	244	27.5	73.1	1.04
1346	chr15	99870355	99871614	CpG: 115	1259	115	771	18.3	61.2	1
1347	chr15	99936418	99937210	CpG: 74	792	74	489	18.7	61.7	0.98
1348	chr15	100125504	100126504	CpG: 133	1000	133	653	26.6	65.3	1.25
1349	chr15	100178732	100178955	CpG: 17	223	17	153	15.2	68.6	0.65
1349	chr15	100202850	100203106	CpG: 19	256	19	154	14.8	60.2	0.82
1350	chr15	100320357	100321399	CpG: 106	1042	106	715	20.3	68.6	0.87
1350	chr15	100366384	100367301	CpG: 95	917	95	627	20.7	68.4	0.89
1350	chr15	100392662	100393384	CpG: 77	722	77	521	21.3	72.2	0.83
1351	chr15	100449279	100450150	CpG: 83	871	83	567	19.1	65.1	0.93
1351	chr15	100497257	100498124	CpG: 79	867	79	562	18.2	64.8	0.87
1351	chr15	100512414	100514148	CpG: 168	1734	168	1118	19.4	64.5	0.95
1352	chr15	100534388	100535015	CpG: 90	627	90	483	28.7	77	0.97
1352	chr15	100626869	100627621	CpG: 64	752	64	505	17	67.2	0.76
1352	chr15	100659461	100660121	CpG: 69	660	69	482	20.9	73	0.78
1353	chr15	100666360	100666684	CpG: 26	324	26	214	16	66	0.77
1354	chr15	100881638	100881913	CpG: 35	275	35	168	25.5	61.1	1.36
1355	chr15	100937455	100937696	CpG: 21	241	21	138	17.4	57.3	1.1
1355	chr15	100937953	100938301	CpG: 25	348	25	201	14.4	57.8	0.86
1355	chr15	100944095	100945310	CpG: 112	1215	112	765	18.4	63	0.93
1355	chr15	100950554	100952221	CpG: 240	1667	240	1259	28.8	75.5	1.01
1355	chr15	100975611	100976943	CpG: 107	1332	107	840	16.1	63.1	0.81
1356	chr15	101071521	101072528	CpG: 124	1007	124	725	24.6	72	0.96
1356	chr15	101121971	101122661	CpG: 59	690	59	438	17.1	63.5	0.86
1356	chr15	101129440	101129866	CpG: 48	426	48	276	22.5	64.8	1.09
1356	chr15	101144219	101144580	CpG: 42	361	42	245	23.3	67.9	1.02
1356	chr15	101151858	101152349	CpG: 54	491	54	291	22	59.3	1.28
1356	chr15	101164326	101164957	CpG: 65	631	65	421	20.6	66.7	0.93
1356	chr15	101181677	101182369	CpG: 64	692	64	432	18.5	62.4	0.95
1357	chr15	101310091	101310698	CpG: 51	607	51	403	16.8	66.4	0.76
1358	chr15	101336422	101336902	CpG: 44	480	44	324	18.3	67.5	0.81
1358	chr15	101377153	101377418	CpG: 21	265	21	178	15.8	67.2	0.7
1358	chr15	101389122	101389352	CpG: 16	230	16	151	13.9	65.7	0.65
1363	chr15	101982035	101983066	CpG: 114	1031	114	699	22.1	67.8	0.96
1363	chr15	102008893	102009232	CpG: 40	339	40	259	23.6	76.4	0.81
1363	chr15	102044310	102044951	CpG: 68	641	68	460	21.2	71.8	0.83
1363	chr15	102053004	102053318	CpG: 31	314	31	213	19.7	67.8	0.87
1364	chr15	102111875	102112646	CpG: 93	771	93	506	24.1	65.6	1.14
1364	chr15	102132973	102133181	CpG: 26	208	26	156	25	75	0.91
1364	chr15	102154536	102154848	CpG: 27	312	27	216	17.3	69.2	0.73
1364	chr15	102155409	102155659	CpG: 29	250	29	173	23.2	69.2	1.04
1364	chr15	102156138	102156446	CpG: 28	308	28	174	18.2	56.5	1.14
1364	chr15	102165687	102165912	CpG: 24	225	24	155	21.3	68.9	0.9
1364	chr15	102187729	102188225	CpG: 59	496	59	367	23.8	74	0.89
1364	chr15	102204574	102204935	CpG: 36	361	36	228	19.9	63.2	1.02
1364	chr15	102234481	102234806	CpG: 30	325	30	205	18.5	63.1	0.94
1365	chr15	102240102	102240463	CpG: 32	361	32	222	17.7	61.5	0.95
1365	chr15	102258862	102259325	CpG: 51	463	51	299	22	64.6	1.06
1365	chr15	102263956	102264727	CpG: 65	771	65	532	16.9	69	0.71
1365	chr15	102266634	102266965	CpG: 25	331	25	207	15.1	62.5	0.77
1365	chr15	102313746	102315335	CpG: 111	1589	111	947	14	59.6	0.81
1366	chr15	102378747	102379679	CpG: 81	932	81	507	17.4	54.4	1.19
1366	chr15	102418939	102419358	CpG: 35	419	35	286	16.7	68.3	0.72
1366	chr15	102425014	102425569	CpG: 41	555	41	349	14.8	62.9	0.81
1366	chr15	102426495	102427104	CpG: 52	609	52	389	17.1	63.9	0.85
1367	chr15	102533673	102534103	CpG: 39	430	39	289	18.1	67.2	0.8
1367	chr15	102579179	102579592	CpG: 48	413	48	288	23.2	69.7	0.97
1367	chr15	102580300	102580888	CpG: 50	588	50	369	17	62.8	0.87
1367	chr15	102601341	102601659	CpG: 40	318	40	226	25.2	71.1	1
1368	chr15	102645851	102646062	CpG: 19	211	19	130	18	61.6	0.96
1368	chr15	102654981	102655927	CpG: 88	946	88	625	18.6	66.1	0.86
1369	chr15	102829761	102830237	CpG: 48	476	48	337	20.2	70.8	0.82
1369	chr15	102835622	102835954	CpG: 29	332	29	194	17.5	58.4	1.04
1369	chr15	102845269	102845891	CpG: 68	622	68	418	21.9	67.2	0.97
1369	chr15	102851361	102851694	CpG: 38	333	38	217	22.8	65.2	1.08
1369	chr15	102862752	102863659	CpG: 71	907	71	536	15.7	59.1	0.92
1369	chr15	102864738	102864984	CpG: 19	246	19	157	15.4	63.8	0.76
1369	chr15	102874936	102876097	CpG: 74	1161	74	708	12.7	61	0.69
1369	chr15	102890082	102890741	CpG: 80	659	80	454	24.3	68.9	1.03
1370	chr15	102898901	102899490	CpG: 55	589	55	388	18.7	65.9	0.86
1370	chr15	102919169	102919411	CpG: 23	242	23	143	19	59.1	1.09
1370	chr15	102922632	102923759	CpG: 82	1127	82	693	14.6	61.5	0.77
1370	chr15	102935896	102936246	CpG: 27	350	27	205	15.4	58.6	0.94
1370	chr15	102941167	102941393	CpG: 19	226	19	117	16.8	51.8	1.26
1370	chr15	102943186	102943451	CpG: 22	265	22	163	16.6	61.5	0.91
1370	chr15	102944157	102944393	CpG: 20	236	20	149	16.9	63.1	0.88
1370	chr15	102967802	102968055	CpG: 19	253	19	140	15	55.3	1.02
1370	chr15	102994350	102995225	CpG: 71	875	71	566	16.2	64.7	0.78
1370	chr15	103010572	103011049	CpG: 36	477	36	302	15.1	63.3	0.75
1371	chr15	103055186	103055577	CpG: 52	391	52	274	26.6	70.1	1.08
1371	chr15	103077341	103077801	CpG: 33	460	33	250	14.3	54.3	0.98
1371	chr15	103078556	103078850	CpG: 25	294	25	198	17	67.3	0.76
1371	chr15	103090691	103091110	CpG: 40	419	40	300	19.1	71.6	0.75
1371	chr15	103147804	103149147	CpG: 97	1343	97	729	14.4	54.3	0.98
1372	chr15	103213499	103214055	CpG: 61	556	61	348	21.9	62.6	1.12
1372	chr15	103222444	103222674	CpG: 18	230	18	150	15.7	65.2	0.81
1372	chr15	103231643	103232011	CpG: 39	368	39	273	21.2	74.2	0.84
1372	chr15	103248368	103248684	CpG: 29	316	29	233	18.4	73.7	0.71
1372	chr15	103274521	103275158	CpG: 60	637	60	451	18.8	70.8	0.76
1373	chr15	103411217	103411541	CpG: 35	324	35	222	21.6	68.5	0.93
1374	chr15	103446109	103446602	CpG: 47	493	47	350	19.1	71	0.76
1377	chr15	103857451	103857661	CpG: 22	210	22	136	21	64.8	1
612	chr16	3561811	3562468	CpG: 52	657	52	420	15.8	63.9	0.78
613	chr16	3690124	3690592	CpG: 35	468	35	292	15	62.4	0.77
613	chr16	3702078	3702859	CpG: 87	781	87	549	22.3	70.3	0.9
613	chr16	3726782	3727108	CpG: 26	326	26	217	16	66.6	0.72
614	chr16	3821398	3821851	CpG: 46	453	46	292	20.3	64.5	0.98
614	chr16	3895330	3895923	CpG: 50	593	50	350	16.9	59	0.97
615	chr16	4030698	4032370	CpG: 178	1672	178	1032	21.3	61.7	1.13
616	chr16	4085821	4086131	CpG: 24	310	24	211	15.5	68.1	0.67
617	chr16	4237500	4238562	CpG: 134	1062	134	764	25.2	71.9	1
617	chr16	4292862	4293160	CpG: 29	298	29	186	19.5	62.4	1
618	chr16	4359592	4359844	CpG: 30	252	30	174	23.8	69	1
618	chr16	4376461	4377245	CpG: 66	784	66	502	16.8	64	0.82
618	chr16	4404464	4404865	CpG: 38	401	38	277	19	69.1	0.79
618	chr16	4411875	4413082	CpG: 96	1207	96	689	15.9	57.1	0.98
618	chr16	4442377	4442892	CpG: 55	515	55	349	21.4	67.8	0.94
619	chr16	4457824	4458223	CpG: 29	399	29	271	14.5	67.9	0.63
619	chr16	4497005	4497219	CpG: 18	214	18	145	16.8	67.8	0.74
619	chr16	4497406	4497690	CpG: 20	284	20	181	14.1	63.7	0.7
619	chr16	4501870	4502200	CpG: 35	330	35	230	21.2	69.7	0.88
619	chr16	4544163	4544740	CpG: 50	577	50	333	17.3	57.7	1.04
619	chr16	4574697	4574964	CpG: 41	267	41	213	30.7	79.8	0.99
620	chr16	4607270	4608211	CpG: 80	941	80	614	17	65.2	0.8
620	chr16	4697095	4697862	CpG: 88	767	88	523	22.9	68.2	1
620	chr16	4698527	4698869	CpG: 27	342	27	211	15.8	61.7	0.84
620	chr16	4704157	4704532	CpG: 36	375	36	226	19.2	60.3	1.06
621	chr16	4756909	4757365	CpG: 37	456	37	289	16.2	63.4	0.82
621	chr16	4781757	4782438	CpG: 69	681	69	476	20.3	69.9	0.83
621	chr16	4831076	4831645	CpG: 42	569	42	312	14.8	54.8	0.99
622	chr16	4867225	4868646	CpG: 154	1421	154	956	21.7	67.3	0.96
622	chr16	4949519	4949748	CpG: 17	229	17	152	14.8	66.4	0.67
622	chr16	4950134	4950589	CpG: 40	455	40	258	17.6	56.7	1.09
623	chr16	5021223	5021884	CpG: 77	661	77	465	23.3	70.3	0.94
623	chr16	5051455	5051705	CpG: 26	250	26	138	20.8	55.2	1.38
623	chr16	5073563	5073983	CpG: 44	420	44	303	21	72.1	0.82
624	chr16	5124598	5124979	CpG: 30	381	30	236	15.7	61.9	0.82
628	chr16	5702714	5703589	CpG: 74	875	74	539	16.9	61.6	0.9
632	chr16	6166809	6167017	CpG: 23	208	23	148	22.1	71.2	0.93
647	chr16	8242404	8242971	CpG: 47	567	47	382	16.6	67.4	0.82
648	chr16	8331129	8331471	CpG: 36	342	36	244	21.1	71.3	0.83
649	chr16	8455117	8455899	CpG: 57	782	57	449	14.6	57.4	0.89
649	chr16	8489456	8490366	CpG: 81	910	81	625	17.8	68.7	0.76
650	chr16	8555572	8557125	CpG: 159	1553	159	898	20.5	57.8	1.23
650	chr16	8647202	8649096	CpG: 182	1894	182	1222	19.2	64.5	0.93
659	chr16	9810116	9810341	CpG: 24	225	24	142	21.3	63.1	1.08
659	chr16	9811484	9813616	CpG: 145	2132	145	1369	13.6	64.2	0.66
661	chr16	10010583	10011177	CpG: 54	594	54	381	18.2	64.1	0.89
662	chr16	10131529	10131882	CpG: 38	353	38	255	21.5	72.2	0.84
662	chr16	10212918	10213155	CpG: 22	237	22	156	18.6	65.8	0.89
663	chr16	10229713	10230052	CpG: 38	339	38	242	22.4	71.4	0.88
664	chr16	10360283	10361012	CpG: 73	729	73	507	20	69.5	0.83
664	chr16	10363114	10363614	CpG: 60	500	60	348	24	69.6	1.01
664	chr16	10382062	10382333	CpG: 17	271	17	161	12.5	59.4	0.77
665	chr16	10602078	10604055	CpG: 184	1977	184	1338	18.6	67.7	0.81
666	chr16	10652830	10653311	CpG: 66	481	66	366	27.4	76.1	0.96
667	chr16	10810258	10811183	CpG: 77	925	77	591	16.6	63.9	0.82
667	chr16	10813025	10813231	CpG: 14	206	14	121	13.6	58.7	0.99
668	chr16	10883838	10884941	CpG: 101	1103	101	733	18.3	66.5	0.83
668	chr16	10951940	10952832	CpG: 94	892	94	596	21.1	66.8	0.95
668	chr16	10993639	10994376	CpG: 91	737	91	485	24.7	65.8	1.14
669	chr16	11020855	11021605	CpG: 62	750	62	454	16.5	60.5	0.9
669	chr16	11071263	11072493	CpG: 117	1230	117	779	19	63.3	0.95
669	chr16	11140541	11141005	CpG: 42	464	42	283	18.1	61	0.97
674	chr16	11726956	11727325	CpG: 30	369	30	246	16.3	66.7	0.73
675	chr16	11801627	11802854	CpG: 128	1227	128	814	20.9	66.3	0.95
683	chr16	12927500	12928102	CpG: 67	602	67	400	22.3	66.4	1.01
684	chr16	13074125	13074928	CpG: 89	803	89	558	22.2	69.5	0.93
686	chr16	13254927	13255184	CpG: 35	257	35	178	27.2	69.3	1.14
686	chr16	13255643	13255880	CpG: 17	237	17	131	14.3	55.3	0.94
686	chr16	13265919	13266566	CpG: 52	647	52	449	16.1	69.4	0.67
687	chr16	13485769	13486082	CpG: 34	313	34	212	21.7	67.7	0.95
687	chr16	13489695	13490311	CpG: 55	616	55	411	17.9	66.7	0.81
688	chr16	13572307	13573002	CpG: 65	695	65	441	18.7	63.5	0.93
688	chr16	13598457	13598772	CpG: 40	315	40	220	25.4	69.8	1.04
689	chr16	13636734	13637574	CpG: 66	840	66	454	15.7	54	1.08
689	chr16	13642838	13643333	CpG: 30	495	30	293	12.1	59.2	1.08
689	chr16	13685883	13686241	CpG: 41	358	41	254	22.9	70.9	0.91
689	chr16	13720487	13721275	CpG: 83	788	83	538	21.1	68.3	0.91
689	chr16	13758567	13758965	CpG: 43	398	43	280	21.6	70.4	0.88
691	chr16	13976772	13976988	CpG: 17	216	17	133	15.7	61.6	0.83
691	chr16	13980919	13981551	CpG: 62	632	62	428	19.6	67.7	0.89
692	chr16	14110217	14110422	CpG: 21	205	21	144	20.5	70.2	0.84
692	chr16	14135000	14135350	CpG: 32	350	32	215	18.3	61.4	1
693	chr16	14179171	14179688	CpG: 56	517	56	357	21.7	69.1	0.91
695	chr16	14523683	14523992	CpG: 29	309	29	195	18.8	63.1	0.97
698	chr16	14902798	14903111	CpG: 34	313	34	198	21.7	63.3	1.1
702	chr16	15411894	15412424	CpG: 63	530	63	374	23.8	70.6	1.01
702	chr16	15454925	15455971	CpG: 90	1046	90	647	17.2	61.9	0.91
704	chr16	15704574	15706099	CpG: 158	1525	158	1032	20.7	67.7	0.9
706	chr16	15964476	15964810	CpG: 37	334	37	233	22.2	69.8	0.99
707	chr16	16031015	16031682	CpG: 57	667	57	415	17.1	62.2	0.89
707	chr16	16120759	16121483	CpG: 87	724	87	515	24	71.1	0.95
708	chr16	16176403	16176949	CpG: 53	546	53	376	19.4	68.9	0.83
710	chr16	16417508	16418018	CpG: 68	510	68	378	26.7	74.1	1
712	chr16	16646896	16647238	CpG: 24	342	24	211	14	61.7	0.74
712	chr16	16688581	16688927	CpG: 37	346	37	240	21.4	69.4	0.92
713	chr16	16801092	16801931	CpG: 83	839	83	525	19.8	62.6	1.02
713	chr16	16887808	16888291	CpG: 67	483	67	363	27.7	75.2	1
714	chr16	16928798	16929129	CpG: 27	331	27	193	16.3	58.3	0.96
714	chr16	16949445	16950470	CpG: 80	1025	80	661	15.6	64.5	0.77
714	chr16	16964719	16965838	CpG: 89	1119	89	698	15.9	62.4	0.82
714	chr16	17018816	17019280	CpG: 62	464	62	353	26.7	76.1	0.92
714	chr16	17026424	17028363	CpG: 160	1939	160	1237	16.5	63.8	0.81
715	chr16	17051223	17052005	CpG: 83	782	83	521	21.2	66.6	0.96
715	chr16	17094072	17096023	CpG: 127	1951	127	1225	13	62.8	0.67
716	chr16	17223205	17223458	CpG: 18	253	18	163	14.2	64.4	0.85
716	chr16	17223642	17224221	CpG: 55	579	55	392	19	67.7	0.84
716	chr16	17269645	17270707	CpG: 89	1062	89	685	16.8	64.5	0.81
717	chr16	17326680	17327087	CpG: 39	407	39	264	19.2	64.9	0.92
717	chr16	17348543	17349171	CpG: 69	628	69	412	22	65.6	1.03
717	chr16	17394461	17394670	CpG: 21	209	21	141	20.1	67.5	0.95
718	chr16	17437173	17437546	CpG: 39	373	39	255	20.9	68.4	0.9
718	chr16	17464257	17464543	CpG: 35	286	35	189	24.5	66.1	1.12
718	chr16	17540499	17540806	CpG: 32	307	32	216	20.8	70.4	0.9
718	chr16	17551941	17552163	CpG: 26	222	26	170	23.4	76.6	0.82
719	chr16	17577350	17578151	CpG: 84	801	84	564	21	70.4	0.85
719	chr16	17614908	17616577	CpG: 145	1669	145	1133	17.4	67.9	0.76
719	chr16	17620697	17621476	CpG: 84	779	84	523	21.6	67.1	0.96
719	chr16	17622099	17622467	CpG: 27	368	27	206	14.7	56	0.95
719	chr16	17624618	17625605	CpG: 109	987	109	684	22.1	69.3	0.93
719	chr16	17633245	17633873	CpG: 62	628	62	430	19.7	68.5	0.85
719	chr16	17651313	17652193	CpG: 120	880	120	602	27.3	68.4	1.19
720	chr16	17708998	17709774	CpG: 74	776	74	525	19.1	67.7	0.84
720	chr16	17716791	17717002	CpG: 15	211	15	121	14.2	57.3	0.87
720	chr16	17728972	17729205	CpG: 27	233	27	159	23.2	68.2	1.01
720	chr16	17732071	17733041	CpG: 109	970	109	630	22.5	64.9	1.07
720	chr16	17739655	17740105	CpG: 39	450	39	276	17.3	61.3	0.92
720	chr16	17745183	17746497	CpG: 117	1314	117	840	17.8	63.9	0.87
721	chr16	17884185	17884773	CpG: 64	588	64	371	21.8	63.1	1.1
721	chr16	17906665	17907108	CpG: 47	443	47	303	21.2	68.4	0.92
721	chr16	17945217	17946135	CpG: 108	918	108	611	23.5	66.6	1.06
722	chr16	18052619	18053174	CpG: 61	555	61	361	22	65	1.05
722	chr16	18065894	18067159	CpG: 124	1265	124	810	19.6	64	0.96
723	chr16	18106639	18107384	CpG: 91	745	91	523	24.4	70.2	0.99
723	chr16	18161627	18161945	CpG: 39	318	39	227	24.5	71.4	0.99
723	chr16	18165999	18166837	CpG: 66	838	66	571	15.8	68.1	0.69
723	chr16	18210383	18210856	CpG: 47	473	47	336	19.9	71	0.79
723	chr16	18216846	18217062	CpG: 20	216	20	148	18.5	68.5	0.79
724	chr16	18244985	18245411	CpG: 44	426	44	279	20.7	65.5	0.97
724	chr16	18317416	18318077	CpG: 69	661	69	451	20.9	68.2	0.91
725	chr16	18400412	18401785	CpG: 154	1373	154	891	22.4	64.9	1.08
725	chr16	18405005	18405962	CpG: 123	957	123	656	25.7	68.5	1.09
725	chr16	18406792	18407789	CpG: 75	997	75	653	15	65.5	0.7
725	chr16	18409192	18409473	CpG: 26	281	26	183	18.5	65.1	0.89
725	chr16	18410422	18410708	CpG: 32	286	32	198	22.4	69.2	0.94
725	chr16	18439662	18440564	CpG: 89	902	89	620	19.7	68.7	0.84
725	chr16	18444862	18445524	CpG: 85	662	85	475	25.7	71.8	1
725	chr16	18448231	18448883	CpG: 64	652	64	383	19.6	58.7	1.14
726	chr16	18595864	18596696	CpG: 78	832	78	527	18.8	63.3	0.94
727	chr16	18630993	18631397	CpG: 28	404	28	246	13.9	60.9	0.75
727	chr16	18655428	18655760	CpG: 35	332	35	222	21.1	66.9	0.95
727	chr16	18695093	18695993	CpG: 91	900	91	590	20.2	65.6	0.95
727	chr16	18696278	18696514	CpG: 21	236	21	162	17.8	68.6	0.77
728	chr16	18795318	18795523	CpG: 17	205	17	142	16.6	69.3	0.69
734	chr16	19579803	19580121	CpG: 33	318	33	218	20.8	68.6	0.92
736	chr16	19916347	19917136	CpG: 81	789	81	557	20.5	70.6	0.84
737	chr16	19959684	19960308	CpG: 90	624	90	456	28.8	73.1	1.09
738	chr16	20059588	20060147	CpG: 68	559	68	377	24.3	67.4	1.09
738	chr16	20120728	20121222	CpG: 40	494	40	314	16.2	63.6	0.8
739	chr16	20244659	20245358	CpG: 63	699	63	461	18	66	0.85
740	chr16	20335532	20336151	CpG: 57	619	57	390	18.4	63	0.93
740	chr16	20349852	20350200	CpG: 25	348	25	237	14.4	68.1	0.62
740	chr16	20354167	20354618	CpG: 39	451	39	311	17.3	69	0.77
740	chr16	20366945	20367502	CpG: 49	557	49	344	17.6	61.8	0.92
740	chr16	20409942	20410381	CpG: 43	439	43	302	19.6	68.8	0.83
740	chr16	20430087	20430564	CpG: 34	477	34	277	14.3	58.1	0.85
740	chr16	20438514	20441105	CpG: 202	2591	202	1575	15.6	60.8	0.84
741	chr16	20448496	20448789	CpG: 36	293	36	219	24.6	74.7	0.88
741	chr16	20470304	20470751	CpG: 41	447	41	299	18.3	66.9	0.83
741	chr16	20491303	20492256	CpG: 117	953	117	715	24.6	75	0.87
741	chr16	20511973	20512388	CpG: 33	415	33	292	15.9	70.4	0.65
741	chr16	20514565	20514963	CpG: 33	398	33	262	16.6	65.8	0.77
741	chr16	20534798	20535182	CpG: 48	384	48	295	25	76.8	0.85
741	chr16	20536062	20536762	CpG: 62	700	62	456	17.7	65.1	0.84
741	chr16	20551536	20552514	CpG: 88	978	88	670	18	68.5	0.77
745	chr16	21023341	21024375	CpG: 85	1034	85	621	16.4	60.1	0.91
745	chr16	21033116	21033440	CpG: 24	324	24	187	14.8	57.7	0.89
745	chr16	21064976	21065620	CpG: 50	644	50	425	15.5	66	0.74
745	chr16	21067108	21067574	CpG: 38	466	38	315	16.3	67.6	0.72
746	chr16	21151982	21152252	CpG: 31	270	31	193	23	71.5	0.9
747	chr16	21241825	21242319	CpG: 52	494	52	329	21.1	66.6	0.95
748	chr16	21431748	21432033	CpG: 30	285	30	205	21.1	71.9	0.9
749	chr16	21512891	21513763	CpG: 81	872	81	500	18.6	57.3	1.14
749	chr16	21612866	21613457	CpG: 47	591	47	363	15.9	61.4	0.87
750	chr16	21745020	21745234	CpG: 18	214	18	136	16.8	63.6	0.83
751	chr16	21765993	21766398	CpG: 48	405	48	299	23.7	73.8	0.87
751	chr16	21827934	21828767	CpG: 81	833	81	514	19.4	61.7	1.02
752	chr16	21980103	21982424	CpG: 229	2321	229	1569	19.7	67.6	0.87
753	chr16	22084036	22084948	CpG: 104	912	104	620	22.8	68	1.01
754	chr16	22257957	22258943	CpG: 99	986	99	653	20.1	66.2	0.94
756	chr16	22475559	22476030	CpG: 39	471	39	317	16.6	67.3	0.74
758	chr16	22676094	22676964	CpG: 79	870	79	558	18.2	64.1	0.89
759	chr16	22926032	22927263	CpG: 117	1231	117	762	19	61.9	1.01
760	chr16	22946437	22946851	CpG: 42	414	42	274	20.3	66.2	0.93
760	chr16	23043642	23044254	CpG: 47	612	47	377	15.4	61.6	0.81
762	chr16	23249990	23250210	CpG: 19	220	19	137	17.3	62.3	0.9
765	chr16	23709364	23709609	CpG: 21	245	21	162	17.1	66.1	0.79
766	chr16	23746163	23746392	CpG: 20	229	20	142	17.5	62	0.92
766	chr16	23802061	23802277	CpG: 18	216	18	117	16.7	54.2	1.15
766	chr16	23806201	23806973	CpG: 54	772	54	413	14	53.5	0.99
766	chr16	23807406	23807701	CpG: 45	295	45	217	30.5	73.6	1.13
769	chr16	24212028	24212823	CpG: 72	795	72	474	18.1	59.6	1.02
782	chr16	25923938	25924679	CpG: 99	741	99	528	26.7	71.3	1.05
786	chr16	26400238	26400612	CpG: 39	374	39	263	20.9	70.3	0.85
789	chr16	26786688	26786962	CpG: 23	274	23	174	16.8	63.5	0.83
792	chr16	27207533	27208013	CpG: 50	480	50	302	20.8	62.9	1.06
800	chr16	28263770	28265697	CpG: 163	1927	163	1195	16.9	62	0.88
801	chr16	28383109	28383845	CpG: 88	736	88	524	23.9	71.2	0.95
804	chr16	28747567	28748939	CpG: 119	1372	119	822	17.3	59.9	0.97
806	chr16	29028759	29029017	CpG: 27	258	27	188	20.9	72.9	0.83
809	chr16	29398076	29398416	CpG: 30	340	30	229	17.6	67.4	0.78
811	chr16	29632616	29633108	CpG: 53	492	53	353	21.5	71.7	0.84
812	chr16	29764771	29765084	CpG: 30	313	30	213	19.2	68.1	0.84
812	chr16	29827678	29828067	CpG: 45	389	45	268	23.1	68.9	1
812	chr16	29882096	29883395	CpG: 124	1299	124	785	19.1	60.4	1.05
813	chr16	29885040	29886239	CpG: 77	1199	77	715	12.8	59.6	0.72
813	chr16	29888909	29889205	CpG: 32	296	32	217	21.6	73.3	0.8
814	chr16	30127193	30128053	CpG: 87	860	87	598	20.2	69.5	0.84
814	chr16	30128324	30128661	CpG: 26	337	26	199	15.4	59.1	0.92
815	chr16	30206789	30207832	CpG: 131	1043	131	770	25.1	73.8	0.93
816	chr16	30329476	30329744	CpG: 24	268	24	175	17.9	65.3	0.84
816	chr16	30368964	30369561	CpG: 61	597	61	418	20.4	70	0.84
816	chr16	30406271	30406474	CpG: 18	203	18	124	17.7	61.1	0.96
817	chr16	30418434	30420156	CpG: 138	1722	138	1061	16	61.6	0.85
820	chr16	30899525	30900358	CpG: 92	833	92	598	22.1	71.8	0.86
821	chr16	30981327	30981995	CpG: 48	668	48	448	14.4	67.1	0.64
821	chr16	31019071	31020212	CpG: 118	1141	118	792	20.7	69.4	0.86
822	chr16	31093514	31094136	CpG: 76	622	76	454	24.4	73	0.92
823	chr16	31247543	31248854	CpG: 105	1311	105	813	16	62	0.84
825	chr16	31482343	31483255	CpG: 92	912	92	578	20.2	63.4	1.02
827	chr16	31751692	31752029	CpG: 29	337	29	228	17.2	67.7	0.75
827	chr16	31752571	31752860	CpG: 26	289	26	199	18	68.9	0.76
827	chr16	31766862	31767575	CpG: 93	713	93	492	26.1	69	1.1
827	chr16	31821676	31822085	CpG: 48	409	48	292	23.5	71.4	0.93
828	chr16	31897578	31898263	CpG: 70	685	70	448	20.4	65.4	0.97
828	chr16	31918209	31918744	CpG: 54	535	54	374	20.2	69.9	0.84
829	chr16	31984079	31984413	CpG: 26	334	26	213	15.6	63.8	0.78
829	chr16	32065254	32066123	CpG: 115	869	115	644	26.5	74.1	0.97
829	chr16	32096201	32096701	CpG: 61	500	61	353	24.4	70.6	1
830	chr16	32150943	32151806	CpG: 75	863	75	568	17.4	65.8	0.8
830	chr16	32238474	32238877	CpG: 30	403	30	252	14.9	62.5	0.77
831	chr16	32249435	32250229	CpG: 71	794	71	522	17.9	65.7	0.86
832	chr16	32427482	32428211	CpG: 77	729	77	510	21.1	70	0.9
832	chr16	32462634	32463421	CpG: 111	787	111	599	28.2	76.1	1.02
834	chr16	32688373	32688596	CpG: 24	223	24	156	21.5	70	0.95
834	chr16	32697817	32698869	CpG: 102	1052	102	693	19.4	65.9	0.9
834	chr16	32734341	32735043	CpG: 73	702	73	469	20.8	66.8	0.94
835	chr16	32876543	32877491	CpG: 69	948	69	562	14.6	59.3	0.84
835	chr16	32882611	32883183	CpG: 66	572	66	381	23.1	66.6	1.05
836	chr16	33005350	33005937	CpG: 66	587	66	423	22.5	72.1	0.87
837	chr16	33071724	33072337	CpG: 60	613	60	399	19.6	65.1	0.96
838	chr16	33200982	33201819	CpG: 87	837	87	508	20.8	60.7	1.13
839	chr16	33397085	33397378	CpG: 21	293	21	184	14.3	62.8	0.74
840	chr16	33504779	33505308	CpG: 77	529	77	386	29.1	73	1.1
841	chr16	33649949	33650746	CpG: 97	797	97	564	24.3	70.8	0.98
842	chr16	33787125	33787451	CpG: 31	326	31	221	19	67.8	0.84
847	chr16	34393073	34394459	CpG: 155	1386	155	936	22.4	67.5	0.99
848	chr16	34510900	34511345	CpG: 36	445	36	271	16.2	60.9	0.89
848	chr16	34565453	34565712	CpG: 33	259	33	184	25.5	71	1.01
850	chr16	34842601	34843385	CpG: 84	784	84	508	21.4	64.8	1.03
851	chr16	34974708	34977347	CpG: 263	2639	263	1752	19.9	66.4	0.9
853	chr16	35183832	35184390	CpG: 58	558	58	392	20.8	70.3	0.85
854	chr16	35310577	35311363	CpG: 68	786	68	524	17.3	66.7	0.8
854	chr16	35361671	35363059	CpG: 122	1388	122	933	17.6	67.2	0.79
855	chr16	35471519	35471733	CpG: 15	214	15	131	14	61.2	0.75
855	chr16	35480379	35481034	CpG: 65	655	65	459	19.8	70.1	0.81
856	chr16	35555767	35555994	CpG: 21	227	21	136	18.5	59.9	1.03
856	chr16	35589241	35589910	CpG: 73	669	73	492	21.8	73.5	0.81
856	chr16	35590533	35590989	CpG: 47	456	47	302	20.6	66.2	0.94
857	chr16	35691394	35691758	CpG: 33	364	33	241	18.1	66.2	0.84
857	chr16	35758857	35759533	CpG: 50	676	50	424	14.8	62.7	0.75
858	chr16	35803544	35804456	CpG: 134	912	134	690	29.4	75.7	1.06
858	chr16	35861481	35862002	CpG: 35	521	35	291	13.4	55.9	0.86
858	chr16	35891701	35892499	CpG: 82	798	82	527	20.6	66	0.94
862	chr16	36330044	36330247	CpG: 15	203	15	107	14.8	52.7	1.08
863	chr16	36514200	36514484	CpG: 26	284	26	194	18.3	68.3	0.8
864	chr16	36648414	36649035	CpG: 55	621	55	381	17.7	61.4	0.94
864	chr16	36695454	36696037	CpG: 66	583	66	424	22.6	72.7	0.86
866	chr16	36832022	36832450	CpG: 40	428	40	273	18.7	63.8	0.94
868	chr16	37204691	37205422	CpG: 65	731	65	497	17.8	68	0.78
870	chr16	37359679	37360424	CpG: 54	745	54	446	14.5	59.9	0.82
870	chr16	37474379	37474932	CpG: 52	553	52	338	18.8	61.1	1.01
871	chr16	37597243	37597751	CpG: 45	508	45	353	17.7	69.5	0.76
872	chr16	37688434	37689526	CpG: 114	1092	114	709	20.9	64.9	0.99
872	chr16	37736594	37736973	CpG: 45	379	45	266	23.7	70.2	0.97
874	chr16	37908598	37910497	CpG: 175	1899	175	1206	18.4	63.5	0.92
876	chr16	38167260	38167613	CpG: 32	353	32	224	18.1	63.5	0.9
876	chr16	38266104	38266412	CpG: 24	308	24	186	15.6	60.4	0.86
876	chr16	38267721	38267924	CpG: 16	203	16	129	15.8	63.5	0.79
109	chr16	38272829	38273347	CpG: 50	518	50	365	19.3	70.5	0.79
877	chr16	38303541	38304266	CpG: 50	725	50	419	13.8	57.8	0.83
877	chr16	38304545	38304765	CpG: 16	220	16	133	14.5	60.5	0.84
877	chr16	38342587	38343225	CpG: 60	638	60	422	18.8	66.1	0.86
877	chr16	38370312	38370664	CpG: 42	352	42	259	23.9	73.6	0.9
877	chr16	38383054	38383559	CpG: 43	505	43	303	17	60	0.95
878	chr16	38533062	38533715	CpG: 68	653	68	430	20.8	65.8	0.96
879	chr16	38562520	38563037	CpG: 71	517	71	399	27.5	77.2	0.93
880	chr16	38722554	38723092	CpG: 62	538	62	363	23	67.5	1.01
888	chr16	39804828	39805260	CpG: 34	432	34	276	15.7	63.9	0.79
900	chr16	41353618	41353882	CpG: 28	264	28	176	21.2	66.7	0.96
905	chr16	42010580	42010810	CpG: 29	230	29	167	25.2	72.6	0.96
910	chr16	42695337	42695602	CpG: 27	265	27	196	20.4	74	0.84
910	chr16	42696099	42696762	CpG: 65	663	65	393	19.6	59.3	1.17
916	chr16	43438760	43438997	CpG: 19	237	19	152	16	64.1	0.79
919	chr16	43799693	43800499	CpG: 107	806	107	614	26.6	76.2	0.92
919	chr16	43883435	43883813	CpG: 39	378	39	243	20.6	64.3	1
920	chr16	43960013	43960851	CpG: 103	838	103	613	24.6	73.2	0.97
920	chr16	43993366	43994127	CpG: 71	761	71	505	18.7	66.4	0.85
920	chr16	44015243	44015635	CpG: 31	392	31	236	15.8	60.2	1.01
921	chr16	44152343	44153108	CpG: 54	765	54	470	14.1	61.4	0.76
921	chr16	44167685	44168175	CpG: 57	490	57	346	23.3	70.6	0.95
923	chr16	44378243	44379167	CpG: 75	924	75	617	16.2	66.8	0.73
924	chr16	44544703	44545143	CpG: 44	440	44	310	20	70.5	0.81
925	chr16	44566224	44566567	CpG: 35	343	35	222	20.4	64.7	0.97
928	chr16	44978975	44979633	CpG: 61	658	61	460	18.5	69.9	0.77
930	chr16	45228993	45229199	CpG: 17	206	17	125	16.5	60.7	0.96
932	chr16	45563056	45563428	CpG: 40	372	40	269	21.5	72.3	0.83
933	chr16	45664669	45665052	CpG: 34	383	34	276	17.8	72.1	0.69
934	chr16	45830758	45831005	CpG: 21	247	21	169	17	68.4	0.73
938	chr16	46316662	46316878	CpG: 34	216	34	164	31.5	75.9	1.1
938	chr16	46317641	46318297	CpG: 46	656	46	421	14	64.2	0.68
955	chr16	48570561	48570784	CpG: 23	223	23	159	20.6	71.3	0.81
957	chr16	48813926	48814891	CpG: 87	965	87	644	18	66.7	0.81
962	chr16	49519398	49519994	CpG: 55	596	55	406	18.5	68.1	0.83
120	chr16	49675559	49676387	CpG: 76	828	76	576	18.4	69.6	0.78
965	chr16	49866177	49866383	CpG: 15	206	15	132	14.6	64.1	0.72
968	chr16	50250436	50250724	CpG: 39	288	39	217	27.1	75.3	0.96
968	chr16	50251831	50252843	CpG: 112	1012	112	701	22.1	69.3	0.93
969	chr16	50349038	50350011	CpG: 93	973	93	617	19.1	63.4	0.95
970	chr16	50552789	50553247	CpG: 41	458	41	289	17.9	63.1	0.9
980	chr16	51851787	51852692	CpG: 76	905	76	605	16.8	66.9	0.76
983	chr16	52272627	52273688	CpG: 74	1061	74	592	13.9	55.8	0.9
1009	chr16	55641986	55642990	CpG: 109	1004	109	687	21.7	68.4	0.93
1010	chr16	55715382	55715839	CpG: 48	457	48	280	21	61.3	1.12
1010	chr16	55725694	55726193	CpG: 34	499	34	283	13.6	56.7	0.85
1010	chr16	55754216	55754876	CpG: 42	660	42	372	12.7	56.4	0.81
1010	chr16	55786760	55787068	CpG: 32	308	32	201	20.8	65.3	0.98
1010	chr16	55794020	55795060	CpG: 122	1040	122	737	23.5	70.9	0.93
1011	chr16	55849558	55850532	CpG: 103	974	103	629	21.1	64.6	1.01
1011	chr16	55857787	55858412	CpG: 62	625	62	401	19.8	64.2	0.98
1011	chr16	55895751	55896491	CpG: 58	740	58	434	15.7	58.6	0.91
1016	chr16	56537286	56537973	CpG: 74	687	74	497	21.5	72.3	0.84
1019	chr16	56941830	56942674	CpG: 79	844	79	552	18.7	65.4	0.88
1019	chr16	56987204	56987783	CpG: 52	579	52	367	18	63.4	0.89
1020	chr16	57051686	57052075	CpG: 29	389	29	237	14.9	60.9	0.84
1022	chr16	57369419	57369827	CpG: 47	408	47	273	23	66.9	1.03
1023	chr16	57426842	57427311	CpG: 50	469	50	315	21.3	67.2	0.95
1023	chr16	57516659	57516947	CpG: 25	288	25	177	17.4	61.5	0.94
1029	chr16	58228592	58229485	CpG: 107	893	107	636	24	71.2	0.95
1030	chr16	58343254	58343955	CpG: 65	701	65	477	18.5	68	0.8
1031	chr16	58490530	58491192	CpG: 68	662	68	479	20.5	72.4	0.79
1031	chr16	58495513	58495719	CpG: 18	206	18	113	17.5	54.9	1.16
1031	chr16	58548281	58548713	CpG: 38	432	38	289	17.6	66.9	0.83
1037	chr16	59292079	59292484	CpG: 50	405	50	301	24.7	74.3	0.93
1038	chr16	59420907	59421500	CpG: 78	593	78	450	26.3	75.9	0.92
1038	chr16	59459506	59459918	CpG: 41	412	41	271	19.9	65.8	0.93
1046	chr16	60425453	60425678	CpG: 23	225	23	134	20.4	59.6	1.17
1046	chr16	60426511	60426881	CpG: 26	370	26	248	14.1	67	0.63
1062	chr16	62606883	62607280	CpG: 36	397	36	259	18.1	65.2	0.85
1063	chr16	62666961	62667529	CpG: 47	568	47	385	16.5	67.8	0.73
1063	chr16	62674599	62674817	CpG: 24	218	24	168	22	77.1	0.75
1070	chr16	63677420	63677689	CpG: 21	269	21	176	15.6	65.4	0.73
1070	chr16	63684264	63684791	CpG: 37	527	37	328	14	62.2	0.75
1077	chr16	64590889	64591596	CpG: 63	707	63	448	17.8	63.4	0.89
1078	chr16	64671581	64673300	CpG: 153	1719	153	1023	17.8	59.5	1.01
1080	chr16	64925907	64926153	CpG: 32	246	32	179	26	72.8	0.99
1083	chr16	65359146	65359769	CpG: 52	623	52	391	16.7	62.8	0.86
1085	chr16	65611808	65612400	CpG: 53	592	53	403	17.9	68.1	0.78
1099	chr16	67417021	67417589	CpG: 45	568	45	367	15.8	64.6	0.77
1119	chr16	70110850	70111450	CpG: 73	600	73	414	24.3	69	1.05
1137	chr16	72459967	72460686	CpG: 60	719	60	478	16.7	66.5	0.76
1160	chr16	75389663	75390087	CpG: 47	424	47	304	22.2	71.7	0.87
1161	chr16	75563569	75563864	CpG: 25	295	25	178	16.9	60.3	0.94
1165	chr16	76090175	76090378	CpG: 18	203	18	111	17.7	54.7	1.19
1166	chr16	76169170	76170391	CpG: 150	1221	150	878	24.6	71.9	0.95
1171	chr16	76810397	76811208	CpG: 117	811	117	584	28.9	72	1.12
1180	chr16	78098549	78099260	CpG: 68	711	68	481	19.1	67.7	0.85
1181	chr16	78172835	78173987	CpG: 155	1152	155	834	26.9	72.4	1.04
1182	chr16	78373140	78373804	CpG: 89	664	89	476	26.8	71.7	1.05
1229	chr16	84499868	84500410	CpG: 69	542	69	356	25.5	65.7	1.24
1229	chr16	84532093	84532653	CpG: 49	560	49	331	17.5	59.1	1
1230	chr16	84570984	84571380	CpG: 30	396	30	268	15.2	67.7	0.68
1230	chr16	84631356	84632854	CpG: 127	1498	127	911	17	60.8	0.92
1231	chr16	84759677	84759884	CpG: 15	207	15	115	14.5	55.6	0.94
1232	chr16	84876792	84877163	CpG: 25	371	25	217	13.5	58.5	0.8
1233	chr16	84969471	84971018	CpG: 135	1547	135	992	17.5	64.1	0.85
1238	chr16	85598878	85600200	CpG: 101	1322	101	845	15.3	63.9	0.75
1238	chr16	85696373	85697990	CpG: 105	1617	105	918	13	56.8	0.81
1249	chr16	87151075	87151455	CpG: 45	380	45	257	23.7	67.6	1.07
1250	chr16	87228967	87229435	CpG: 42	468	42	314	17.9	67.1	0.82
1250	chr16	87237160	87237563	CpG: 37	403	37	261	18.4	64.8	0.88
1250	chr16	87251797	87252509	CpG: 58	712	58	414	16.3	58.1	0.97
1250	chr16	87292278	87292928	CpG: 67	650	67	427	20.6	65.7	0.98
1252	chr16	87495606	87496446	CpG: 103	840	103	573	24.5	68.2	1.08
1257	chr16	88086370	88086799	CpG: 34	429	34	271	15.9	63.2	0.8
1269	chr16	89664350	89664569	CpG: 16	219	16	125	14.6	57.1	0.9
1269	chr16	89681659	89682119	CpG: 30	460	30	287	13	62.4	0.67
1270	chr16	89808353	89808623	CpG: 22	270	22	158	16.3	58.5	0.98
1271	chr16	89939290	89941235	CpG: 142	1945	142	1204	14.6	61.9	0.76
1271	chr16	90017299	90018187	CpG: 86	888	86	528	19.4	59.5	1.1
1272	chr16	90080457	90081821	CpG: 153	1364	153	889	22.4	65.2	1.05
1273	chr16	90182621	90183858	CpG: 139	1237	139	858	22.5	69.4	0.95
1274	chr16	90321151	90321373	CpG: 20	222	20	140	18	63.1	0.91
1275	chr16	90523819	90524415	CpG: 57	596	57	391	19.1	65.6	0.89
1276	chr16	90607018	90607387	CpG: 37	369	37	253	20.1	68.6	0.85
1276	chr16	90627646	90628352	CpG: 60	706	60	456	17	64.6	0.83
1277	chr16	90731185	90732258	CpG: 96	1073	96	693	17.9	64.6	0.86
1277	chr16	90807528	90808486	CpG: 105	958	105	673	21.9	70.3	0.89
1278	chr16	90840786	90841611	CpG: 98	825	98	559	23.8	67.8	1.04
1279	chr16	91016956	91017352	CpG: 29	396	29	245	14.6	61.9	0.77
1279	chr16	91023294	91024530	CpG: 119	1236	119	807	19.3	65.3	0.9
1279	chr16	91025216	91025426	CpG: 18	210	18	123	17.1	58.6	1.11
1279	chr16	91066465	91068627	CpG: 172	2162	172	1338	15.9	61.9	0.83
1280	chr16	91169630	91170198	CpG: 52	568	52	381	18.3	67.1	0.83
1280	chr16	91203083	91203479	CpG: 40	396	40	301	20.2	76	0.72
1281	chr16	91261834	91262154	CpG: 24	320	24	204	15	63.8	0.79
1281	chr16	91281823	91282425	CpG: 48	602	48	379	15.9	63	0.81
1281	chr16	91343977	91344281	CpG: 40	304	40	227	26.3	74.7	0.94
1282	chr16	91358540	91358767	CpG: 21	227	21	146	18.5	64.3	0.91
1282	chr16	91394118	91394918	CpG: 86	800	86	512	21.5	64	1.05
1282	chr16	91415621	91415935	CpG: 25	314	25	194	15.9	61.8	0.85
1282	chr16	91443821	91445381	CpG: 130	1560	130	899	16.7	57.6	1
1282	chr16	91457062	91457364	CpG: 26	302	26	188	17.2	62.3	0.89
1282	chr16	91485234	91485930	CpG: 93	696	93	484	26.7	69.5	1.11
1283	chr16	91526279	91527046	CpG: 83	767	83	450	21.6	58.7	1.26
1284	chr16	91728239	91728639	CpG: 44	400	44	272	22	68	0.95
1285	chr16	91854946	91855842	CpG: 117	896	117	617	26.1	68.9	1.1
1288	chr16	92262687	92263441	CpG: 82	754	82	495	21.8	65.6	1.02
1289	chr16	92295239	92296121	CpG: 59	882	59	562	13.4	63.7	0.69
1289	chr16	92402488	92403021	CpG: 56	533	56	372	21	69.8	0.92
1290	chr16	92492445	92492704	CpG: 28	259	28	175	21.6	67.6	0.95
1290	chr16	92494100	92495779	CpG: 125	1679	125	1085	14.9	64.6	0.71
1296	chr16	93286467	93286750	CpG: 24	283	24	177	17	62.5	0.87
1297	chr16	93400504	93401000	CpG: 47	496	47	327	19	65.9	0.89
1297	chr16	93404683	93405133	CpG: 43	450	43	280	19.1	62.2	0.99
1298	chr16	93480108	93480719	CpG: 68	611	68	424	22.3	69.4	0.93
1298	chr16	93508569	93509282	CpG: 65	713	65	429	18.2	60.2	1.01
1299	chr16	93628901	93629624	CpG: 97	723	97	537	26.8	74.3	0.98
1299	chr16	93680377	93681305	CpG: 81	928	81	601	17.5	64.8	0.83
162	chr16	93716417	93716643	CpG: 18	226	18	154	15.9	68.1	0.69
1301	chr16	93879918	93880312	CpG: 28	394	28	238	14.2	60.4	0.78
1301	chr16	93880498	93880703	CpG: 15	205	15	110	14.6	53.7	1.02
1301	chr16	93884331	93886986	CpG: 220	2655	220	1588	16.6	59.8	0.93
1301	chr16	93887574	93887914	CpG: 23	340	23	194	13.5	57.1	0.85
1301	chr16	93926040	93926782	CpG: 83	742	83	529	22.4	71.3	0.88
1302	chr16	94090811	94091082	CpG: 44	271	44	213	32.5	78.6	1.06
1303	chr16	94114118	94114638	CpG: 61	520	61	378	23.5	72.7	0.91
1303	chr16	94128989	94129452	CpG: 44	463	44	285	19	61.6	1.02
1303	chr16	94171128	94172492	CpG: 143	1364	143	938	21	68.8	0.89
1304	chr16	94327112	94327906	CpG: 84	794	84	513	21.2	64.6	1.02
20	chr16	94369819	94371947	CpG: 215	2128	215	1168	20.2	54.9	1.37
1308	chr16	94798267	94798689	CpG: 41	422	41	277	19.4	65.6	0.91
1312	chr16	95386269	95386688	CpG: 40	419	40	291	19.1	69.5	0.81
1313	chr16	95502730	95503760	CpG: 106	1030	106	727	20.6	70.6	0.84
1315	chr16	95791820	95792308	CpG: 57	488	57	324	23.4	66.4	1.08
1316	chr16	95882708	95883895	CpG: 153	1187	153	821	25.8	69.2	1.08
1316	chr16	95928237	95929339	CpG: 114	1102	114	688	20.7	62.4	1.07
1317	chr16	95946338	95946994	CpG: 54	656	54	374	16.5	57	1.02
1317	chr16	95960293	95960934	CpG: 62	641	62	411	19.3	64.1	0.94
1317	chr16	95993018	95993588	CpG: 62	570	62	399	21.8	70	0.91
1318	chr16	96081984	96082314	CpG: 29	330	29	226	17.6	68.5	0.76
1324	chr16	96971528	96972241	CpG: 94	713	94	528	26.4	74.1	0.96
1326	chr16	97157729	97158188	CpG: 49	459	49	327	21.4	71.2	0.85
1328	chr16	97411592	97412383	CpG: 62	791	62	487	15.7	61.6	0.85
1329	chr16	97564344	97565133	CpG: 84	789	84	528	21.3	66.9	0.97
1330	chr16	97652370	97653122	CpG: 99	752	99	570	26.3	75.8	0.95
1330	chr16	97723353	97724019	CpG: 74	666	74	474	22.2	71.2	0.88
1330	chr16	97763332	97764059	CpG: 80	727	80	491	22	67.5	0.97
608	chr17	3134600	3135227	CpG: 55	627	55	424	17.5	67.6	0.79
609	chr17	3164677	3165969	CpG: 142	1292	142	817	22	63.2	1.11
610	chr17	3364473	3364834	CpG: 49	361	49	273	27.1	75.6	0.95
610	chr17	3376664	3377507	CpG: 70	843	70	528	16.6	62.6	0.86
612	chr17	3607666	3608040	CpG: 39	374	39	243	20.9	65	0.99
622	chr17	4958135	4959016	CpG: 83	881	83	529	18.8	60	1.05
623	chr17	5044314	5047120	CpG: 246	2806	246	1434	17.5	51.1	1.35
624	chr17	5240083	5240332	CpG: 24	249	24	181	19.3	72.7	0.73
626	chr17	5392374	5392585	CpG: 19	211	19	130	18	61.6	0.95
627	chr17	5542369	5543740	CpG: 147	1371	147	943	21.4	68.8	0.91
629	chr17	5891207	5892194	CpG: 144	987	144	728	29.2	73.8	1.08
630	chr17	5985226	5985439	CpG: 17	213	17	145	16	68.1	0.79
630	chr17	5991168	5992115	CpG: 80	947	80	553	16.9	58.4	1
631	chr17	6129708	6130333	CpG: 65	625	65	414	20.8	66.2	0.95
631	chr17	6157028	6157645	CpG: 75	617	75	457	24.3	74.1	0.91
632	chr17	6172227	6172492	CpG: 20	265	20	181	15.1	68.3	0.81
632	chr17	6182453	6182833	CpG: 32	380	32	230	16.8	60.5	0.93
633	chr17	6303926	6304286	CpG: 32	360	32	247	17.8	68.6	0.76
633	chr17	6307020	6307467	CpG: 54	447	54	322	24.2	72	0.94
633	chr17	6320599	6321387	CpG: 94	788	94	546	23.9	69.3	1.01
633	chr17	6366997	6367330	CpG: 31	333	31	224	18.6	67.3	0.83
633	chr17	6371606	6372053	CpG: 55	447	55	324	24.6	72.5	0.94
633	chr17	6374808	6375168	CpG: 32	360	32	247	17.8	68.6	0.76
636	chr17	6734326	6734538	CpG: 16	212	16	134	15.1	63.2	0.76
636	chr17	6743891	6744681	CpG: 96	790	96	547	24.3	69.2	1.02
636	chr17	6757534	6757981	CpG: 54	447	54	326	24.2	72.9	0.91
636	chr17	6761353	6761713	CpG: 36	360	36	251	20	69.7	0.82
637	chr17	6847811	6848031	CpG: 17	220	17	135	15.5	61.4	0.89
637	chr17	6869014	6869298	CpG: 28	284	28	195	19.7	68.7	0.93
637	chr17	6907088	6907306	CpG: 17	218	17	137	15.6	62.8	0.79
637	chr17	6922517	6923279	CpG: 57	762	57	447	15	58.7	0.87
638	chr17	7050122	7050979	CpG: 97	857	97	606	22.6	70.7	0.91
639	chr17	7095189	7095720	CpG: 57	531	57	355	21.5	66.9	0.97
640	chr17	7215394	7216186	CpG: 75	792	75	540	18.9	68.2	0.82
640	chr17	7228236	7229083	CpG: 93	847	93	560	22	66.1	1.01
640	chr17	7245949	7246507	CpG: 48	558	48	348	17.2	62.4	0.96
641	chr17	7437140	7437922	CpG: 76	782	76	534	19.4	68.3	0.87
646	chr17	8045822	8046247	CpG: 49	425	49	290	23.1	68.2	0.99
647	chr17	8164379	8165117	CpG: 69	738	69	502	18.7	68	0.81
648	chr17	8366415	8367029	CpG: 60	614	60	436	19.5	71	0.86
648	chr17	8383863	8384714	CpG: 90	851	90	556	21.2	65.3	0.99
649	chr17	8502281	8503515	CpG: 120	1234	120	845	19.4	68.5	0.83
650	chr17	8529858	8530285	CpG: 49	427	49	296	23	69.3	0.97
650	chr17	8559395	8560726	CpG: 108	1331	108	824	16.2	61.9	0.85
651	chr17	8652317	8653669	CpG: 99	1352	99	840	14.6	62.1	0.77
651	chr17	8743617	8744028	CpG: 35	411	35	264	17	64.2	0.83
653	chr17	9019589	9021258	CpG: 139	1669	139	956	16.7	57.3	1.01
660	chr17	9888260	9888490	CpG: 24	230	24	146	20.9	63.5	1.04
665	chr17	10537045	10539246	CpG: 291	2201	291	1453	26.4	66	1.21
665	chr17	10554342	10554597	CpG: 18	255	18	152	14.1	59.6	0.81
669	chr17	11059053	11059721	CpG: 67	668	67	423	20.1	63.3	1
680	chr17	12490626	12490854	CpG: 16	228	16	126	14	55.3	0.92
680	chr17	12537098	12537813	CpG: 86	715	86	532	24.1	74.4	0.87
682	chr17	12725831	12726413	CpG: 51	582	51	352	17.5	60.5	0.96
683	chr17	12960327	12961376	CpG: 81	1049	81	643	15.4	61.3	0.89
684	chr17	12987945	12988896	CpG: 108	951	108	650	22.7	68.3	0.97
685	chr17	13134539	13135755	CpG: 95	1216	95	715	15.6	58.8	0.9
685	chr17	13179205	13179557	CpG: 38	352	38	232	21.6	65.9	1
685	chr17	13210625	13211784	CpG: 122	1159	122	750	21.1	64.7	1.01
685	chr17	13226673	13227412	CpG: 78	739	78	491	21.1	66.4	0.96
691	chr17	13980188	13981972	CpG: 245	1784	245	1324	27.5	74.2	1
695	chr17	14423248	14424175	CpG: 107	927	107	639	23.1	68.9	0.99
695	chr17	14499666	14500078	CpG: 46	412	46	253	22.3	61.4	1.18
695	chr17	14500731	14500954	CpG: 26	223	26	155	23.3	69.5	0.97
700	chr17	15163195	15164199	CpG: 77	1004	77	585	15.3	58.3	0.9
700	chr17	15181022	15182225	CpG: 160	1203	160	928	26.6	77.1	0.96
700	chr17	15198862	15199251	CpG: 44	389	44	244	22.6	62.7	1.15
701	chr17	15212698	15213808	CpG: 149	1110	149	856	26.8	77.1	0.98
701	chr17	15230234	15230623	CpG: 44	389	44	244	22.6	62.7	1.15
701	chr17	15244066	15245176	CpG: 149	1110	149	856	26.8	77.1	0.98
701	chr17	15261602	15261998	CpG: 44	396	44	244	22.2	61.6	1.18
703	chr17	15594902	15597047	CpG: 162	2145	162	1326	15.1	61.8	0.79
704	chr17	15600971	15601228	CpG: 25	257	25	167	19.5	65	0.93
704	chr17	15616296	15616532	CpG: 18	236	18	130	15.3	55.1	1.04
704	chr17	15718358	15718678	CpG: 30	320	30	212	18.8	66.2	0.88
704	chr17	15720055	15720588	CpG: 57	533	57	348	21.4	65.3	1
705	chr17	15747172	15747628	CpG: 55	456	55	334	24.1	73.2	0.9
705	chr17	15756758	15757125	CpG: 30	367	30	222	16.3	60.5	0.93
705	chr17	15784388	15784824	CpG: 35	436	35	276	16.1	63.3	0.81
706	chr17	15924807	15926162	CpG: 180	1355	180	925	26.6	68.3	1.15
706	chr17	15951107	15951341	CpG: 17	234	17	129	14.5	55.1	0.99
707	chr17	16045736	16047103	CpG: 127	1367	127	846	18.6	61.9	0.98
707	chr17	16050805	16051528	CpG: 66	723	66	499	18.3	69	0.8
719	chr17	17566260	17566475	CpG: 23	215	23	143	21.4	66.5	0.97
719	chr17	17594237	17594552	CpG: 24	315	24	191	15.2	60.6	0.83
721	chr17	17844128	17845809	CpG: 140	1681	140	1121	16.7	66.7	0.75
722	chr17	18047363	18047606	CpG: 26	243	26	184	21.4	75.7	0.87
722	chr17	18058351	18058657	CpG: 29	306	29	191	19	62.4	0.98
722	chr17	18064338	18064553	CpG: 15	215	15	127	14	59.1	0.81
722	chr17	18070207	18070704	CpG: 46	497	46	324	18.5	65.2	0.88
723	chr17	18130178	18130665	CpG: 40	487	40	303	16.4	62.2	0.85
746	chr17	21165460	21166192	CpG: 67	732	67	452	18.3	61.7	0.97
746	chr17	21229339	21229565	CpG: 18	226	18	142	15.9	62.8	0.98
750	chr17	21709343	21709559	CpG: 20	216	20	151	18.5	69.9	0.77
750	chr17	21752589	21753044	CpG: 45	455	45	319	19.8	70.1	0.8
754	chr17	22181253	22181910	CpG: 51	657	51	402	15.5	61.2	0.83
755	chr17	22299994	22300578	CpG: 59	584	59	394	20.2	67.5	0.9
757	chr17	22580165	22580495	CpG: 27	330	27	205	16.4	62.1	0.85
766	chr17	23765628	23766120	CpG: 32	492	32	276	13	56.1	0.83
766	chr17	23776725	23777139	CpG: 35	414	35	269	16.9	65	0.8
766	chr17	23782746	23783263	CpG: 53	517	53	343	20.5	66.3	0.93
766	chr17	23795128	23795799	CpG: 51	671	51	426	15.2	63.5	0.79
766	chr17	23811641	23811844	CpG: 20	203	20	127	19.7	62.6	1.1
766	chr17	23829313	23829588	CpG: 24	275	24	177	17.5	64.4	0.86
767	chr17	23863566	23864415	CpG: 61	849	61	554	14.4	65.3	0.68
767	chr17	23885624	23885858	CpG: 22	234	22	162	18.8	69.2	0.79
767	chr17	23892502	23892907	CpG: 37	405	37	246	18.3	60.7	1.06
767	chr17	23895507	23896507	CpG: 71	1000	71	620	14.2	62	0.74
767	chr17	23898447	23898795	CpG: 26	348	26	230	14.9	66.1	0.69
767	chr17	23918407	23919292	CpG: 120	885	120	676	27.1	76.4	0.95
767	chr17	23945186	23945845	CpG: 63	659	63	408	19.1	61.9	1
767	chr17	23958788	23959543	CpG: 77	755	77	502	20.4	66.5	0.92
767	chr17	23961459	23961728	CpG: 32	269	32	184	23.8	68.4	1.08
767	chr17	23964660	23964907	CpG: 21	247	21	154	17	62.3	0.9
768	chr17	23990079	23990477	CpG: 36	398	36	263	18.1	66.1	0.83
768	chr17	24004822	24005220	CpG: 35	398	35	267	17.6	67.1	0.78
768	chr17	24009434	24009657	CpG: 20	223	20	152	17.9	68.2	0.78
768	chr17	24021792	24022972	CpG: 123	1180	123	748	20.8	63.4	1.04
768	chr17	24025892	24026148	CpG: 25	256	25	178	19.5	69.5	0.81
768	chr17	24038163	24039191	CpG: 71	1028	71	549	13.8	53.4	0.98
768	chr17	24047630	24047978	CpG: 40	348	40	225	23	64.7	1.1
770	chr17	24292055	24292620	CpG: 58	565	58	384	20.5	68	0.89
770	chr17	24360136	24360849	CpG: 91	713	91	535	25.5	75	0.93
771	chr17	24382563	24382780	CpG: 26	217	26	151	24	69.6	0.99
771	chr17	24387779	24388756	CpG: 86	977	86	634	17.6	64.9	0.84
771	chr17	24424268	24425945	CpG: 122	1677	122	1026	14.5	61.2	0.78
771	chr17	24427739	24428340	CpG: 54	601	54	429	18	71.4	0.71
771	chr17	24439483	24439769	CpG: 27	286	27	185	18.9	64.7	0.93
771	chr17	24470097	24470719	CpG: 65	622	65	418	20.9	67.2	0.94
772	chr17	24570651	24571573	CpG: 88	922	88	632	19.1	68.5	0.81
772	chr17	24633512	24634127	CpG: 64	615	64	403	20.8	65.5	0.99
773	chr17	24645561	24645990	CpG: 45	429	45	303	21	70.6	0.88
773	chr17	24673629	24673832	CpG: 14	203	14	128	13.8	63.1	0.7
773	chr17	24674017	24674417	CpG: 45	400	45	248	22.5	62	1.17
773	chr17	24689106	24690357	CpG: 118	1251	118	743	18.9	59.4	1.07
773	chr17	24697668	24698194	CpG: 44	526	44	334	16.7	63.5	0.83
773	chr17	24707312	24708285	CpG: 107	973	107	653	22	67.1	0.98
773	chr17	24724072	24724410	CpG: 28	338	28	225	16.6	66.6	0.75
773	chr17	24725504	24725846	CpG: 29	342	29	234	17	68.4	0.77
773	chr17	24746615	24746931	CpG: 30	316	30	207	19	65.5	0.92
773	chr17	24752583	24752816	CpG: 19	233	19	136	16.3	58.4	1.01
773	chr17	24768659	24769841	CpG: 104	1182	104	745	17.6	63	0.89
774	chr17	24851327	24851934	CpG: 58	607	58	389	19.1	64.1	0.93
774	chr17	24868814	24869162	CpG: 43	348	43	253	24.7	72.7	0.94
774	chr17	24877137	24877561	CpG: 37	424	37	262	17.5	61.8	0.92
774	chr17	24888485	24889121	CpG: 66	636	66	399	20.8	62.7	1.08
775	chr17	24906393	24906701	CpG: 30	308	30	200	19.5	64.9	0.95
775	chr17	24908702	24908982	CpG: 34	280	34	203	24.3	72.5	0.93
775	chr17	24914726	24915582	CpG: 109	856	109	620	25.5	72.4	0.99
775	chr17	24926469	24926680	CpG: 21	211	21	135	19.9	64	0.99
775	chr17	24938546	24939292	CpG: 67	746	67	463	18	62.1	0.94
775	chr17	24943039	24943468	CpG: 38	429	38	275	17.7	64.1	0.88
775	chr17	24971524	24972503	CpG: 88	979	88	632	18	64.6	0.86
775	chr17	25023024	25023540	CpG: 58	516	58	353	22.5	68.4	0.97
776	chr17	25068780	25069826	CpG: 87	1046	87	675	16.6	64.5	0.81
776	chr17	25105132	25106077	CpG: 83	945	83	585	17.6	61.9	0.92
776	chr17	25113862	25114467	CpG: 65	605	65	370	21.5	61.2	1.15
776	chr17	25114776	25114993	CpG: 16	217	16	124	14.7	57.1	0.9
776	chr17	25115422	25115868	CpG: 39	446	39	295	17.5	66.1	0.81
776	chr17	25155430	25156038	CpG: 67	608	67	391	22	64.3	1.1
777	chr17	25179290	25179904	CpG: 61	614	61	422	19.9	68.7	0.88
777	chr17	25232669	25233416	CpG: 69	747	69	508	18.5	68	0.81
777	chr17	25234228	25235836	CpG: 155	1608	155	1007	19.3	62.6	0.99
778	chr17	25334754	25335026	CpG: 27	272	27	169	19.9	62.1	1.04
778	chr17	25352314	25352634	CpG: 37	320	37	216	23.1	67.5	1.03
778	chr17	25403107	25403888	CpG: 71	781	71	485	18.2	62.1	0.95
778	chr17	25407161	25408010	CpG: 104	849	104	623	24.5	73.4	0.93
779	chr17	25441118	25441723	CpG: 44	605	44	377	14.5	62.3	0.75
779	chr17	25458853	25459568	CpG: 70	715	70	475	19.6	66.4	0.89
779	chr17	25474876	25475246	CpG: 30	370	30	227	16.2	61.4	0.86
779	chr17	25491897	25493294	CpG: 126	1397	126	887	18	63.5	0.9
780	chr17	25604691	25604900	CpG: 16	209	16	148	15.3	70.8	0.61
780	chr17	25611264	25611497	CpG: 20	233	20	151	17.2	64.8	0.82
780	chr17	25651629	25653343	CpG: 158	1714	158	1111	18.4	64.8	0.88
781	chr17	25693621	25693870	CpG: 24	249	24	152	19.3	61	1.03
781	chr17	25789117	25790425	CpG: 110	1308	110	883	16.8	67.5	0.74
781	chr17	25798014	25798384	CpG: 33	370	33	242	17.8	65.4	0.84
782	chr17	25936368	25936656	CpG: 41	288	41	224	28.5	77.8	0.95
783	chr17	25992570	25992934	CpG: 32	364	32	227	17.6	62.4	0.92
783	chr17	26011045	26011531	CpG: 39	486	39	300	16	61.7	0.85
783	chr17	26015255	26016184	CpG: 78	929	78	609	16.8	65.6	0.78
783	chr17	26027570	26028690	CpG: 105	1120	105	692	18.8	61.8	0.98
783	chr17	26032455	26032734	CpG: 20	279	20	176	14.3	63.1	0.73
783	chr17	26038461	26038791	CpG: 29	330	29	230	17.6	69.7	0.76
783	chr17	26051505	26052650	CpG: 103	1145	103	755	18	65.9	0.83
783	chr17	26056005	26056281	CpG: 26	276	26	149	18.8	54	1.31
783	chr17	26063096	26063422	CpG: 34	326	34	225	20.9	69	0.88
783	chr17	26080262	26080676	CpG: 52	414	52	291	25.1	70.3	1.04
784	chr17	26087277	26087780	CpG: 48	503	48	361	19.1	71.8	0.74
784	chr17	26094018	26094768	CpG: 59	750	59	440	15.7	58.7	0.92
784	chr17	26138097	26138788	CpG: 75	691	75	477	21.7	69	0.95
784	chr17	26160730	26161007	CpG: 38	277	38	201	27.4	72.6	1.05
784	chr17	26170535	26171168	CpG: 77	633	77	447	24.3	70.6	0.98
784	chr17	26204176	26205070	CpG: 91	894	91	592	20.4	66.2	0.93
785	chr17	26286573	26288701	CpG: 167	2128	167	1396	15.7	65.6	0.73
785	chr17	26314120	26314498	CpG: 39	378	39	256	20.6	67.7	0.9
785	chr17	26332027	26332796	CpG: 81	769	81	522	21.1	67.9	0.92
785	chr17	26342431	26342728	CpG: 34	297	34	191	22.9	64.3	1.11
786	chr17	26357347	26358223	CpG: 102	876	102	608	23.3	69.4	0.97
786	chr17	26419895	26420514	CpG: 78	619	78	444	25.2	71.7	1.01
786	chr17	26422254	26422638	CpG: 30	384	30	244	15.6	63.5	0.78
786	chr17	26462843	26463360	CpG: 44	517	44	348	17	67.3	0.76
786	chr17	26471801	26472574	CpG: 77	773	77	505	19.9	65.3	0.93
788	chr17	26633532	26634347	CpG: 98	815	98	548	24	67.2	1.07
788	chr17	26650777	26651291	CpG: 57	514	57	351	22.2	68.3	0.95
788	chr17	26657650	26658325	CpG: 97	675	97	504	28.7	74.7	1.03
788	chr17	26726956	26727878	CpG: 103	922	103	642	22.3	69.6	0.92
789	chr17	26780343	26780806	CpG: 41	463	41	282	17.7	60.9	0.96
790	chr17	26895315	26895710	CpG: 39	395	39	260	19.7	65.8	0.94
790	chr17	26934375	26935615	CpG: 127	1240	127	815	20.5	65.7	0.95
790	chr17	26999958	27000435	CpG: 35	477	35	284	14.7	59.5	0.85
791	chr17	27057605	27058794	CpG: 108	1189	108	731	18.2	61.5	0.96
791	chr17	27063156	27063755	CpG: 47	599	47	341	15.7	56.9	0.97
791	chr17	27068693	27070023	CpG: 94	1330	94	787	14.1	59.2	0.81
791	chr17	27105071	27105304	CpG: 20	233	20	146	17.2	62.7	0.88
792	chr17	27135762	27136578	CpG: 80	816	80	510	19.6	62.5	1.01
792	chr17	27143114	27143366	CpG: 20	252	20	161	15.9	63.9	0.8
792	chr17	27151899	27152217	CpG: 34	318	34	229	21.4	72	0.84
792	chr17	27158260	27158933	CpG: 68	673	68	461	20.2	68.5	0.87
792	chr17	27165624	27165874	CpG: 35	250	35	187	28	74.8	1.01
792	chr17	27167642	27168084	CpG: 51	442	51	285	23.1	64.5	1.18
792	chr17	27191874	27192341	CpG: 58	467	58	338	24.8	72.4	0.95
793	chr17	27275900	27276554	CpG: 74	654	74	476	22.6	72.8	0.86
793	chr17	27332501	27332935	CpG: 31	434	31	276	14.3	63.6	0.71
793	chr17	27334809	27335069	CpG: 19	260	19	163	14.6	62.7	0.74
793	chr17	27352571	27352986	CpG: 40	415	40	284	19.3	68.4	0.84
794	chr17	27422555	27423584	CpG: 144	1029	144	755	28	73.4	1.04
795	chr17	27634129	27634361	CpG: 18	232	18	122	15.5	52.6	1.12
795	chr17	27653692	27654144	CpG: 34	452	34	283	15	62.6	0.78
796	chr17	27691881	27692124	CpG: 19	243	19	150	15.6	61.7	0.83
796	chr17	27721653	27721972	CpG: 27	319	27	206	16.9	64.6	0.81
796	chr17	27730897	27732809	CpG: 202	1912	202	1321	21.1	69.1	0.89
796	chr17	27739693	27740075	CpG: 34	382	34	251	17.8	65.7	0.83
796	chr17	27774084	27776924	CpG: 285	2840	285	1968	20.1	69.3	0.84
796	chr17	27784397	27784977	CpG: 56	580	56	410	19.3	70.7	0.78
797	chr17	27841638	27842765	CpG: 122	1127	122	721	21.7	64	1.06
797	chr17	27853888	27854483	CpG: 69	595	69	430	23.2	72.3	0.89
797	chr17	27858091	27858333	CpG: 20	242	20	144	16.5	59.5	0.95
797	chr17	27874355	27874901	CpG: 60	546	60	343	22	62.8	1.12
797	chr17	27903947	27904362	CpG: 36	415	36	237	17.3	57.1	1.06
798	chr17	27921540	27921868	CpG: 32	328	32	228	19.5	69.5	0.82
798	chr17	27938895	27939144	CpG: 19	249	19	162	15.3	65.1	0.72
798	chr17	28039058	28039903	CpG: 100	845	100	593	23.7	70.2	0.97
799	chr17	28058975	28059346	CpG: 30	371	30	247	16.2	66.6	0.74
799	chr17	28075342	28076119	CpG: 91	777	91	554	23.4	71.3	0.94
799	chr17	28106357	28106560	CpG: 16	203	16	130	15.8	64	0.77
799	chr17	28126429	28126785	CpG: 32	356	32	213	18	59.8	1.03
799	chr17	28127902	28128984	CpG: 108	1082	108	701	20	64.8	0.95
800	chr17	28295003	28295356	CpG: 36	353	36	246	20.4	69.7	0.84
800	chr17	28298734	28299245	CpG: 56	511	56	359	21.9	70.3	0.89
800	chr17	28299560	28299862	CpG: 25	302	25	209	16.6	69.2	0.69
801	chr17	28360562	28361560	CpG: 101	998	101	618	20.2	61.9	1.07
801	chr17	28395907	28396639	CpG: 92	732	92	549	25.1	75	0.9
802	chr17	28442652	28442964	CpG: 28	312	28	204	17.9	65.4	0.85
802	chr17	28451516	28452009	CpG: 46	493	46	320	18.7	64.9	0.96
802	chr17	28516032	28516246	CpG: 18	214	18	128	16.8	59.8	0.94
802	chr17	28532279	28532883	CpG: 69	604	69	431	22.8	71.4	0.9
802	chr17	28547405	28548309	CpG: 92	904	92	618	20.4	68.4	0.87
802	chr17	28560087	28560520	CpG: 31	433	31	297	14.3	68.6	0.61
802	chr17	28568978	28570506	CpG: 126	1528	126	975	16.5	63.8	0.81
803	chr17	28583222	28583545	CpG: 30	323	30	223	18.6	69	0.78
100	chr17	28704471	28705290	CpG: 138	819	138	637	33.7	77.8	1.12
804	chr17	28737053	28737410	CpG: 28	357	28	219	15.7	61.3	0.83
804	chr17	28741777	28742452	CpG: 69	675	69	465	20.4	68.9	0.86
804	chr17	28794471	28794746	CpG: 28	275	28	200	20.4	72.7	0.77
805	chr17	28840377	28841648	CpG: 117	1271	117	805	18.4	63.3	0.92
805	chr17	28908615	28908839	CpG: 28	224	28	167	25	74.6	0.9
805	chr17	28910084	28911568	CpG: 149	1484	149	1014	20.1	68.3	0.86
806	chr17	28988248	28988573	CpG: 34	325	34	239	20.9	73.5	0.78
806	chr17	28988947	28989198	CpG: 19	251	19	169	15.1	67.3	0.67
806	chr17	29019635	29020808	CpG: 126	1173	126	786	21.5	67	0.96
806	chr17	29025361	29025589	CpG: 18	228	18	140	15.8	61.4	0.86
807	chr17	29171142	29171741	CpG: 66	599	66	398	22	66.4	1.01
807	chr17	29226636	29227056	CpG: 58	420	58	311	27.6	74	1.01
808	chr17	29251078	29251917	CpG: 89	839	89	528	21.2	62.9	1.09
808	chr17	29312576	29314688	CpG: 158	2112	158	1280	15	60.6	0.82
808	chr17	29317402	29317637	CpG: 23	235	23	151	19.6	64.3	0.96
809	chr17	29456413	29457444	CpG: 102	1031	102	697	19.8	67.6	0.88
809	chr17	29482742	29483183	CpG: 36	441	36	275	16.3	62.4	0.84
809	chr17	29487757	29488221	CpG: 45	464	45	286	19.4	61.6	1.02
810	chr17	29541170	29541422	CpG: 24	252	24	163	19	64.7	0.93
810	chr17	29545564	29545890	CpG: 26	326	26	210	16	64.4	0.8
810	chr17	29566457	29566991	CpG: 76	534	76	409	28.5	76.6	0.97
811	chr17	29656261	29656498	CpG: 22	237	22	163	18.6	68.8	0.8
811	chr17	29709413	29711179	CpG: 159	1766	159	1072	18	60.7	0.98
812	chr17	29768618	29768922	CpG: 28	304	28	228	18.4	75	0.66
812	chr17	29833691	29834271	CpG: 70	580	70	426	24.1	73.4	0.9
812	chr17	29879461	29880037	CpG: 65	576	65	408	22.6	70.8	0.9
813	chr17	29935790	29936127	CpG: 34	337	34	205	20.2	60.8	1.12
813	chr17	29978927	29979185	CpG: 19	258	19	137	14.7	53.1	1.04
814	chr17	30061057	30061349	CpG: 31	292	31	206	21.2	70.5	0.87
814	chr17	30071374	30071587	CpG: 23	213	23	131	21.6	61.5	1.16
814	chr17	30105878	30107588	CpG: 167	1710	167	1173	19.5	68.6	0.83
814	chr17	30107995	30108913	CpG: 66	918	66	602	14.4	65.6	0.67
815	chr17	30223170	30224552	CpG: 121	1382	121	826	17.5	59.8	0.98
819	chr17	30702491	30702870	CpG: 26	379	26	223	13.7	58.8	0.8
819	chr17	30794595	30795616	CpG: 92	1021	92	584	18	57.2	1.11
820	chr17	30831329	30831666	CpG: 24	337	24	226	14.2	67.1	0.63
822	chr17	31120506	31120999	CpG: 45	493	45	362	18.3	73.4	0.68
823	chr17	31276571	31276992	CpG: 37	421	37	255	17.6	60.6	0.96
825	chr17	31495965	31496380	CpG: 33	415	33	258	15.9	62.2	0.83
825	chr17	31515056	31515689	CpG: 60	633	60	435	19	68.7	0.82
826	chr17	31605100	31605616	CpG: 46	516	46	330	17.8	64	0.88
827	chr17	31730932	31731374	CpG: 52	442	52	308	23.5	69.7	0.97
827	chr17	31738944	31739306	CpG: 31	362	31	234	17.1	64.6	0.83
827	chr17	31783201	31784595	CpG: 133	1394	133	795	19.1	57	1.18
828	chr17	31855446	31856431	CpG: 81	985	81	603	16.4	61.2	0.88
828	chr17	31877075	31877971	CpG: 105	896	105	597	23.4	66.6	1.06
829	chr17	32068911	32069116	CpG: 15	205	15	130	14.6	63.4	0.74
829	chr17	32073856	32075073	CpG: 125	1217	125	765	20.5	62.9	1.07
831	chr17	32255264	32255660	CpG: 58	396	58	285	29.3	72	1.14
831	chr17	32319001	32319447	CpG: 42	446	42	301	18.8	67.5	0.83
831	chr17	32332671	32333157	CpG: 42	486	42	317	17.3	65.2	0.81
831	chr17	32362412	32362696	CpG: 24	284	24	195	16.9	68.7	0.72
832	chr17	32381180	32381777	CpG: 55	597	55	398	18.4	66.7	0.84
832	chr17	32384722	32385235	CpG: 42	513	42	338	16.4	65.9	0.76
832	chr17	32385769	32385976	CpG: 23	207	23	144	22.2	69.6	0.95
832	chr17	32408078	32408400	CpG: 28	322	28	206	17.4	64	0.85
832	chr17	32502924	32503804	CpG: 90	880	90	466	20.5	53	1.46
833	chr17	32539311	32540673	CpG: 126	1362	126	868	18.5	63.7	0.92
833	chr17	32569411	32569872	CpG: 35	461	35	279	15.2	60.5	0.85
833	chr17	32583034	32583565	CpG: 71	531	71	364	26.7	68.5	1.14
833	chr17	32607794	32608525	CpG: 64	731	64	515	17.5	70.5	0.71
833	chr17	32611384	32611644	CpG: 27	260	27	180	20.8	69.2	0.87
833	chr17	32615183	32615853	CpG: 66	670	66	450	19.7	67.2	0.89
833	chr17	32634801	32635082	CpG: 29	281	29	183	20.6	65.1	0.98
834	chr17	32671594	32671820	CpG: 17	226	17	152	15	67.3	0.74
834	chr17	32711284	32711577	CpG: 25	293	25	182	17.1	62.1	0.88
836	chr17	33006829	33007108	CpG: 28	279	28	185	20.1	66.3	0.92
837	chr17	33143758	33143962	CpG: 21	204	21	136	20.6	66.7	0.93
838	chr17	33184974	33185210	CpG: 20	236	20	145	16.9	61.4	0.9
841	chr17	33577406	33577681	CpG: 24	275	24	180	17.5	65.5	0.81
842	chr17	33743125	33743343	CpG: 21	218	21	144	19.3	66.1	0.88
843	chr17	33848062	33848303	CpG: 27	241	27	166	22.4	68.9	0.95
843	chr17	33868773	33869114	CpG: 23	341	23	222	13.5	65.1	0.66
843	chr17	33903697	33904631	CpG: 86	934	86	582	18.4	62.3	0.95
843	chr17	33937603	33937809	CpG: 22	206	22	140	21.4	68	0.94
844	chr17	33978861	33979352	CpG: 52	491	52	341	21.2	69.5	0.94
844	chr17	34000151	34000413	CpG: 27	262	27	180	20.6	68.7	0.87
844	chr17	34036282	34037313	CpG: 114	1031	114	724	22.1	70.2	0.9
844	chr17	34043430	34043681	CpG: 30	251	30	157	23.9	62.5	1.23
844	chr17	34062016	34062436	CpG: 40	420	40	278	19	66.2	0.87
845	chr17	34102468	34102720	CpG: 19	252	19	161	15.1	63.9	0.77
845	chr17	34109135	34109939	CpG: 79	804	79	489	19.7	60.8	1.06
845	chr17	34127438	34128803	CpG: 108	1365	108	880	15.8	64.5	0.76
845	chr17	34130547	34130987	CpG: 32	440	32	273	14.5	62	0.77
845	chr17	34134865	34135308	CpG: 40	443	40	296	18.1	66.8	0.88
845	chr17	34138767	34139554	CpG: 60	787	60	490	15.2	62.3	0.79
845	chr17	34148166	34149344	CpG: 107	1178	107	792	18.2	67.2	0.81
845	chr17	34159164	34160259	CpG: 80	1095	80	644	14.6	58.8	0.85
845	chr17	34170200	34170574	CpG: 31	374	31	245	16.6	65.5	0.77
845	chr17	34174255	34175258	CpG: 75	1003	75	607	15	60.5	0.82
845	chr17	34196730	34197729	CpG: 80	999	80	612	16	61.3	0.86
846	chr17	34218230	34219372	CpG: 118	1142	118	738	20.7	64.6	0.99
846	chr17	34243325	34244224	CpG: 103	899	103	659	22.9	73.3	0.85
846	chr17	34246615	34247163	CpG: 51	548	51	381	18.6	69.5	0.77
846	chr17	34250491	34251457	CpG: 108	966	108	628	22.4	65	1.06
846	chr17	34294956	34295165	CpG: 22	209	22	136	21.1	65.1	1.1
105	chr17	34337370	34341955	CpG: 371	4585	371	2939	16.2	64.1	0.79
847	chr17	34406647	34407040	CpG: 34	393	34	258	17.3	65.6	0.8
848	chr17	34483485	34484070	CpG: 80	585	80	421	27.4	72	1.06
848	chr17	34528607	34528829	CpG: 24	222	24	138	21.6	62.2	1.14
850	chr17	34805833	34806880	CpG: 90	1047	90	695	17.2	66.4	0.78
850	chr17	34811300	34811687	CpG: 34	387	34	301	17.6	77.8	0.62
850	chr17	34822237	34822471	CpG: 22	234	22	150	18.8	64.1	1.03
850	chr17	34822986	34823449	CpG: 39	463	39	298	16.8	64.4	0.82
850	chr17	34824602	34825095	CpG: 38	493	38	340	15.4	69	0.65
850	chr17	34851060	34851375	CpG: 30	315	30	199	19	63.2	1.03
851	chr17	34865986	34866620	CpG: 60	634	60	440	18.9	69.4	0.81
851	chr17	34890136	34891729	CpG: 164	1593	164	1091	20.6	68.5	0.89
851	chr17	34898855	34899482	CpG: 53	627	53	419	16.9	66.8	0.77
852	chr17	35055283	35056663	CpG: 114	1380	114	860	16.5	62.3	0.85
852	chr17	35069109	35069620	CpG: 65	511	65	361	25.4	70.6	1.03
852	chr17	35113126	35114462	CpG: 108	1336	108	856	16.2	64.1	0.8
852	chr17	35117512	35118536	CpG: 95	1024	95	713	18.6	69.6	0.77
852	chr17	35124319	35124537	CpG: 17	218	17	134	15.6	61.5	0.83
853	chr17	35150138	35150494	CpG: 34	356	34	236	19.1	66.3	0.88
853	chr17	35170960	35171551	CpG: 41	591	41	361	13.9	61.1	0.75
853	chr17	35176317	35178291	CpG: 212	1974	212	1293	21.5	65.5	1
853	chr17	35189235	35191209	CpG: 208	1974	208	1287	21.1	65.2	0.99
853	chr17	35196497	35196793	CpG: 33	296	33	190	22.3	64.2	1.11
853	chr17	35197262	35197549	CpG: 23	287	23	174	16	60.6	0.87
853	chr17	35200691	35201466	CpG: 70	775	70	461	18.1	59.5	1.03
853	chr17	35219802	35220594	CpG: 94	792	94	582	23.7	73.5	0.9
854	chr17	35265410	35266000	CpG: 49	590	49	359	16.6	60.8	0.9
854	chr17	35277989	35278625	CpG: 45	636	45	388	14.2	61	0.76
854	chr17	35284297	35284764	CpG: 33	467	33	281	14.1	60.2	0.78
854	chr17	35308120	35308691	CpG: 62	571	62	381	21.7	66.7	0.98
854	chr17	35339784	35340762	CpG: 78	978	78	612	16	62.6	0.82
854	chr17	35345147	35345515	CpG: 38	368	38	253	20.7	68.8	0.87
854	chr17	35354084	35354799	CpG: 74	715	74	454	20.7	63.5	1.04
854	chr17	35375343	35375585	CpG: 20	242	20	150	16.5	62	0.91
854	chr17	35383260	35384379	CpG: 99	1119	99	690	17.7	61.7	0.94
855	chr17	35414589	35415252	CpG: 67	663	67	442	20.2	66.7	0.92
855	chr17	35455511	35455713	CpG: 15	202	15	128	14.9	63.4	0.78
855	chr17	35460328	35461453	CpG: 94	1125	94	683	16.7	60.7	0.91
855	chr17	35481957	35483104	CpG: 114	1147	114	743	19.9	64.8	0.95
856	chr17	35539593	35540230	CpG: 65	637	65	424	20.4	66.6	0.92
856	chr17	35561312	35561759	CpG: 55	447	55	312	24.6	69.8	1.01
856	chr17	35578079	35578659	CpG: 52	580	52	381	17.9	65.7	0.83
856	chr17	35598522	35599626	CpG: 98	1104	98	681	17.8	61.7	0.94
856	chr17	35613014	35614069	CpG: 99	1055	99	682	18.8	64.6	0.9
856	chr17	35643764	35644836	CpG: 96	1072	96	680	17.9	63.4	0.89
857	chr17	35658109	35659047	CpG: 89	938	89	602	19	64.2	0.92
857	chr17	35737654	35738726	CpG: 98	1072	98	682	18.3	63.6	0.9
857	chr17	35752040	35752978	CpG: 89	938	89	602	19	64.2	0.92
857	chr17	35780864	35781885	CpG: 87	1021	87	611	17	59.8	0.96
858	chr17	35827555	35828192	CpG: 55	637	55	387	17.3	60.8	0.96
859	chr17	35978267	35978839	CpG: 56	572	56	355	19.6	62.1	1.02
859	chr17	36011301	36011888	CpG: 51	587	51	373	17.4	63.5	0.86
860	chr17	36132678	36133329	CpG: 52	651	52	383	16	58.8	0.93
860	chr17	36134158	36134389	CpG: 23	231	23	162	19.9	70.1	0.84
860	chr17	36146249	36146603	CpG: 27	354	27	218	15.3	61.6	0.86
860	chr17	36147952	36148170	CpG: 23	218	23	159	21.1	72.9	0.8
860	chr17	36149065	36149304	CpG: 27	239	27	163	22.6	68.2	1
860	chr17	36152210	36152594	CpG: 39	384	39	241	20.3	62.8	1.03
860	chr17	36172066	36172475	CpG: 40	409	40	284	19.6	69.4	0.81
861	chr17	36176616	36177761	CpG: 78	1145	78	751	13.6	65.6	0.64
861	chr17	36190532	36191057	CpG: 65	525	65	362	24.8	69	1.05
861	chr17	36207732	36208386	CpG: 84	654	84	504	25.7	77.1	0.87
861	chr17	36220803	36221027	CpG: 24	224	24	148	21.4	66.1	0.98
861	chr17	36226977	36228047	CpG: 98	1070	98	596	18.3	55.7	1.19
861	chr17	36280301	36280864	CpG: 62	563	62	389	22	69.1	0.93
861	chr17	36290198	36291617	CpG: 131	1419	131	861	18.5	60.7	1
862	chr17	36352917	36353123	CpG: 18	206	18	132	17.5	64.1	0.85
862	chr17	36394110	36395111	CpG: 92	1001	92	647	18.4	64.6	0.88
862	chr17	36421655	36421859	CpG: 17	204	17	122	16.7	59.8	0.93
862	chr17	36422125	36422345	CpG: 29	220	29	147	26.4	66.8	1.19
863	chr17	36455789	36456882	CpG: 110	1093	110	722	20.1	66.1	0.93
863	chr17	36468834	36469098	CpG: 35	264	35	199	26.5	75.4	0.95
863	chr17	36472553	36472940	CpG: 42	387	42	270	21.7	69.8	0.89
863	chr17	36478310	36479392	CpG: 102	1082	102	688	18.9	63.6	0.93
863	chr17	36489861	36490221	CpG: 40	360	40	262	22.2	72.8	0.84
863	chr17	36516806	36517117	CpG: 39	311	39	219	25.1	70.4	1.02
863	chr17	36542158	36542478	CpG: 40	320	40	235	25	73.4	0.93
863	chr17	36559764	36560074	CpG: 33	310	33	212	21.3	68.4	0.91
863	chr17	36568512	36568786	CpG: 21	274	21	175	15.3	63.9	0.75
864	chr17	36581882	36582814	CpG: 108	932	108	633	23.2	67.9	1.01
868	chr17	37147818	37148339	CpG: 54	521	54	359	20.7	68.9	0.88
869	chr17	37253790	37254305	CpG: 53	515	53	366	20.6	71.1	0.84
869	chr17	37257956	37258506	CpG: 59	550	59	381	21.5	69.3	0.89
869	chr17	37269356	37269636	CpG: 31	280	31	166	22.1	59.3	1.27
869	chr17	37299509	37299801	CpG: 24	292	24	184	16.4	63	0.83
869	chr17	37313537	37313898	CpG: 37	361	37	245	20.5	67.9	0.92
870	chr17	37356693	37357560	CpG: 88	867	88	600	20.3	69.2	0.87
870	chr17	37361438	37362094	CpG: 49	656	49	460	14.9	70.1	0.61
871	chr17	37507891	37508523	CpG: 67	632	67	436	21.2	69	0.89
891	chr17	40154059	40157237	CpG: 355	3178	355	2177	22.3	68.5	0.95
891	chr17	40159111	40159714	CpG: 76	603	76	389	25.2	64.5	1.23
899	chr17	41190903	41191174	CpG: 21	271	21	170	15.5	62.7	0.79
899	chr17	41245315	41245699	CpG: 36	384	36	225	18.8	58.6	1.09
910	chr17	42626990	42627746	CpG: 68	756	68	509	18	67.3	0.81
914	chr17	43187041	43187709	CpG: 88	668	88	503	26.3	75.3	0.93
915	chr17	43327385	43328551	CpG: 106	1166	106	743	18.2	63.7	0.9
920	chr17	43940610	43941316	CpG: 75	706	75	514	21.2	72.8	0.81
920	chr17	43977741	43978215	CpG: 40	474	40	309	16.9	65.2	0.79
921	chr17	44112657	44113017	CpG: 47	360	47	270	26.1	75	0.93
923	chr17	44416439	44416904	CpG: 63	465	63	344	27.1	74	1
924	chr17	44499396	44499877	CpG: 37	481	37	291	15.4	60.5	0.84
928	chr17	45045337	45047522	CpG: 168	2185	168	1269	15.4	58.1	0.91
928	chr17	45087877	45088514	CpG: 72	637	72	462	22.6	72.5	0.87
116	chr17	45743867	45745191	CpG: 125	1324	125	817	18.9	61.7	0.99
934	chr17	45817697	45818044	CpG: 40	347	40	237	23.1	68.3	0.99
934	chr17	45845732	45846055	CpG: 24	323	24	199	14.9	61.6	0.78
934	chr17	45855720	45856872	CpG: 123	1152	123	776	21.4	67.4	0.94
934	chr17	45857714	45858014	CpG: 22	300	22	186	14.7	62	0.78
934	chr17	45859943	45860578	CpG: 60	635	60	463	18.9	72.9	0.73
934	chr17	45866528	45867211	CpG: 52	683	52	445	15.2	65.2	0.72
116	chr17	45874772	45875343	CpG: 55	571	55	401	19.3	70.2	0.82
935	chr17	45883406	45884362	CpG: 85	956	85	662	17.8	69.2	0.74
935	chr17	45906236	45906876	CpG: 58	640	58	445	18.1	69.5	0.8
935	chr17	45941161	45941503	CpG: 26	342	26	215	15.2	62.9	0.84
935	chr17	45996229	45997682	CpG: 116	1453	116	939	16	64.6	0.77
936	chr17	46044809	46045101	CpG: 38	292	38	218	26	74.7	0.94
936	chr17	46047540	46047901	CpG: 33	361	33	182	18.3	50.4	1.44
936	chr17	46116250	46116948	CpG: 48	698	48	456	13.8	65.3	0.66
938	chr17	46341311	46343436	CpG: 194	2125	194	1358	18.3	63.9	0.9
939	chr17	46421851	46422239	CpG: 34	388	34	261	17.5	67.3	0.78
939	chr17	46471712	46471992	CpG: 20	280	20	168	14.3	60	0.8
939	chr17	46513284	46513935	CpG: 69	651	69	424	21.2	65.1	1.01
940	chr17	46558782	46559441	CpG: 75	659	75	443	22.8	67.2	1.02
940	chr17	46564503	46564990	CpG: 39	487	39	269	16	55.2	1.05
940	chr17	46565226	46565524	CpG: 35	298	35	212	23.5	71.1	0.93
940	chr17	46608437	46609285	CpG: 96	848	96	611	22.6	72.1	0.89
940	chr17	46638728	46639424	CpG: 53	696	53	435	15.2	62.5	0.78
941	chr17	46694314	46695429	CpG: 165	1115	165	859	29.6	77	1.01
941	chr17	46755950	46756437	CpG: 45	487	45	351	18.5	72.1	0.76
941	chr17	46771695	46771939	CpG: 30	244	30	178	24.6	73	0.97
942	chr17	46798136	46798607	CpG: 45	471	45	291	19.1	61.8	1
942	chr17	46807614	46807924	CpG: 34	310	34	204	21.9	65.8	1.05
942	chr17	46865916	46867302	CpG: 143	1386	143	902	20.6	65.1	1.03
943	chr17	46939738	46940400	CpG: 71	662	71	464	21.5	70.1	0.88
943	chr17	46956911	46957441	CpG: 51	530	51	334	19.2	63	0.97
943	chr17	46961273	46961869	CpG: 55	596	55	413	18.5	69.3	0.8
943	chr17	46963908	46964121	CpG: 19	213	19	132	17.8	62	0.93
943	chr17	46984940	46985356	CpG: 35	416	35	262	16.8	63	0.95
943	chr17	46991549	46992130	CpG: 54	581	54	386	18.6	66.4	0.85
943	chr17	47015612	47016166	CpG: 52	554	52	373	18.8	67.3	0.83
943	chr17	47022236	47023233	CpG: 105	997	105	683	21.1	68.5	0.9
943	chr17	47039908	47040113	CpG: 20	205	20	140	19.5	68.3	0.86
944	chr17	47062901	47063263	CpG: 42	362	42	237	23.2	65.5	1.08
944	chr17	47083765	47084063	CpG: 28	298	28	207	18.8	69.5	0.79
944	chr17	47167424	47168593	CpG: 126	1169	126	795	21.6	68	0.94
945	chr17	47200372	47200909	CpG: 42	537	42	343	15.6	63.9	0.78
945	chr17	47201442	47202107	CpG: 71	665	71	420	21.4	63.2	1.07
945	chr17	47202209	47202411	CpG: 15	202	15	122	14.9	60.4	0.82
945	chr17	47291376	47291634	CpG: 19	258	19	145	14.7	56.2	0.93
946	chr17	47320867	47321459	CpG: 69	592	69	417	23.3	70.4	0.95
947	chr17	47450681	47451679	CpG: 68	998	68	577	13.6	57.8	0.82
948	chr17	47679765	47680271	CpG: 44	506	44	311	17.4	61.5	0.93
949	chr17	47721175	47721678	CpG: 52	503	52	307	20.7	61	1.15
949	chr17	47747350	47747612	CpG: 34	262	34	199	26	76	0.93
949	chr17	47779282	47779723	CpG: 41	441	41	297	18.6	67.3	0.82
949	chr17	47813007	47813313	CpG: 30	306	30	201	19.6	65.7	0.91
950	chr17	47904246	47904749	CpG: 59	503	59	355	23.5	70.6	0.94
950	chr17	47921836	47922615	CpG: 59	779	59	454	15.1	58.3	0.89
950	chr17	47940271	47940895	CpG: 88	624	88	460	28.2	73.7	1.08
951	chr17	47983325	47983754	CpG: 51	429	51	291	23.8	67.8	1.04
951	chr17	47998805	48000116	CpG: 98	1311	98	823	15	62.8	0.76
951	chr17	48005393	48006372	CpG: 100	979	100	684	20.4	69.9	0.84
951	chr17	48047858	48049477	CpG: 144	1619	144	1106	17.8	68.3	0.76
952	chr17	48143902	48144484	CpG: 49	582	49	371	16.8	63.7	0.85
952	chr17	48145082	48145575	CpG: 45	493	45	335	18.3	68	0.79
952	chr17	48183364	48183646	CpG: 26	282	26	159	18.4	56.4	1.16
952	chr17	48215247	48215455	CpG: 21	208	21	144	20.2	69.2	0.88
952	chr17	48220491	48220832	CpG: 29	341	29	189	17	55.4	1.11
952	chr17	48233127	48233673	CpG: 43	546	43	328	15.8	60.1	0.87
953	chr17	48234645	48235613	CpG: 95	968	95	637	19.6	65.8	0.91
953	chr17	48235973	48236178	CpG: 20	205	20	148	19.5	72.2	0.75
953	chr17	48247115	48247413	CpG: 23	298	23	178	15.4	59.7	0.89
953	chr17	48285108	48285362	CpG: 38	254	38	195	29.9	76.8	1.02
953	chr17	48286169	48286507	CpG: 33	338	33	241	19.5	71.3	0.77
953	chr17	48342485	48342847	CpG: 31	362	31	249	17.1	68.8	0.73
953	chr17	48351357	48352219	CpG: 70	862	70	605	16.2	70.2	0.66
953	chr17	48353019	48353225	CpG: 19	206	19	129	18.4	62.6	0.97
954	chr17	48406272	48406521	CpG: 22	249	22	153	17.7	61.4	0.94
954	chr17	48407352	48407651	CpG: 29	299	29	186	19.4	62.2	1
954	chr17	48408132	48408621	CpG: 38	489	38	301	15.5	61.6	0.82
956	chr17	48716038	48717308	CpG: 122	1270	122	828	19.2	65.2	0.91
959	chr17	49093337	49093557	CpG: 17	220	17	130	15.5	59.1	0.9
960	chr17	49238745	49239309	CpG: 50	564	50	336	17.7	59.6	1
964	chr17	49735278	49735577	CpG: 26	299	26	199	17.4	66.6	0.79
965	chr17	49871145	49871396	CpG: 24	251	24	169	19.1	67.3	0.86
965	chr17	49922041	49922479	CpG: 39	438	39	284	17.8	64.8	0.86
970	chr17	50496931	50497691	CpG: 63	760	63	436	16.6	57.4	1.04
971	chr17	50599712	50600819	CpG: 108	1107	108	776	19.5	70.1	0.8
972	chr17	50815715	50817037	CpG: 175	1322	175	969	26.5	73.3	0.99
977	chr17	51486263	51486609	CpG: 35	346	35	216	20.2	62.4	1.04
982	chr17	52119655	52120677	CpG: 103	1022	103	605	20.2	59.2	1.17
982	chr17	52138788	52140273	CpG: 141	1485	141	921	19	62	0.99
988	chr17	52909367	52909608	CpG: 25	241	25	167	20.7	69.3	0.88
995	chr17	53786028	53786970	CpG: 83	942	83	549	17.6	58.3	1.04
996	chr17	53874004	53875248	CpG: 121	1244	121	822	19.5	66.1	0.9
996	chr17	53996021	53996440	CpG: 54	419	54	269	25.8	64.2	1.27
1001	chr17	54605547	54605887	CpG: 24	340	24	219	14.1	64.4	0.73
1010	chr17	55752481	55753073	CpG: 60	592	60	414	20.3	69.9	0.83
1010	chr17	55789601	55789841	CpG: 23	240	23	157	19.2	65.4	0.91
1012	chr17	56019392	56019695	CpG: 25	303	25	172	16.5	56.8	1.1
1013	chr17	56185661	56186024	CpG: 37	363	37	248	20.4	68.3	0.89
1013	chr17	56199083	56199384	CpG: 35	301	35	217	23.3	72.1	0.91
1014	chr17	56251973	56252222	CpG: 33	249	33	180	26.5	72.3	1.03
1014	chr17	56263145	56263363	CpG: 22	218	22	154	20.2	70.6	0.82
1014	chr17	56266016	56266405	CpG: 38	389	38	222	19.5	57.1	1.2
1014	chr17	56277424	56277767	CpG: 39	343	39	249	22.7	72.6	0.89
1014	chr17	56307528	56307729	CpG: 16	201	16	137	15.9	68.2	0.69
1014	chr17	56316070	56316607	CpG: 40	537	40	291	14.9	54.2	1.02
1014	chr17	56343271	56343845	CpG: 65	574	65	372	22.6	64.8	1.12
1014	chr17	56347209	56347603	CpG: 44	394	44	235	22.3	59.6	1.27
1015	chr17	56381568	56382137	CpG: 45	569	45	333	15.8	58.5	1.01
1015	chr17	56386292	56386874	CpG: 47	582	47	322	16.2	55.3	1.09
1015	chr17	56426964	56427812	CpG: 66	848	66	565	15.6	66.6	0.7
1015	chr17	56430812	56431909	CpG: 110	1097	110	794	20.1	72.4	0.77
1015	chr17	56446577	56447457	CpG: 75	880	75	507	17	57.6	1.03
1015	chr17	56448808	56449011	CpG: 19	203	19	136	18.7	67	0.86
1015	chr17	56455781	56455985	CpG: 16	204	16	129	15.7	63.2	0.84
1015	chr17	56469184	56469539	CpG: 31	355	31	230	17.5	64.8	0.86
1015	chr17	56490691	56491086	CpG: 46	395	46	263	23.3	66.6	1.05
1016	chr17	56525536	56525906	CpG: 63	370	63	293	34.1	79.2	1.11
1016	chr17	56562947	56563229	CpG: 28	282	28	177	19.9	62.8	1.01
1016	chr17	56563645	56564632	CpG: 104	987	104	654	21.1	66.3	0.96
1016	chr17	56610224	56611503	CpG: 107	1279	107	813	16.7	63.6	0.83
1017	chr17	56632572	56633543	CpG: 94	971	94	606	19.4	62.4	1
1017	chr17	56729765	56730077	CpG: 21	312	21	177	13.5	56.7	1.24
1017	chr17	56732175	56732905	CpG: 99	730	99	524	27.1	71.8	1.05
1017	chr17	56734969	56735173	CpG: 25	204	25	155	24.5	76	0.86
1017	chr17	56735815	56736197	CpG: 32	382	32	248	16.8	64.9	0.82
1018	chr17	56768764	56769513	CpG: 67	749	67	498	17.9	66.5	0.83
1018	chr17	56780926	56781601	CpG: 52	675	52	441	15.4	65.3	0.73
1018	chr17	56782692	56783627	CpG: 91	935	91	667	19.5	71.3	0.77
1018	chr17	56818298	56819467	CpG: 103	1169	103	781	17.6	66.8	0.79
1019	chr17	56891148	56892552	CpG: 168	1404	168	911	23.9	64.9	1.14
1019	chr17	56916527	56916958	CpG: 37	431	37	253	17.2	58.7	1
1019	chr17	56920296	56921198	CpG: 80	902	80	585	17.7	64.9	0.85
1019	chr17	56933416	56933971	CpG: 70	555	70	392	25.2	70.6	1.01
1019	chr17	56980148	56980948	CpG: 88	800	88	583	22	72.9	0.83
1020	chr17	57023608	57025080	CpG: 112	1472	112	842	15.2	57.2	0.94
1020	chr17	57058360	57058895	CpG: 65	535	65	345	24.3	64.5	1.17
1020	chr17	57063886	57064665	CpG: 80	779	80	535	20.5	68.7	0.87
1020	chr17	57069028	57069269	CpG: 23	241	23	174	19.1	72.2	0.75
1020	chr17	57071639	57072058	CpG: 41	419	41	263	19.6	62.8	1.02
1020	chr17	57136800	57137218	CpG: 29	418	29	250	13.9	59.8	0.78
1020	chr17	57137875	57138414	CpG: 46	539	46	290	17.1	53.8	1.19
1021	chr17	57242051	57242866	CpG: 108	815	108	603	26.5	74	0.98
1022	chr17	57297083	57297700	CpG: 56	617	56	375	18.2	60.8	0.98
1022	chr17	57304385	57304633	CpG: 26	248	26	172	21	69.4	0.9
1022	chr17	57317984	57318806	CpG: 59	822	59	481	14.4	58.5	0.85
1022	chr17	57329546	57329760	CpG: 19	214	19	147	17.8	68.7	0.75
1022	chr17	57338151	57338927	CpG: 92	776	92	555	23.7	71.5	0.94
1022	chr17	57366359	57367705	CpG: 103	1346	103	802	15.3	59.6	0.87
1022	chr17	57369044	57369855	CpG: 59	811	59	538	14.5	66.3	0.66
1022	chr17	57394448	57394687	CpG: 25	239	25	159	20.9	66.5	0.95
1023	chr17	57412296	57412796	CpG: 48	500	48	324	19.2	64.8	0.93
1023	chr17	57456162	57456393	CpG: 19	231	19	146	16.5	63.2	0.88
1024	chr17	57554388	57554719	CpG: 27	331	27	222	16.3	67.1	0.73
1024	chr17	57557575	57557825	CpG: 21	250	21	157	16.8	62.8	0.85
1024	chr17	57582157	57582663	CpG: 36	506	36	324	14.2	64	0.71
1037	chr17	59320114	59320315	CpG: 18	201	18	121	17.9	60.2	0.99
1067	chr17	63186987	63190005	CpG: 270	3018	270	1947	17.9	64.5	0.86
1071	chr17	63805944	63807628	CpG: 180	1684	180	1069	21.4	63.5	1.08
1074	chr17	64156604	64156835	CpG: 20	231	20	153	17.3	66.2	0.79
1074	chr17	64170230	64171589	CpG: 136	1359	136	921	20	67.8	0.87
1078	chr17	64638369	64639294	CpG: 68	925	68	507	14.7	54.8	0.98
1080	chr17	64907618	64909196	CpG: 157	1578	157	1056	19.9	66.9	0.89
1087	chr17	65919612	65921032	CpG: 154	1420	154	897	21.7	63.2	1.09
1089	chr17	66079324	66079882	CpG: 63	558	63	393	22.6	70.4	0.91
1089	chr17	66089568	66090974	CpG: 158	1406	158	858	22.5	61	1.21
1089	chr17	66156933	66157151	CpG: 18	218	18	150	16.5	68.8	0.71
136	chr17	66191158	66192187	CpG: 112	1029	112	721	21.8	70.1	0.9
1090	chr17	66257709	66258341	CpG: 85	632	85	488	26.9	77.2	0.93
1091	chr17	66383301	66384594	CpG: 143	1293	143	834	22.1	64.5	1.06
1091	chr17	66408205	66408765	CpG: 60	560	60	366	21.4	65.4	1
1091	chr17	66418523	66418796	CpG: 31	273	31	203	22.7	74.4	0.87
1091	chr17	66430478	66430847	CpG: 42	369	42	251	22.8	68	1.06
1093	chr17	66686494	66686747	CpG: 22	253	22	167	17.4	66	0.83
1094	chr17	66755431	66756891	CpG: 184	1460	184	1012	25.2	69.3	1.05
1094	chr17	66826028	66826907	CpG: 86	879	86	561	19.6	63.8	0.96
1101	chr17	67660387	67662030	CpG: 176	1643	176	1162	21.4	70.7	0.86
1103	chr17	68004105	68004822	CpG: 59	717	59	465	16.5	64.9	0.8
1106	chr17	68310879	68311330	CpG: 49	451	49	297	21.7	65.9	1.01
1108	chr17	68580754	68580972	CpG: 26	218	26	161	23.9	73.9	0.91
1112	chr17	69143833	69144471	CpG: 65	638	65	423	20.4	66.3	0.93
1112	chr17	69148167	69149028	CpG: 82	861	82	620	19	72	0.74
1114	chr17	69382578	69383365	CpG: 63	787	63	513	16	65.2	0.76
1114	chr17	69463668	69464541	CpG: 112	873	112	676	25.7	77.4	0.86
1116	chr17	69689480	69691281	CpG: 191	1801	191	1147	21.2	63.7	1.04
1116	chr17	69694383	69694766	CpG: 28	383	28	192	14.6	50.1	1.17
1116	chr17	69724136	69724871	CpG: 75	735	75	485	20.4	66	0.94
1117	chr17	69746145	69747114	CpG: 88	969	88	651	18.2	67.2	0.8
1121	chr17	70276020	70276613	CpG: 76	593	76	419	25.6	70.7	1.03
1121	chr17	70277315	70277618	CpG: 23	303	23	190	15.2	62.7	0.79
1125	chr17	70823163	70823448	CpG: 22	285	22	185	15.4	64.9	0.75
1126	chr17	70964564	70964777	CpG: 17	213	17	131	16	61.5	0.85
1126	chr17	70969568	70969780	CpG: 21	212	21	138	19.8	65.1	0.94
1127	chr17	71125053	71125407	CpG: 45	354	45	256	25.4	72.3	1.01
1127	chr17	71141520	71141793	CpG: 20	273	20	169	14.7	61.9	0.78
1127	chr17	71158693	71159008	CpG: 24	315	24	188	15.2	59.7	0.86
1127	chr17	71159392	71159623	CpG: 18	231	18	129	15.6	55.8	1
1127	chr17	71159762	71160819	CpG: 81	1057	81	619	15.3	58.6	0.9
1128	chr17	71297155	71297916	CpG: 81	761	81	541	21.3	71.1	0.84
1129	chr17	71308708	71309772	CpG: 94	1064	94	647	17.7	60.8	0.96
1130	chr17	71490164	71490985	CpG: 91	821	91	500	22.2	60.9	1.2
1131	chr17	71617451	71618475	CpG: 72	1024	72	614	14.1	60	0.79
1132	chr17	71781743	71782968	CpG: 135	1225	135	827	22	67.5	0.97
1133	chr17	71833585	71834202	CpG: 63	617	63	386	20.4	62.6	1.05
1133	chr17	71858807	71859515	CpG: 86	708	86	518	24.3	73.2	0.91
1133	chr17	71905343	71905927	CpG: 58	584	58	376	19.9	64.4	0.96
1133	chr17	71923047	71923993	CpG: 101	946	101	665	21.4	70.3	0.86
141	chr17	72089565	72090067	CpG: 64	502	64	356	25.5	70.9	1.04
1135	chr17	72176546	72176999	CpG: 41	453	41	296	18.1	65.3	0.85
1141	chr17	72910435	72910649	CpG: 22	214	22	147	20.6	68.7	0.88
1141	chr17	72911117	72911723	CpG: 57	606	57	410	18.8	67.7	0.83
1143	chr17	73143211	73144692	CpG: 166	1481	166	1060	22.4	71.6	0.88
1143	chr17	73224877	73225431	CpG: 50	554	50	366	18.1	66.1	0.83
1143	chr17	73226332	73226594	CpG: 20	262	20	160	15.3	61.1	0.82
1145	chr17	73414856	73415483	CpG: 63	627	63	427	20.1	68.1	0.87
1149	chr17	74016595	74017579	CpG: 81	984	81	605	16.5	61.5	0.88
1150	chr17	74111739	74111959	CpG: 28	220	28	156	25.5	70.9	1.02
1152	chr17	74354450	74354917	CpG: 34	467	34	296	14.6	63.4	0.73
1154	chr17	74601392	74602785	CpG: 121	1393	121	737	17.4	52.9	1.25
1154	chr17	74622979	74623608	CpG: 66	629	66	429	21	68.2	0.91
1154	chr17	74645511	74646587	CpG: 111	1076	111	678	20.6	63	1.04
1154	chr17	74702464	74702793	CpG: 32	329	32	215	19.5	65.3	0.92
1155	chr17	74796442	74796824	CpG: 45	382	45	277	23.6	72.5	0.9
1155	chr17	74834815	74836343	CpG: 129	1528	129	989	16.9	64.7	0.81
1159	chr17	75312535	75313464	CpG: 100	929	100	630	21.5	67.8	0.94
1163	chr17	75858489	75859001	CpG: 44	512	44	332	17.2	64.8	0.82
1183	chr17	78507146	78508911	CpG: 179	1765	179	1221	20.3	69.2	0.86
1185	chr17	78725118	78725605	CpG: 51	487	51	339	20.9	69.6	0.87
1187	chr17	78932238	78932458	CpG: 18	220	18	128	16.4	58.2	0.97
1188	chr17	79043587	79044504	CpG: 88	917	88	603	19.2	65.8	0.89
1188	chr17	79142323	79143118	CpG: 76	795	76	534	19.1	67.2	0.85
1189	chr17	79223905	79224196	CpG: 31	291	31	198	21.3	68	0.93
1189	chr17	79244077	79244321	CpG: 17	244	17	138	13.9	56.6	0.87
1189	chr17	79244432	79244696	CpG: 26	264	26	167	19.7	63.3	0.99
1190	chr17	79327747	79328667	CpG: 78	920	78	467	17	50.8	1.32
1190	chr17	79359622	79360216	CpG: 42	594	42	392	14.1	66	0.65
1192	chr17	79661850	79663418	CpG: 117	1568	117	946	14.9	60.3	0.82
1194	chr17	79922475	79923068	CpG: 59	593	59	440	19.9	74.2	0.72
1195	chr17	80020800	80021657	CpG: 81	857	81	550	18.9	64.2	0.92
1195	chr17	80023140	80023561	CpG: 40	421	40	286	19	67.9	0.82
1196	chr17	80202461	80203752	CpG: 137	1291	137	852	21.2	66	0.99
1198	chr17	80368609	80370066	CpG: 137	1457	137	825	18.8	56.6	1.17
1199	chr17	80513829	80514954	CpG: 116	1125	116	704	20.6	62.6	1.05
1199	chr17	80597422	80597933	CpG: 44	511	44	344	17.2	67.3	0.76
1200	chr17	80680522	80681444	CpG: 126	922	126	668	27.3	72.5	1.04
1201	chr17	80786918	80788073	CpG: 125	1155	125	737	21.6	63.8	1.06
1201	chr17	80790368	80790620	CpG: 30	252	30	174	23.8	69	1
1201	chr17	80850927	80851202	CpG: 21	275	21	154	15.3	56	0.99
1202	chr17	80884644	80884941	CpG: 28	297	28	203	18.9	68.4	0.85
1203	chr17	81034890	81035395	CpG: 54	505	54	372	21.4	73.7	0.79
1204	chr17	81251815	81252635	CpG: 96	820	96	577	23.4	70.4	0.96
1205	chr17	81372319	81372620	CpG: 40	301	40	220	26.6	73.1	1
1210	chr17	81977730	81978007	CpG: 31	277	31	201	22.4	72.6	0.88
1222	chr17	83522125	83523552	CpG: 178	1427	178	1085	24.9	76	0.86
1222	chr17	83583619	83584046	CpG: 52	427	52	313	24.4	73.3	0.91
1223	chr17	83658226	83658837	CpG: 80	611	80	391	26.2	64	1.28
1224	chr17	83821479	83822143	CpG: 51	664	51	403	15.4	60.7	0.83
1225	chr17	83938383	83939900	CpG: 195	1517	195	1101	25.7	72.6	0.98
1225	chr17	84013500	84013939	CpG: 39	439	39	247	17.8	56.3	1.12
1227	chr17	84168971	84169370	CpG: 48	399	48	290	24.1	72.7	0.91
1228	chr17	84374599	84374872	CpG: 23	273	23	182	16.8	66.7	0.76
1228	chr17	84403987	84404490	CpG: 50	503	50	332	19.9	66	0.91
1229	chr17	84493029	84496142	CpG: 302	3113	302	1980	19.4	63.6	0.97
1230	chr17	84576341	84577197	CpG: 57	856	57	541	13.3	63.2	0.68
1231	chr17	84773173	84773774	CpG: 59	601	59	387	19.6	64.4	0.95
1232	chr17	84819220	84819886	CpG: 76	666	76	468	22.8	70.3	0.93
1234	chr17	85097711	85098448	CpG: 68	737	68	489	18.5	66.4	0.84
1235	chr17	85265438	85266152	CpG: 85	714	85	497	23.8	69.6	0.99
1236	chr17	85367148	85367395	CpG: 17	247	17	131	13.8	53	0.98
1236	chr17	85397970	85398409	CpG: 38	439	38	298	17.3	67.9	0.76
1239	chr17	85794015	85794372	CpG: 38	357	38	239	21.3	66.9	0.95
1240	chr17	85915563	85915808	CpG: 21	245	21	163	17.1	66.5	0.81
1240	chr17	85916372	85916610	CpG: 26	238	26	167	21.8	70.2	0.92
1240	chr17	85920065	85920280	CpG: 17	215	17	109	15.8	50.7	1.31
1240	chr17	85925396	85926064	CpG: 51	668	51	444	15.3	66.5	0.69
1240	chr17	85928932	85929495	CpG: 61	563	61	376	21.7	66.8	0.97
1240	chr17	85931024	85931332	CpG: 35	308	35	222	22.7	72.1	0.88
1241	chr17	85992481	85992903	CpG: 35	422	35	281	16.6	66.6	0.75
1241	chr17	85994471	85996041	CpG: 169	1570	169	1041	21.5	66.3	0.99
1241	chr17	85996529	85996831	CpG: 27	302	27	197	17.9	65.2	0.85
1241	chr17	85999324	86000282	CpG: 62	958	62	568	12.9	59.3	0.74
1241	chr17	86107500	86108012	CpG: 48	512	48	369	18.8	72.1	0.76
1241	chr17	86108149	86108393	CpG: 18	244	18	157	14.8	64.3	0.72
1244	chr17	86452220	86452635	CpG: 34	415	34	217	16.4	52.3	1.2
1244	chr17	86473867	86474267	CpG: 30	400	30	230	15	57.5	0.91
1244	chr17	86474681	86476399	CpG: 148	1718	148	969	17.2	56.4	1.09
1245	chr17	86565221	86565458	CpG: 18	237	18	175	15.2	73.8	0.87
1249	chr17	87060547	87062976	CpG: 168	2429	168	1423	13.8	58.6	0.81
1250	chr17	87270305	87271180	CpG: 94	875	94	583	21.5	66.6	0.97
1251	chr17	87320241	87320452	CpG: 14	211	14	109	13.3	51.7	1.08
1251	chr17	87320571	87320782	CpG: 14	211	14	109	13.3	51.7	1.08
1251	chr17	87320967	87321178	CpG: 14	211	14	109	13.3	51.7	1.08
1251	chr17	87332206	87333022	CpG: 79	816	79	550	19.4	67.4	0.85
1251	chr17	87414524	87415740	CpG: 117	1216	117	806	19.2	66.3	0.88
1252	chr17	87441342	87441585	CpG: 20	243	20	142	16.5	58.4	0.97
1252	chr17	87442066	87442585	CpG: 33	519	33	286	12.7	55.1	0.84
1253	chr17	87573054	87573330	CpG: 28	276	28	193	20.3	69.9	0.87
1253	chr17	87589885	87590960	CpG: 107	1075	107	703	19.9	65.4	0.93
1254	chr17	87753536	87754834	CpG: 139	1298	139	887	21.4	68.3	0.93
1255	chr17	87944250	87944711	CpG: 52	461	52	340	22.6	73.8	0.84
1255	chr17	87947664	87947946	CpG: 26	282	26	167	18.4	59.2	1.05
1256	chr17	87979787	87980417	CpG: 74	630	74	434	23.5	68.9	1.02
1256	chr17	88001945	88002303	CpG: 30	358	30	211	16.8	58.9	1.24
1256	chr17	88053282	88054220	CpG: 105	938	105	616	22.4	65.7	1.05
1257	chr17	88104389	88106258	CpG: 179	1869	179	1209	19.2	64.7	0.91
1258	chr17	88282108	88283221	CpG: 128	1113	128	792	23	71.2	0.91
1259	chr17	88371581	88373642	CpG: 185	2061	185	1216	18	59	1.03
1260	chr17	88563309	88563889	CpG: 38	580	38	357	13.1	61.6	0.7
1262	chr17	88747726	88749252	CpG: 155	1526	155	922	20.3	60.4	1.11
1262	chr17	88793879	88794091	CpG: 20	212	20	135	18.9	63.7	0.93
1262	chr17	88837316	88837543	CpG: 26	227	26	159	22.9	70	0.94
1277	chr17	90762403	90763227	CpG: 60	824	60	522	14.6	63.3	0.73
1282	chr17	91395352	91396206	CpG: 104	854	104	575	24.4	67.3	1.07
1298	chr17	93510186	93510426	CpG: 19	240	19	134	15.8	55.8	1.03
1309	chr17	94915585	94915913	CpG: 28	328	28	200	17.1	61	0.92
1310	chr17	95057036	95057656	CpG: 62	620	62	377	20	60.8	1.08
610	chr18	3336789	3338073	CpG: 123	1284	123	763	19.2	59.4	1.09
610	chr18	3383028	3383497	CpG: 45	469	45	338	19.2	72.1	0.74
611	chr18	3507134	3508532	CpG: 123	1398	123	907	17.6	64.9	0.85
614	chr18	3864086	3864324	CpG: 18	238	18	141	15.1	59.2	0.86
615	chr18	4052556	4052769	CpG: 20	213	20	120	18.8	56.3	1.18
618	chr18	4352894	4353504	CpG: 51	610	51	407	16.7	66.7	0.75
618	chr18	4375547	4375931	CpG: 37	384	37	232	19.3	60.4	1.06
620	chr18	4634916	4635554	CpG: 68	638	68	442	21.3	69.3	0.89
622	chr18	4920375	4921106	CpG: 67	731	67	476	18.3	65.1	0.87
622	chr18	4921681	4922357	CpG: 46	676	46	434	13.6	64.2	0.67
624	chr18	5163121	5163619	CpG: 41	498	41	309	16.5	62	0.86
625	chr18	5334180	5334975	CpG: 81	795	81	522	20.4	65.7	0.97
627	chr18	5591347	5593505	CpG: 212	2158	212	1295	19.6	60	1.1
631	chr18	6135516	6136250	CpG: 73	734	73	508	19.9	69.2	0.84
632	chr18	6240807	6241596	CpG: 81	789	81	532	20.5	67.4	0.91
634	chr18	6489942	6491263	CpG: 153	1321	153	878	23.2	66.5	1.05
634	chr18	6516014	6516482	CpG: 56	468	56	328	23.9	70.1	1
636	chr18	6764956	6765507	CpG: 50	551	50	376	18.1	68.2	0.79
638	chr18	7002296	7002659	CpG: 29	363	29	227	16	62.5	0.82
638	chr18	7004628	7004906	CpG: 33	278	33	181	23.7	65.1	1.13
643	chr18	7626636	7626950	CpG: 31	314	31	218	19.7	69.4	0.82
643	chr18	7692915	7693417	CpG: 74	502	74	358	29.5	71.3	1.16
645	chr18	7868553	7870002	CpG: 153	1449	153	853	21.1	58.9	1.22
655	chr18	9212147	9214929	CpG: 217	2782	217	1703	15.6	61.2	0.83
657	chr18	9449439	9450330	CpG: 87	891	87	497	19.5	55.8	1.26
659	chr18	9707417	9708180	CpG: 80	763	80	499	21	65.4	1
660	chr18	9957850	9958468	CpG: 59	618	59	392	19.1	63.4	0.96
661	chr18	10029762	10030155	CpG: 45	393	45	278	22.9	70.7	0.94
662	chr18	10181248	10182286	CpG: 87	1038	87	623	16.8	60	0.94
663	chr18	10325111	10325817	CpG: 66	706	66	490	18.7	69.4	0.78
665	chr18	10609529	10610465	CpG: 119	936	119	680	25.4	72.6	0.96
666	chr18	10617688	10618214	CpG: 61	526	61	371	23.2	70.5	0.93
666	chr18	10706209	10707045	CpG: 68	836	68	546	16.3	65.3	0.77
666	chr18	10725519	10726636	CpG: 155	1117	155	849	27.8	76	0.96
669	chr18	11048373	11048641	CpG: 29	268	29	176	21.6	65.7	1.01
669	chr18	11052638	11052989	CpG: 33	351	33	231	18.8	65.8	0.92
669	chr18	11054059	11055229	CpG: 121	1170	121	762	20.7	65.1	0.98
669	chr18	11059069	11059297	CpG: 19	228	19	142	16.7	62.3	0.87
674	chr18	11790182	11791095	CpG: 91	913	91	583	19.9	63.9	0.98
676	chr18	11972220	11973945	CpG: 154	1725	154	1044	17.9	60.5	0.98
678	chr18	12254331	12254684	CpG: 33	353	33	241	18.7	68.3	0.81
678	chr18	12261862	12262226	CpG: 34	364	34	237	18.7	65.1	0.88
678	chr18	12301736	12302033	CpG: 42	297	42	212	28.3	71.4	1.12
679	chr18	12369269	12369773	CpG: 52	504	52	321	20.6	63.7	1.02
679	chr18	12438551	12438910	CpG: 35	359	35	226	19.5	63	0.99
680	chr18	12466910	12467379	CpG: 37	469	37	311	15.8	66.3	0.72
682	chr18	12776624	12777159	CpG: 58	535	58	361	21.7	67.5	0.95
683	chr18	12874336	12874625	CpG: 28	289	28	195	19.4	67.5	0.87
684	chr18	12995192	12995393	CpG: 21	201	21	140	20.9	69.7	0.88
684	chr18	13074477	13075013	CpG: 56	536	56	359	20.9	67	0.94
684	chr18	13106599	13106901	CpG: 25	302	25	182	16.6	60.3	0.93
692	chr18	14103196	14103909	CpG: 54	713	54	448	15.1	62.8	0.78
692	chr18	14105753	14106034	CpG: 55	281	55	232	39.1	82.6	1.17
698	chr18	14815157	14816367	CpG: 156	1210	156	882	25.8	72.9	0.97
698	chr18	14915974	14916768	CpG: 100	794	100	539	25.2	67.9	1.1
700	chr18	15194913	15197396	CpG: 195	2483	195	1450	15.7	58.4	0.93
700	chr18	15197702	15197985	CpG: 24	283	24	179	17	63.3	0.85
701	chr18	15282836	15284310	CpG: 120	1474	120	895	16.3	60.7	0.89
706	chr18	15892947	15893236	CpG: 32	289	32	199	22.1	68.9	0.93
714	chr18	16939966	16940190	CpG: 21	224	21	158	18.8	70.5	0.76
714	chr18	16941140	16942692	CpG: 129	1552	129	792	16.6	51	1.28
739	chr18	20192014	20192403	CpG: 34	389	34	259	17.5	66.6	0.82
742	chr18	20691058	20691555	CpG: 38	497	38	299	15.3	60.2	0.85
744	chr18	20878486	20879523	CpG: 124	1037	124	720	23.9	69.4	0.99
745	chr18	21028728	21029624	CpG: 75	896	75	531	16.7	59.3	0.95
745	chr18	21094408	21094887	CpG: 51	479	51	337	21.3	70.4	0.86
746	chr18	21134258	21135593	CpG: 136	1335	136	897	20.4	67.2	0.9
748	chr18	21432535	21433377	CpG: 81	842	81	583	19.2	69.2	0.82
751	chr18	21784555	21784766	CpG: 23	211	23	142	21.8	67.3	0.96
751	chr18	21785769	21786262	CpG: 34	493	34	304	13.8	61.7	0.74
761	chr18	23172233	23173231	CpG: 70	998	70	607	14	60.8	0.76
761	chr18	23174320	23174694	CpG: 42	374	42	269	22.5	71.9	0.87
763	chr18	23443293	23443964	CpG: 80	671	80	500	23.8	74.5	0.88
767	chr18	23885315	23885688	CpG: 30	373	30	246	16.1	66	0.74
767	chr18	23936816	23937367	CpG: 48	551	48	361	17.4	65.5	0.82
768	chr18	24087457	24088154	CpG: 74	697	74	468	21.2	67.1	0.97
769	chr18	24153292	24154196	CpG: 94	904	94	616	20.8	68.1	0.9
770	chr18	24254614	24255049	CpG: 37	435	37	274	17	63	0.86
770	chr18	24338326	24339556	CpG: 170	1230	170	870	27.6	70.7	1.11
772	chr18	24599894	24600935	CpG: 75	1041	75	620	14.4	59.6	0.82
772	chr18	24603800	24604170	CpG: 30	370	30	203	16.2	54.9	1.09
773	chr18	24662507	24663385	CpG: 78	878	78	501	17.8	57.1	1.1
773	chr18	24736205	24737368	CpG: 119	1163	119	787	20.5	67.7	0.89
774	chr18	24786709	24787098	CpG: 39	389	39	271	20.1	69.7	0.83
774	chr18	24842288	24843407	CpG: 103	1119	103	755	18.4	67.5	0.81
778	chr18	25301759	25302360	CpG: 69	601	69	440	23	73.2	0.86
780	chr18	25619747	25620035	CpG: 25	288	25	191	17.4	66.3	0.79
780	chr18	25620261	25620619	CpG: 26	358	26	239	14.5	66.8	0.65
781	chr18	25811953	25812573	CpG: 72	620	72	445	23.2	71.8	0.9
782	chr18	25886177	25886665	CpG: 40	488	40	305	16.4	62.5	0.85
782	chr18	25887234	25888597	CpG: 102	1363	102	801	15	58.8	0.87
816	chr18	30405825	30406220	CpG: 32	395	32	245	16.2	62	0.87
827	chr18	31742395	31743018	CpG: 70	623	70	393	22.5	63.1	1.13
827	chr18	31767035	31768501	CpG: 103	1466	103	872	14.1	59.5	0.8
828	chr18	31892414	31893693	CpG: 94	1279	94	831	14.7	65	0.7
828	chr18	31921995	31922273	CpG: 30	278	30	190	21.6	68.3	0.94
828	chr18	31937033	31937565	CpG: 67	532	67	370	25.2	69.5	1.06
829	chr18	32043511	32044411	CpG: 91	900	91	531	20.2	59	1.16
829	chr18	32072052	32072509	CpG: 58	457	58	300	25.4	65.6	1.18
830	chr18	32200635	32201350	CpG: 77	715	77	476	21.5	66.6	0.98
831	chr18	32295859	32296653	CpG: 104	794	104	574	26.2	72.3	1
831	chr18	32373173	32373590	CpG: 33	417	33	237	15.8	56.8	1
833	chr18	32510174	32510820	CpG: 55	646	55	437	17	67.6	0.75
834	chr18	32692689	32693008	CpG: 30	319	30	221	18.8	69.3	0.79
836	chr18	32970254	32970674	CpG: 45	420	45	274	21.4	65.2	1.01
837	chr18	33072233	33072717	CpG: 53	484	53	309	21.9	63.8	1.08
839	chr18	33346768	33347164	CpG: 34	396	34	260	17.2	65.7	0.8
841	chr18	33596854	33597498	CpG: 75	644	75	432	23.3	67.1	1.04
843	chr18	33927710	33928204	CpG: 52	494	52	330	21.1	66.8	0.95
845	chr18	34138948	34140590	CpG: 150	1642	150	1110	18.3	67.6	0.8
847	chr18	34353851	34354614	CpG: 95	763	95	552	24.9	72.3	0.95
847	chr18	34463928	34464591	CpG: 71	663	71	421	21.4	63.5	1.06
848	chr18	34505944	34506587	CpG: 81	643	81	451	25.2	70.1	1.03
849	chr18	34639444	34640059	CpG: 75	615	75	402	24.4	65.4	1.15
850	chr18	34757069	34757690	CpG: 45	621	45	357	14.5	57.5	0.9
850	chr18	34784406	34784897	CpG: 44	491	44	298	17.9	60.7	1
850	chr18	34853250	34853522	CpG: 29	272	29	195	21.3	71.7	0.84
851	chr18	34892439	34892859	CpG: 38	420	38	283	18.1	67.4	0.8
851	chr18	34909964	34910778	CpG: 97	814	97	625	23.8	76.8	0.83
851	chr18	34973607	34973907	CpG: 28	300	28	188	18.7	62.7	0.95
851	chr18	34992879	34993106	CpG: 23	227	23	157	20.3	69.2	0.85
851	chr18	34993527	34994275	CpG: 70	748	70	524	18.7	70.1	0.76
852	chr18	35020221	35020838	CpG: 56	617	56	396	18.2	64.2	0.89
852	chr18	35064450	35065612	CpG: 100	1162	100	724	17.2	62.3	0.89
852	chr18	35087110	35088117	CpG: 94	1007	94	627	18.7	62.3	0.97
853	chr18	35251547	35252557	CpG: 100	1010	100	655	19.8	64.9	0.94
856	chr18	35631682	35631974	CpG: 33	292	33	209	22.6	71.6	0.88
857	chr18	35695057	35696115	CpG: 119	1058	119	716	22.5	67.7	0.99
857	chr18	35731569	35732359	CpG: 64	790	64	483	16.2	61.1	0.87
858	chr18	35785408	35788382	CpG: 250	2974	250	1909	16.8	64.2	0.82
858	chr18	35795108	35795339	CpG: 23	231	23	156	19.9	67.5	0.89
858	chr18	35836089	35836293	CpG: 22	204	22	128	21.6	62.7	1.1
858	chr18	35904385	35905254	CpG: 89	869	89	562	20.5	64.7	0.99
859	chr18	35963259	35965064	CpG: 139	1805	139	1159	15.4	64.2	0.75
859	chr18	35993553	35993849	CpG: 26	296	26	186	17.6	62.8	0.9
859	chr18	36006312	36006910	CpG: 52	598	52	415	17.4	69.4	0.72
859	chr18	36020826	36022917	CpG: 167	2091	167	1319	16	63.1	0.81
860	chr18	36052058	36052343	CpG: 29	285	29	188	20.4	66	0.94
860	chr18	36053157	36053634	CpG: 43	477	43	303	18	63.5	0.9
860	chr18	36063433	36063906	CpG: 49	473	49	330	20.7	69.8	0.85
860	chr18	36066329	36066764	CpG: 38	435	38	274	17.5	63	0.9
860	chr18	36071567	36071827	CpG: 31	260	31	195	23.8	75	0.86
860	chr18	36072667	36072941	CpG: 25	274	25	176	18.2	64.2	0.9
860	chr18	36097896	36098288	CpG: 35	392	35	286	17.9	73	0.68
860	chr18	36150916	36151732	CpG: 109	816	109	549	26.7	67.3	1.19
861	chr18	36201172	36201635	CpG: 51	463	51	326	22	70.4	0.9
862	chr18	36329602	36329911	CpG: 31	309	31	216	20.1	69.9	0.83
862	chr18	36330163	36330587	CpG: 31	424	31	266	14.6	62.7	0.74
862	chr18	36413697	36414616	CpG: 115	919	115	624	25	67.9	1.09
862	chr18	36420378	36420945	CpG: 50	567	50	361	17.6	63.7	0.87
863	chr18	36453102	36453755	CpG: 84	653	84	488	25.7	74.7	0.92
863	chr18	36481524	36482305	CpG: 75	781	75	539	19.2	69	0.84
864	chr18	36648257	36649127	CpG: 77	870	77	557	17.7	64	0.86
864	chr18	36692486	36694424	CpG: 162	1938	162	1172	16.7	60.5	0.91
865	chr18	36803137	36803392	CpG: 26	255	26	164	20.4	64.3	0.99
865	chr18	36812128	36812709	CpG: 54	581	54	364	18.6	62.7	0.95
866	chr18	36858729	36859286	CpG: 44	557	44	329	15.8	59.1	0.91
866	chr18	36868014	36868456	CpG: 38	442	38	281	17.2	63.6	0.85
866	chr18	36877187	36877948	CpG: 63	761	63	456	16.6	59.9	0.92
866	chr18	36893191	36893545	CpG: 25	354	25	216	14.1	61	0.76
866	chr18	36898268	36898595	CpG: 34	327	34	205	20.8	62.7	1.06
866	chr18	36916019	36916576	CpG: 38	557	38	347	13.6	62.3	0.72
866	chr18	36926773	36927010	CpG: 16	237	16	138	13.5	58.2	0.8
866	chr18	36934675	36935078	CpG: 31	403	31	226	15.4	56.1	0.98
867	chr18	37064621	37065268	CpG: 54	647	54	402	16.7	62.1	0.88
867	chr18	37073649	37073925	CpG: 24	276	24	170	17.4	61.6	0.95
867	chr18	37080662	37081212	CpG: 45	550	45	346	16.4	62.9	0.85
867	chr18	37087034	37087755	CpG: 57	721	57	434	15.8	60.2	0.9
868	chr18	37093490	37093961	CpG: 32	471	32	251	13.6	53.3	0.97
868	chr18	37094734	37095449	CpG: 59	715	59	435	16.5	60.8	0.92
868	chr18	37100829	37101106	CpG: 20	277	20	153	14.4	55.2	0.95
868	chr18	37102087	37102363	CpG: 28	276	28	168	20.3	60.9	1.14
868	chr18	37108192	37108531	CpG: 30	339	30	204	17.7	60.2	1
868	chr18	37126739	37127076	CpG: 30	337	30	208	17.8	61.7	0.95
868	chr18	37132303	37133012	CpG: 59	709	59	436	16.6	61.5	0.89
868	chr18	37138468	37138675	CpG: 17	207	17	109	16.4	52.7	1.2
868	chr18	37139656	37139932	CpG: 27	276	27	172	19.6	62.3	1.05
868	chr18	37145186	37145464	CpG: 29	278	29	173	20.9	62.2	1.11
868	chr18	37154498	37155274	CpG: 61	776	61	478	15.7	61.6	0.85
868	chr18	37222945	37223452	CpG: 36	507	36	314	14.2	61.9	0.75
869	chr18	37276501	37277550	CpG: 92	1049	92	655	17.5	62.4	0.92
870	chr18	37442153	37442586	CpG: 31	433	31	278	14.3	64.2	0.7
871	chr18	37556248	37556568	CpG: 24	320	24	206	15	64.4	0.73
871	chr18	37582511	37582795	CpG: 22	284	22	182	15.5	64.1	0.76
871	chr18	37608145	37608471	CpG: 22	326	22	199	13.5	61	0.74
872	chr18	37619587	37620267	CpG: 49	680	49	425	14.4	62.5	0.74
872	chr18	37624312	37624571	CpG: 20	259	20	167	15.4	64.5	0.74
872	chr18	37631710	37632262	CpG: 39	552	39	351	14.1	63.6	0.7
872	chr18	37638940	37639453	CpG: 37	513	37	321	14.4	62.6	0.74
872	chr18	37648357	37648840	CpG: 38	483	38	307	15.7	63.6	0.78
873	chr18	37776972	37777363	CpG: 47	391	47	236	24	60.4	1.32
873	chr18	37802699	37802964	CpG: 20	265	20	151	15.1	57	0.93
873	chr18	37807554	37807849	CpG: 23	295	23	186	15.6	63.1	0.79
873	chr18	37814978	37815467	CpG: 49	489	49	321	20	65.6	0.93
873	chr18	37824511	37825000	CpG: 49	489	49	321	20	65.6	0.93
873	chr18	37827566	37827814	CpG: 22	248	22	161	17.7	64.9	0.85
873	chr18	37855111	37855593	CpG: 46	482	46	312	19.1	64.7	0.91
873	chr18	37865692	37866187	CpG: 60	495	60	331	24.2	66.9	1.08
873	chr18	37875307	37875570	CpG: 26	263	26	173	19.8	65.8	0.92
873	chr18	37876791	37877286	CpG: 55	495	55	324	22.2	65.5	1.04
874	chr18	37884845	37885108	CpG: 25	263	25	174	19	66.2	0.88
874	chr18	37886306	37886765	CpG: 43	459	43	288	18.7	62.7	0.95
874	chr18	37888741	37889268	CpG: 37	527	37	282	14	53.5	0.98
874	chr18	37896445	37896927	CpG: 50	482	50	317	20.7	65.8	0.96
874	chr18	37899337	37900036	CpG: 58	699	58	397	16.6	56.8	1.04
874	chr18	37900971	37901560	CpG: 41	589	41	356	13.9	60.4	0.77
874	chr18	37939051	37940537	CpG: 116	1486	116	887	15.6	59.7	0.88
875	chr18	38067973	38068737	CpG: 66	764	66	481	17.3	63	0.87
875	chr18	38087932	38089191	CpG: 95	1259	95	786	15.1	62.4	0.78
875	chr18	38102762	38103021	CpG: 27	259	27	179	20.8	69.1	0.88
877	chr18	38319041	38319332	CpG: 27	291	27	191	18.6	65.6	0.88
877	chr18	38322474	38322990	CpG: 37	516	37	346	14.3	67.1	0.67
877	chr18	38330831	38331173	CpG: 28	342	28	206	16.4	60.2	0.9
877	chr18	38332133	38332503	CpG: 28	370	28	221	15.1	59.7	0.85
877	chr18	38342970	38343173	CpG: 26	203	26	147	25.6	72.4	0.98
877	chr18	38344402	38345014	CpG: 72	612	72	447	23.5	73	0.9
877	chr18	38372309	38372647	CpG: 28	338	28	203	16.6	60.1	0.92
877	chr18	38383147	38383624	CpG: 41	477	41	316	17.2	66.2	0.78
877	chr18	38401964	38402167	CpG: 17	203	17	124	16.7	61.1	0.9
878	chr18	38429619	38430238	CpG: 64	619	64	445	20.7	71.9	0.81
878	chr18	38471816	38472104	CpG: 40	288	40	219	27.8	76	0.97
879	chr18	38551953	38552423	CpG: 58	470	58	302	24.7	64.3	1.2
880	chr18	38733699	38734607	CpG: 76	908	76	577	16.7	63.5	0.83
883	chr18	39125962	39126885	CpG: 99	923	99	633	21.5	68.6	0.91
887	chr18	39622175	39623559	CpG: 134	1384	134	783	19.4	56.6	1.21
887	chr18	39624290	39624905	CpG: 43	615	43	383	14	62.3	0.72
892	chr18	40351994	40352624	CpG: 57	630	57	380	18.1	60.3	1
906	chr18	42083932	42084302	CpG: 28	370	28	238	15.1	64.3	0.73
908	chr18	42408010	42409098	CpG: 91	1088	91	712	16.7	65.4	0.8
909	chr18	42527423	42528982	CpG: 123	1559	123	921	15.8	59.1	0.91
909	chr18	42534422	42534741	CpG: 31	319	31	230	19.4	72.1	0.76
910	chr18	42644125	42645356	CpG: 115	1231	115	799	18.7	64.9	0.89
915	chr18	43340519	43340821	CpG: 28	302	28	218	18.5	72.2	0.72
917	chr18	43525755	43526346	CpG: 61	591	61	399	20.6	67.5	0.93
917	chr18	43570932	43571488	CpG: 51	556	51	387	18.3	69.6	0.76
917	chr18	43610683	43610903	CpG: 22	220	22	124	20	56.4	1.26
924	chr18	44513357	44514208	CpG: 72	851	72	562	16.9	66	0.8
926	chr18	44794713	44795320	CpG: 53	607	53	395	17.5	65.1	0.83
927	chr18	44945090	44945443	CpG: 38	353	38	241	21.5	68.3	0.93
928	chr18	44961280	44961493	CpG: 16	213	16	117	15	54.9	1
928	chr18	44961581	44962088	CpG: 52	507	52	309	20.5	60.9	1.11
930	chr18	45279955	45280160	CpG: 21	205	21	134	20.5	65.4	0.97
933	chr18	45691205	45693710	CpG: 180	2505	180	1495	14.4	59.7	0.81
938	chr18	46331212	46332301	CpG: 98	1089	98	718	18	65.9	0.83
938	chr18	46344997	46345300	CpG: 23	303	23	190	15.2	62.7	0.81
939	chr18	46413533	46413935	CpG: 46	402	46	287	22.9	71.4	0.9
939	chr18	46444871	46445212	CpG: 32	341	32	237	18.8	69.5	0.81
940	chr18	46598620	46598924	CpG: 38	304	38	208	25	68.4	1.09
940	chr18	46658231	46659416	CpG: 100	1185	100	693	16.9	58.5	0.99
941	chr18	46730222	46730856	CpG: 88	634	88	477	27.8	75.2	1.01
942	chr18	46860789	46861345	CpG: 48	556	48	368	17.3	66.2	0.79
942	chr18	46874465	46875590	CpG: 101	1125	101	657	18	58.4	1.05
943	chr18	46983195	46983656	CpG: 32	461	32	297	13.9	64.4	0.67
944	chr18	47091796	47092117	CpG: 34	321	34	219	21.2	68.2	0.92
947	chr18	47499410	47499730	CpG: 22	320	22	194	13.8	60.6	0.75
947	chr18	47501716	47502285	CpG: 52	569	52	393	18.3	69.1	0.77
952	chr18	48179723	48179972	CpG: 19	249	19	145	15.3	58.2	0.92
965	chr18	49888325	49888956	CpG: 72	631	72	436	22.8	69.1	0.96
966	chr18	49965588	49966287	CpG: 99	699	99	520	28.3	74.4	1.03
967	chr18	50186398	50186773	CpG: 38	375	38	257	20.3	68.5	0.87
968	chr18	50261268	50261660	CpG: 39	392	39	272	19.9	69.4	0.84
975	chr18	51136082	51136302	CpG: 24	220	24	135	21.8	61.4	1.16
976	chr18	51250689	51251059	CpG: 53	370	53	283	28.6	76.5	0.98
986	chr18	52598641	52599039	CpG: 55	398	55	285	27.6	71.6	1.09
986	chr18	52661674	52662665	CpG: 103	991	103	672	20.8	67.8	0.92
988	chr18	52901172	52902061	CpG: 79	889	79	570	17.8	64.1	0.87
991	chr18	53309229	53310099	CpG: 78	870	78	619	17.9	71.1	0.71
992	chr18	53378353	53379105	CpG: 98	752	98	561	26.1	74.6	0.95
993	chr18	53550862	53551269	CpG: 41	407	41	280	20.1	68.8	0.87
993	chr18	53595914	53596163	CpG: 19	249	19	157	15.3	63.1	0.78
993	chr18	53596792	53598381	CpG: 157	1589	157	1084	19.8	68.2	0.85
994	chr18	53685412	53685641	CpG: 18	229	18	149	15.7	65.1	0.75
996	chr18	53877340	53877906	CpG: 52	566	52	363	18.4	64.1	0.9
996	chr18	53994855	53995986	CpG: 105	1131	105	594	18.6	52.5	1.35
997	chr18	54129163	54129367	CpG: 14	204	14	104	13.7	51	1.06
1005	chr18	55120912	55121115	CpG: 16	203	16	132	15.8	65	0.75
1016	chr18	56565197	56565466	CpG: 24	269	24	146	17.8	54.3	1.21
1017	chr18	56695044	56695695	CpG: 43	651	43	432	13.2	66.4	0.61
1017	chr18	56705873	56706578	CpG: 81	705	81	477	23	67.7	1
1018	chr18	56840364	56842125	CpG: 198	1761	198	1185	22.5	67.3	0.99
1020	chr18	57057987	57059025	CpG: 100	1038	100	676	19.3	65.1	0.91
1020	chr18	57108173	57108496	CpG: 41	323	41	220	25.4	68.1	1.14
1021	chr18	57265868	57266182	CpG: 29	314	29	212	18.5	67.5	0.83
1023	chr18	57487709	57488296	CpG: 79	587	79	434	26.9	73.9	0.99
1023	chr18	57496165	57496470	CpG: 24	305	24	196	15.7	64.3	0.84
1027	chr18	58011055	58012730	CpG: 173	1675	173	1044	20.7	62.3	1.07
1030	chr18	58342444	58343696	CpG: 124	1252	124	855	19.8	68.3	0.87
1033	chr18	58792301	58793002	CpG: 71	701	71	426	20.3	60.8	1.1
1034	chr18	58969251	58971047	CpG: 131	1796	131	1153	14.6	64.2	0.71
1037	chr18	59308080	59309541	CpG: 147	1461	147	953	20.1	65.2	0.95
1047	chr18	60659156	60659538	CpG: 43	382	43	249	22.5	65.2	1.07
1048	chr18	60693660	60694213	CpG: 61	553	61	370	22.1	66.9	0.99
1048	chr18	60728983	60729557	CpG: 61	574	61	370	21.3	64.5	1.06
1048	chr18	60757172	60757521	CpG: 41	349	41	272	23.5	77.9	0.8
1049	chr18	60881270	60882050	CpG: 116	780	116	609	29.7	78.1	0.98
1049	chr18	60907394	60908106	CpG: 69	712	69	465	19.4	65.3	0.91
1050	chr18	60981815	60982051	CpG: 26	236	26	159	22	67.4	1.01
1050	chr18	61045131	61045555	CpG: 32	424	32	283	15.1	66.7	0.68
1051	chr18	61146999	61147418	CpG: 45	419	45	294	21.5	70.2	0.87
1051	chr18	61168792	61169551	CpG: 74	759	74	497	19.5	65.5	0.94
1052	chr18	61309612	61310299	CpG: 87	687	87	494	25.3	71.9	0.99
1053	chr18	61344328	61344918	CpG: 58	590	58	390	19.7	66.1	0.91
1054	chr18	61531569	61533813	CpG: 194	2244	194	1447	17.3	64.5	0.84
1055	chr18	61669454	61669748	CpG: 32	294	32	206	21.8	70.1	0.91
1055	chr18	61688051	61688978	CpG: 103	927	103	622	22.2	67.1	0.99
1056	chr18	61825256	61825482	CpG: 21	226	21	152	18.6	67.3	0.84
1056	chr18	61840472	61840744	CpG: 33	272	33	200	24.3	73.5	0.91
1056	chr18	61859125	61859660	CpG: 47	535	47	321	17.6	60	0.98
1057	chr18	61919545	61919956	CpG: 37	411	37	293	18	71.3	0.78
1058	chr18	62044583	62044965	CpG: 41	382	41	281	21.5	73.6	0.8
1060	chr18	62312624	62313520	CpG: 66	896	66	580	14.7	64.7	0.7
1063	chr18	62681350	62681995	CpG: 49	645	49	379	15.2	58.8	0.88
1066	chr18	63055265	63055957	CpG: 71	692	71	448	20.5	64.7	0.98
1066	chr18	63110826	63111335	CpG: 47	509	47	330	18.5	64.8	0.88
1069	chr18	63519318	63520364	CpG: 104	1046	104	723	19.9	69.1	0.83
1071	chr18	63824856	63825799	CpG: 83	943	83	582	17.6	61.7	0.92
1072	chr18	63841603	63841938	CpG: 27	335	27	213	16.1	63.6	0.8
1076	chr18	64398164	64398389	CpG: 23	225	23	164	20.4	72.9	0.78
1076	chr18	64472440	64472665	CpG: 19	225	19	126	16.9	56	1.09
1076	chr18	64473041	64474571	CpG: 110	1530	110	861	14.4	56.3	0.93
1076	chr18	64475796	64476086	CpG: 26	290	26	185	17.9	63.8	0.9
1077	chr18	64561437	64561766	CpG: 28	329	28	210	17	63.8	0.84
1078	chr18	64621890	64622393	CpG: 58	503	58	356	23.1	70.8	0.92
1078	chr18	64649236	64649792	CpG: 46	556	46	349	16.5	62.8	0.84
1078	chr18	64745307	64745574	CpG: 20	267	20	139	15	52.1	1.11
1079	chr18	64792999	64793256	CpG: 22	257	22	163	17.1	63.4	0.87
1079	chr18	64793562	64794581	CpG: 81	1019	81	657	15.9	64.5	0.77
1081	chr18	65020567	65021632	CpG: 123	1065	123	788	23.1	74	0.85
1082	chr18	65216717	65217101	CpG: 26	384	26	250	13.5	65.1	0.64
1085	chr18	65563546	65564549	CpG: 99	1003	99	705	19.7	70.3	0.81
1086	chr18	65713661	65714489	CpG: 108	828	108	615	26.1	74.3	0.95
1088	chr18	66006447	66006804	CpG: 29	357	29	213	16.2	59.7	0.91
1089	chr18	66067881	66068464	CpG: 55	583	55	408	18.9	70	0.78
1089	chr18	66071097	66072106	CpG: 76	1009	76	632	15.1	62.6	0.77
1089	chr18	66135390	66135817	CpG: 42	427	42	296	19.7	69.3	0.82
1091	chr18	66424315	66425079	CpG: 63	764	63	503	16.5	65.8	0.76
1093	chr18	66591454	66592025	CpG: 70	571	70	383	24.5	67.1	1.09
1097	chr18	67221300	67221930	CpG: 71	630	71	409	22.5	64.9	1.07
1098	chr18	67266136	67267240	CpG: 91	1104	91	724	16.5	65.6	0.77
1098	chr18	67338340	67339203	CpG: 72	863	72	503	16.7	58.3	0.98
1099	chr18	67378245	67378796	CpG: 59	551	59	389	21.4	70.6	0.86
1099	chr18	67422261	67422668	CpG: 47	407	47	296	23.1	72.7	0.93
1099	chr18	67476697	67476940	CpG: 26	243	26	164	21.4	67.5	0.95
1099	chr18	67477025	67477252	CpG: 16	227	16	152	14.1	67	0.63
1100	chr18	67523609	67524680	CpG: 93	1071	93	711	17.4	66.4	0.8
1100	chr18	67534421	67534854	CpG: 29	433	29	262	13.4	60.5	0.74
1100	chr18	67581729	67582645	CpG: 100	916	100	643	21.8	70.2	0.92
1100	chr18	67597796	67598541	CpG: 79	745	79	500	21.2	67.1	0.95
1101	chr18	67743282	67744370	CpG: 148	1088	148	779	27.2	71.6	1.06
1102	chr18	67773912	67774854	CpG: 108	942	108	600	22.9	63.7	1.14
1102	chr18	67856975	67857847	CpG: 112	872	112	633	25.7	72.6	0.98
1103	chr18	67907666	67908466	CpG: 104	800	104	549	26	68.6	1.1
1103	chr18	67932977	67933451	CpG: 52	474	52	333	21.9	70.3	0.89
1104	chr18	68066097	68067339	CpG: 111	1242	111	871	17.9	70.1	0.73
1107	chr18	68432968	68433515	CpG: 61	547	61	373	22.3	68.2	0.96
1113	chr18	69331264	69331830	CpG: 43	566	43	351	15.2	62	0.8
1115	chr18	69477296	69477610	CpG: 34	314	34	214	21.7	68.2	0.94
1115	chr18	69479318	69479630	CpG: 36	312	36	189	23.1	60.6	1.26
1120	chr18	70186133	70186370	CpG: 24	237	24	167	20.3	70.5	0.82
1123	chr18	70604758	70605199	CpG: 29	441	29	267	13.2	60.5	0.72
1123	chr18	70605308	70605678	CpG: 43	370	43	245	23.2	66.2	1.06
1124	chr18	70663093	70663474	CpG: 39	381	39	269	20.5	70.6	0.87
1124	chr18	70701140	70701704	CpG: 75	564	75	434	26.6	77	0.94
1147	chr18	73705083	73707043	CpG: 167	1960	167	1037	17	52.9	1.22
1147	chr18	73756159	73756414	CpG: 31	255	31	172	24.3	67.5	1.08
1148	chr18	73836172	73837396	CpG: 158	1224	158	848	25.8	69.3	1.08
1148	chr18	73887217	73887723	CpG: 73	506	73	394	28.9	77.9	0.95
1149	chr18	73948192	73949024	CpG: 98	832	98	589	23.6	70.8	0.94
1150	chr18	74103197	74103484	CpG: 22	287	22	170	15.3	59.2	0.88
1151	chr18	74196903	74198613	CpG: 128	1710	128	1088	15	63.6	0.74
1152	chr18	74340599	74340880	CpG: 34	281	34	189	24.2	67.3	1.07
1152	chr18	74349056	74349667	CpG: 70	611	70	382	22.9	62.5	1.2
1152	chr18	74401002	74401583	CpG: 53	581	53	383	18.2	65.9	0.87
1153	chr18	74575318	74576099	CpG: 111	781	111	600	28.4	76.8	0.96
1156	chr18	74911696	74912497	CpG: 58	801	58	530	14.5	66.2	0.66
1157	chr18	75094226	75094690	CpG: 37	464	37	267	15.9	57.5	0.98
1158	chr18	75133498	75134067	CpG: 63	569	63	404	22.1	71	0.91
1158	chr18	75138790	75139185	CpG: 34	395	34	253	17.2	64.1	0.84
1158	chr18	75151721	75152367	CpG: 78	646	78	462	24.1	71.5	0.94
1160	chr18	75475454	75476561	CpG: 115	1107	115	790	20.8	71.4	0.82
1161	chr18	75499560	75502488	CpG: 256	2928	256	1848	17.5	63.1	0.88
1163	chr18	75829649	75830625	CpG: 77	976	77	586	15.8	60	0.88
1163	chr18	75830746	75830959	CpG: 16	213	16	137	15	64.3	0.73
1164	chr18	75952617	75954456	CpG: 164	1839	164	1102	17.8	59.9	1
1166	chr18	76192542	76192873	CpG: 37	331	37	247	22.4	74.6	0.81
1166	chr18	76278776	76279331	CpG: 51	555	51	379	18.4	68.3	0.79
1167	chr18	76294047	76294354	CpG: 32	307	32	192	20.8	62.5	1.07
1167	chr18	76374320	76375531	CpG: 173	1211	173	868	28.6	71.7	1.11
1168	chr18	76511904	76512263	CpG: 46	359	46	241	25.6	67.1	1.16
1170	chr18	76689539	76690063	CpG: 42	524	42	320	16	61.1	0.86
1171	chr18	76931961	76932294	CpG: 28	333	28	220	16.8	66.1	0.77
1172	chr18	76943780	76944164	CpG: 34	384	34	250	17.7	65.1	0.85
1172	chr18	76946325	76948205	CpG: 174	1880	174	1260	18.5	67	0.83
1172	chr18	77017598	77017989	CpG: 42	391	42	275	21.5	70.3	0.9
1172	chr18	77031773	77032142	CpG: 47	369	47	267	25.5	72.4	0.98
1173	chr18	77134960	77135169	CpG: 15	209	15	117	14.4	56	0.93
1173	chr18	77152636	77153570	CpG: 112	934	112	605	24	64.8	1.18
1174	chr18	77273055	77273812	CpG: 93	757	93	542	24.6	71.6	0.98
1175	chr18	77342083	77342501	CpG: 36	418	36	257	17.2	61.5	0.93
1176	chr18	77529210	77529422	CpG: 18	212	18	120	17	56.6	1.08
1177	chr18	77652687	77653416	CpG: 96	729	96	510	26.3	70	1.1
1178	chr18	77800902	77802272	CpG: 179	1370	179	1003	26.1	73.2	0.99
1178	chr18	77855288	77855546	CpG: 30	258	30	179	23.3	69.4	0.98
1179	chr18	77861613	77862010	CpG: 42	397	42	252	21.2	63.5	1.08
1179	chr18	77882041	77882814	CpG: 65	773	65	450	16.8	58.2	0.99
1179	chr18	77981573	77981887	CpG: 25	314	25	191	15.9	60.8	0.86
1180	chr18	78090430	78090869	CpG: 55	439	55	321	25.1	73.1	0.96
1180	chr18	78091640	78092092	CpG: 65	452	65	335	28.8	74.1	1.05
1188	chr18	79152149	79153638	CpG: 138	1489	138	820	18.5	55.1	1.23
1196	chr18	80089995	80090708	CpG: 77	713	77	500	21.6	70.1	0.89
1196	chr18	80091046	80091288	CpG: 21	242	21	162	17.4	66.9	0.78
1196	chr18	80193908	80194748	CpG: 99	840	99	583	23.6	69.4	1
1197	chr18	80235822	80236025	CpG: 16	203	16	124	15.8	61.1	0.86
1197	chr18	80243539	80243959	CpG: 42	420	42	288	20	68.6	0.85
1197	chr18	80249764	80250626	CpG: 81	862	81	550	18.8	63.8	0.95
1197	chr18	80279781	80280070	CpG: 23	289	23	182	15.9	63	0.81
1197	chr18	80299260	80300139	CpG: 69	879	69	571	15.7	65	0.74
1197	chr18	80338856	80339669	CpG: 77	813	77	518	18.9	63.7	0.94
1198	chr18	80365653	80366437	CpG: 113	784	113	587	28.8	74.9	1.03
1198	chr18	80405904	80407004	CpG: 104	1100	104	751	18.9	68.3	0.82
1199	chr18	80512473	80513587	CpG: 142	1114	142	749	25.5	67.2	1.13
1201	chr18	80741195	80741402	CpG: 16	207	16	144	15.5	69.6	0.67
1201	chr18	80750806	80751878	CpG: 110	1072	110	691	20.5	64.5	1
1201	chr18	80755637	80757186	CpG: 134	1549	134	950	17.3	61.3	0.93
1202	chr18	80976792	80977357	CpG: 68	565	68	407	24.1	72	0.93
1203	chr18	81015187	81015748	CpG: 42	561	42	337	15	60.1	0.84
1203	chr18	81017314	81017843	CpG: 38	529	38	347	14.4	65.6	0.67
1203	chr18	81028748	81031100	CpG: 229	2352	229	1475	19.5	62.7	1
1207	chr18	81553580	81553811	CpG: 17	231	17	137	14.7	59.3	0.84
1210	chr18	81959457	81959754	CpG: 24	297	24	186	16.2	62.6	0.83
1213	chr18	82423739	82424677	CpG: 65	938	65	583	13.9	62.2	0.72
1214	chr18	82493166	82493601	CpG: 44	435	44	315	20.2	72.4	0.77
1214	chr18	82494188	82494400	CpG: 16	212	16	135	15.1	63.7	0.75
1216	chr18	82710288	82711295	CpG: 145	1007	145	745	28.8	74	1.05
1216	chr18	82748032	82748251	CpG: 20	219	20	126	18.3	57.5	1.11
1217	chr18	82927658	82929675	CpG: 141	2017	141	1174	14	58.2	0.83
1217	chr18	82931390	82933027	CpG: 113	1637	113	940	13.8	57.4	0.85
1218	chr18	82975255	82975462	CpG: 19	207	19	139	18.4	67.1	0.82
1226	chr18	84033591	84033801	CpG: 16	210	16	128	15.2	61	0.82
1226	chr18	84103261	84106659	CpG: 309	3398	309	2001	18.2	58.9	1.05
1226	chr18	84110232	84110462	CpG: 20	230	20	147	17.4	63.9	0.85
1230	chr18	84606949	84608307	CpG: 137	1358	137	854	20.2	62.9	1.02
1231	chr18	84703395	84703980	CpG: 52	585	52	413	17.8	70.6	0.74
1231	chr18	84738177	84738595	CpG: 57	418	57	311	27.3	74.4	0.99
1233	chr18	84970051	84970402	CpG: 37	351	37	233	21.1	66.4	0.99
1244	chr18	86413337	86413637	CpG: 29	300	29	205	19.3	68.3	0.83
1246	chr18	86731118	86731576	CpG: 35	458	35	285	15.3	62.2	0.79
1263	chr18	88888123	88888577	CpG: 30	454	30	289	13.2	63.7	0.65
1263	chr18	88911935	88912553	CpG: 73	618	73	425	23.6	68.8	1.01
1263	chr18	88990083	88990297	CpG: 20	214	20	129	18.7	60.3	1.08
1270	chr18	89787268	89787722	CpG: 63	454	63	341	27.8	75.1	1
1275	chr18	90528059	90528661	CpG: 47	602	47	344	15.6	57.1	0.96
610	chr19	3332758	3333232	CpG: 36	474	36	300	15.2	63.3	0.76
610	chr19	3373218	3374182	CpG: 83	964	83	646	17.2	67	0.77
610	chr19	3375130	3375570	CpG: 44	440	44	283	20	64.3	0.97
611	chr19	3438813	3439374	CpG: 77	561	77	406	27.5	72.4	1.05
611	chr19	3464320	3464596	CpG: 32	276	32	191	23.2	69.2	0.98
612	chr19	3625227	3626246	CpG: 99	1019	99	665	19.4	65.3	0.92
613	chr19	3735805	3736698	CpG: 107	893	107	620	24	69.4	0.99
613	chr19	3758133	3758709	CpG: 53	576	53	353	18.4	61.3	1
614	chr19	3817370	3819102	CpG: 188	1732	188	1131	21.7	65.3	1.03
614	chr19	3901599	3902560	CpG: 91	961	91	558	18.9	58.1	1.12
615	chr19	3957032	3957265	CpG: 21	233	21	150	18	64.4	0.87
615	chr19	4050365	4050883	CpG: 53	518	53	357	20.5	68.9	0.87
615	chr19	4062492	4062835	CpG: 38	343	38	225	22.2	65.6	1.04
616	chr19	4087775	4088074	CpG: 26	299	26	198	17.4	66.2	0.8
616	chr19	4146842	4147602	CpG: 72	760	72	507	18.9	66.7	0.85
616	chr19	4149936	4151176	CpG: 102	1240	102	831	16.5	67	0.76
616	chr19	4171243	4171518	CpG: 24	275	24	167	17.5	60.7	1
616	chr19	4175745	4176309	CpG: 56	564	56	394	19.9	69.9	0.82
617	chr19	4198473	4198805	CpG: 31	332	31	219	18.7	66	0.86
617	chr19	4213125	4213429	CpG: 30	304	30	195	19.7	64.1	0.98
617	chr19	4219406	4220118	CpG: 71	712	71	489	19.9	68.7	0.88
617	chr19	4242183	4242795	CpG: 56	612	56	424	18.3	69.3	0.78
617	chr19	4251534	4251769	CpG: 21	235	21	138	17.9	58.7	1.04
617	chr19	4264388	4265624	CpG: 117	1236	117	806	18.9	65.2	0.91
617	chr19	4319042	4319376	CpG: 31	334	31	228	18.6	68.3	0.8
618	chr19	4332807	4333427	CpG: 54	620	54	432	17.4	69.7	0.72
618	chr19	4355640	4356351	CpG: 92	711	92	548	25.9	77.1	0.87
618	chr19	4446525	4448575	CpG: 200	2050	200	1335	19.5	65.1	0.94
619	chr19	4526662	4527179	CpG: 58	517	58	375	22.4	72.5	0.87
619	chr19	4560002	4561028	CpG: 88	1026	88	658	17.2	64.1	0.84
620	chr19	4664887	4665715	CpG: 74	828	74	522	17.9	63	0.92
620	chr19	4675296	4676152	CpG: 89	856	89	585	20.8	68.3	0.89
621	chr19	4748302	4748604	CpG: 37	302	37	223	24.5	73.8	0.9
621	chr19	4761781	4762666	CpG: 115	885	115	654	26	73.9	0.95
621	chr19	4806381	4806765	CpG: 49	384	49	282	25.5	73.4	0.96
621	chr19	4837796	4838065	CpG: 23	269	23	154	17.1	57.2	1.05
621	chr19	4843699	4844029	CpG: 23	330	23	185	13.9	56.1	0.89
622	chr19	4861163	4862044	CpG: 89	881	89	534	20.2	60.6	1.11
622	chr19	4889224	4889754	CpG: 39	530	39	328	14.7	61.9	0.78
622	chr19	4905115	4905482	CpG: 33	367	33	238	18	64.9	0.86
622	chr19	4917831	4918056	CpG: 17	225	17	140	15.1	62.2	0.78
622	chr19	4928655	4929084	CpG: 37	429	37	296	17.2	69	0.73
622	chr19	4978262	4978573	CpG: 22	311	22	192	14.1	61.7	0.76
623	chr19	4992593	4993104	CpG: 47	511	47	355	18.4	69.5	0.8
623	chr19	5012361	5012595	CpG: 20	234	20	147	17.1	62.8	0.87
623	chr19	5039737	5040052	CpG: 30	315	30	207	19	65.7	0.9
623	chr19	5051731	5052071	CpG: 27	340	27	222	15.9	65.3	0.75
623	chr19	5073903	5074511	CpG: 52	608	52	393	17.1	64.6	0.82
623	chr19	5088564	5089516	CpG: 83	952	83	599	17.4	62.9	0.88
623	chr19	5091300	5091660	CpG: 38	360	38	235	21.1	65.3	0.99
624	chr19	5118047	5118607	CpG: 52	560	52	406	18.6	72.5	0.71
624	chr19	5131822	5132082	CpG: 21	260	21	176	16.2	67.7	0.71
624	chr19	5132482	5132838	CpG: 27	356	27	227	15.2	63.8	0.75
624	chr19	5137907	5138781	CpG: 62	874	62	502	14.2	57.4	0.87
624	chr19	5148275	5148638	CpG: 34	363	34	194	18.7	53.4	1.32
624	chr19	5156736	5157211	CpG: 49	475	49	323	20.6	68	0.89
624	chr19	5167426	5168537	CpG: 93	1111	93	694	16.7	62.5	0.87
625	chr19	5322840	5323486	CpG: 91	646	91	487	28.2	75.4	0.99
625	chr19	5345199	5345661	CpG: 37	462	37	289	16	62.6	0.83
625	chr19	5356780	5357843	CpG: 120	1063	120	688	22.6	64.7	1.09
626	chr19	5399208	5399441	CpG: 25	233	25	159	21.5	68.2	0.92
626	chr19	5416263	5417546	CpG: 136	1283	136	842	21.2	65.6	0.99
626	chr19	5438205	5438927	CpG: 68	722	68	384	18.8	53.2	1.36
626	chr19	5474430	5475666	CpG: 89	1236	89	707	14.4	57.2	0.88
626	chr19	5497500	5498870	CpG: 103	1370	103	855	15	62.4	0.77
627	chr19	5506887	5507616	CpG: 72	729	72	520	19.8	71.3	0.78
627	chr19	5510532	5510783	CpG: 26	251	26	151	20.7	60.2	1.15
627	chr19	5524549	5524923	CpG: 43	374	43	232	23	62	1.25
627	chr19	5540353	5541443	CpG: 108	1090	108	727	19.8	66.7	0.89
627	chr19	5553603	5553833	CpG: 20	230	20	149	17.4	64.8	0.83
627	chr19	5560681	5561056	CpG: 32	375	32	244	17.1	65.1	0.84
627	chr19	5609960	5611282	CpG: 145	1322	145	875	21.9	66.2	1.01
627	chr19	5617340	5618440	CpG: 105	1100	105	715	19.1	65	0.91
628	chr19	5651946	5652403	CpG: 52	457	52	311	22.8	68.1	0.99
628	chr19	5659719	5660330	CpG: 53	611	53	401	17.3	65.6	0.83
628	chr19	5687193	5688153	CpG: 103	960	103	652	21.5	67.9	0.93
628	chr19	5704014	5705232	CpG: 102	1218	102	793	16.7	65.1	0.79
628	chr19	5738185	5739076	CpG: 71	891	71	546	15.9	61.3	0.85
628	chr19	5746046	5746299	CpG: 32	253	32	179	25.3	70.8	1.03
628	chr19	5766272	5766489	CpG: 19	217	19	140	17.5	64.5	0.84
629	chr19	5776157	5776481	CpG: 40	324	40	226	24.7	69.8	1.02
629	chr19	5779244	5779774	CpG: 60	530	60	367	22.6	69.2	0.95
629	chr19	5781428	5781844	CpG: 37	416	37	266	17.8	63.9	0.89
629	chr19	5791681	5792323	CpG: 53	642	53	394	16.5	61.4	0.89
629	chr19	5795533	5796032	CpG: 41	499	41	343	16.4	68.7	0.7
629	chr19	5806877	5807229	CpG: 30	352	30	245	17	69.6	0.7
629	chr19	5807773	5808116	CpG: 28	343	28	218	16.3	63.6	0.82
629	chr19	5821113	5821412	CpG: 40	299	40	217	26.8	72.6	1.02
629	chr19	5853237	5854119	CpG: 76	882	76	551	17.2	62.5	0.89
629	chr19	5895834	5896056	CpG: 26	222	26	150	23.4	67.6	1.08
630	chr19	5925062	5925477	CpG: 36	415	36	274	17.3	66	0.83
630	chr19	5943854	5944200	CpG: 40	346	40	256	23.1	74	0.86
630	chr19	5962281	5962995	CpG: 54	714	54	446	15.1	62.5	0.79
630	chr19	6013829	6014335	CpG: 48	506	48	318	19	62.8	0.98
631	chr19	6065483	6065752	CpG: 25	269	25	186	18.6	69.1	0.78
631	chr19	6096766	6097512	CpG: 81	746	81	506	21.7	67.8	0.95
631	chr19	6107695	6108219	CpG: 64	524	64	360	24.4	68.7	1.04
631	chr19	6111048	6111949	CpG: 101	901	101	597	22.4	66.3	1.02
631	chr19	6134784	6135386	CpG: 59	602	59	365	19.6	60.6	1.07
632	chr19	6167888	6168643	CpG: 86	755	86	502	22.8	66.5	1.04
632	chr19	6190584	6191436	CpG: 80	852	80	573	18.8	67.3	0.83
632	chr19	6234280	6234695	CpG: 31	415	31	243	14.9	58.6	0.88
632	chr19	6285564	6285787	CpG: 20	223	20	159	17.9	71.3	0.71
9	chr19	6291446	6291878	CpG: 44	432	44	278	20.4	64.4	0.99
633	chr19	6326539	6327555	CpG: 103	1016	103	659	20.3	64.9	0.97
633	chr19	6356169	6356889	CpG: 73	720	73	516	20.3	71.7	0.79
633	chr19	6370238	6370839	CpG: 40	601	40	399	13.3	66.4	0.6
633	chr19	6385026	6385836	CpG: 60	810	60	528	14.8	65.2	0.7
633	chr19	6391267	6391601	CpG: 40	334	40	242	24	72.5	0.92
633	chr19	6413366	6414646	CpG: 130	1280	130	788	20.3	61.6	1.08
634	chr19	6425547	6425885	CpG: 28	338	28	240	16.6	71	0.71
634	chr19	6448584	6448885	CpG: 24	301	24	206	15.9	68.4	0.68
634	chr19	6449511	6450199	CpG: 78	688	78	520	22.7	75.6	0.83
634	chr19	6451498	6451719	CpG: 21	221	21	148	19	67	0.9
634	chr19	6463157	6463379	CpG: 19	222	19	149	17.1	67.1	0.8
634	chr19	6468613	6469160	CpG: 47	547	47	363	17.2	66.4	0.83
634	chr19	6477857	6479021	CpG: 125	1164	125	728	21.5	62.5	1.1
634	chr19	6531329	6531535	CpG: 18	206	18	137	17.5	66.5	0.83
634	chr19	6547422	6548682	CpG: 112	1260	112	857	17.8	68	0.8
635	chr19	6581089	6582032	CpG: 88	943	88	629	18.7	66.7	0.86
636	chr19	6807326	6807833	CpG: 44	507	44	336	17.4	66.3	0.79
636	chr19	6808469	6808867	CpG: 38	398	38	262	19.1	65.8	0.88
637	chr19	6817475	6818105	CpG: 62	630	62	450	19.7	71.4	0.77
637	chr19	6832764	6833037	CpG: 25	273	25	180	18.3	65.9	0.87
637	chr19	6887053	6888003	CpG: 84	950	84	590	17.7	62.1	0.92
637	chr19	6898773	6899415	CpG: 46	642	46	342	14.3	53.3	1.03
637	chr19	6899690	6899900	CpG: 18	210	18	120	17.1	57.1	1.06
637	chr19	6903309	6903708	CpG: 32	399	32	270	16	67.7	0.71
637	chr19	6911088	6911696	CpG: 63	608	63	411	20.7	67.6	0.94
637	chr19	6918560	6919549	CpG: 96	989	96	659	19.4	66.6	0.88
637	chr19	6919749	6920030	CpG: 23	281	23	189	16.4	67.3	0.76
637	chr19	6929216	6929691	CpG: 36	475	36	284	15.2	59.8	0.87
638	chr19	6946940	6947276	CpG: 47	336	47	239	28	71.1	1.12
638	chr19	6951630	6952059	CpG: 36	429	36	282	16.8	65.7	0.8
638	chr19	6952500	6953059	CpG: 61	559	61	390	21.8	69.8	0.9
638	chr19	6957124	6957963	CpG: 69	839	69	575	16.4	68.5	0.76
638	chr19	6964704	6965282	CpG: 55	578	55	389	19	67.3	0.86
638	chr19	7016883	7017319	CpG: 59	436	59	325	27.1	74.5	1.02
638	chr19	7017803	7018046	CpG: 19	243	19	144	15.6	59.3	0.89
638	chr19	7033882	7034435	CpG: 63	553	63	379	22.8	68.5	0.97
638	chr19	7047707	7047944	CpG: 16	237	16	144	13.5	60.8	0.73
639	chr19	7142324	7143595	CpG: 151	1271	151	919	23.8	72.3	0.91
639	chr19	7183157	7183657	CpG: 42	500	42	285	16.8	57	1.03
639	chr19	7194711	7195064	CpG: 41	353	41	240	23.2	68	1.01
640	chr19	7218338	7218739	CpG: 63	401	63	291	31.4	72.6	1.2
640	chr19	7245758	7246435	CpG: 79	677	79	495	23.3	73.1	0.88
640	chr19	7318538	7319417	CpG: 91	879	91	590	20.7	67.1	0.93
641	chr19	7359588	7360587	CpG: 85	999	85	631	17	63.2	0.85
641	chr19	7394170	7395889	CpG: 196	1719	196	1248	22.8	72.6	0.87
641	chr19	7399461	7401093	CpG: 121	1632	121	1027	14.8	62.9	0.75
641	chr19	7460199	7460753	CpG: 62	554	62	371	22.4	67	1
642	chr19	7471358	7472357	CpG: 100	999	100	671	20	67.2	0.89
642	chr19	7589709	7590128	CpG: 44	419	44	292	21	69.7	0.9
651	chr19	8690718	8691361	CpG: 52	643	52	409	16.2	63.6	0.82
651	chr19	8700353	8700773	CpG: 41	420	41	251	19.5	59.8	1.09
651	chr19	8713144	8713408	CpG: 24	264	24	162	18.2	61.4	0.98
651	chr19	8718678	8719069	CpG: 30	391	30	237	15.3	60.6	0.89
651	chr19	8734069	8734808	CpG: 82	739	82	512	22.2	69.3	0.94
651	chr19	8748328	8748686	CpG: 30	358	30	227	16.8	63.4	0.83
651	chr19	8751681	8752356	CpG: 82	675	82	475	24.3	70.4	0.98
651	chr19	8763477	8763803	CpG: 26	326	26	214	16	65.6	0.74
652	chr19	8797160	8798252	CpG: 96	1092	96	625	17.6	57.2	1.09
652	chr19	8814741	8815094	CpG: 35	353	35	228	19.8	64.6	0.97
652	chr19	8848836	8849318	CpG: 46	482	46	341	19.1	70.7	0.76
652	chr19	8865812	8866634	CpG: 62	822	62	462	15.1	56.2	0.96
652	chr19	8870267	8870648	CpG: 33	381	33	217	17.3	57	1.08
652	chr19	8875300	8875875	CpG: 52	575	52	370	18.1	64.3	0.88
652	chr19	8897661	8898195	CpG: 50	534	50	347	18.7	65	0.89
652	chr19	8906744	8907430	CpG: 73	686	73	492	21.3	71.7	0.83
653	chr19	8919100	8920080	CpG: 112	980	112	661	22.9	67.4	1.02
653	chr19	8931087	8931392	CpG: 30	305	30	168	19.7	55.1	1.31
653	chr19	8944233	8944722	CpG: 42	489	42	310	17.2	63.4	0.87
653	chr19	8966627	8967294	CpG: 61	667	61	427	18.3	64	0.89
660	chr19	9853962	9854168	CpG: 17	206	17	134	16.5	65	0.92
660	chr19	9876636	9877187	CpG: 56	551	56	328	20.3	59.5	1.15
660	chr19	9959815	9960435	CpG: 67	620	67	426	21.6	68.7	0.94
661	chr19	9995494	9995766	CpG: 31	272	31	205	22.8	75.4	0.83
661	chr19	10018599	10019412	CpG: 81	813	81	583	19.9	71.7	0.79
661	chr19	10078586	10079584	CpG: 79	998	79	605	15.8	60.6	0.88
662	chr19	10160110	10160749	CpG: 77	639	77	449	24.1	70.3	0.98
662	chr19	10181062	10181317	CpG: 27	255	27	162	21.2	63.5	1.06
662	chr19	10217895	10218243	CpG: 41	348	41	217	23.6	62.4	1.23
663	chr19	10281897	10282602	CpG: 85	705	85	519	24.1	73.6	0.89
664	chr19	10366035	10367132	CpG: 108	1097	108	645	19.7	58.8	1.15
664	chr19	10403716	10404007	CpG: 23	291	23	211	15.8	72.5	0.6
664	chr19	10433918	10435177	CpG: 153	1259	153	878	24.3	69.7	1
665	chr19	10502399	10503141	CpG: 92	742	92	547	24.8	73.7	0.95
665	chr19	10533078	10533405	CpG: 31	327	31	212	19	64.8	0.9
665	chr19	10554442	10554825	CpG: 26	383	26	219	13.6	57.2	0.84
665	chr19	10582767	10583316	CpG: 50	549	50	364	18.2	66.3	0.83
666	chr19	10666020	10666583	CpG: 68	563	68	410	24.2	72.8	0.93
667	chr19	10846842	10847249	CpG: 35	407	35	264	17.2	64.9	0.82
667	chr19	10859022	10859431	CpG: 36	409	36	236	17.6	57.7	1.09
667	chr19	10872520	10872991	CpG: 47	471	47	314	20	66.7	0.91
668	chr19	10917907	10918457	CpG: 43	550	43	338	15.6	61.5	0.83
668	chr19	10926143	10926767	CpG: 56	624	56	399	17.9	63.9	0.91
669	chr19	11069601	11069866	CpG: 49	265	49	207	37	78.1	1.22
669	chr19	11098389	11098856	CpG: 48	467	48	332	20.6	71.1	0.91
84	chr19	11795890	11796533	CpG: 49	643	49	359	15.2	55.8	0.98
675	chr19	11846102	11846472	CpG: 41	370	41	259	22.2	70	0.92
675	chr19	11855701	11855953	CpG: 21	252	21	155	16.7	61.5	0.89
675	chr19	11889492	11890350	CpG: 98	858	98	563	22.8	65.6	1.06
676	chr19	11942812	11943527	CpG: 95	715	95	513	26.6	71.7	1.05
680	chr19	12478371	12479164	CpG: 95	793	95	551	24	69.5	1
680	chr19	12573219	12573707	CpG: 45	488	45	338	18.4	69.3	0.79
682	chr19	12772111	12773718	CpG: 171	1607	171	1099	21.3	68.4	0.91
696	chr19	14574277	14576470	CpG: 215	2193	215	1331	19.6	60.7	1.07
706	chr19	15901877	15902650	CpG: 62	773	62	486	16	62.9	0.82
706	chr19	15961856	15962484	CpG: 85	628	85	446	27.1	71	1.08
707	chr19	16109713	16111101	CpG: 177	1388	177	899	25.5	64.8	1.25
710	chr19	16413707	16414264	CpG: 51	557	51	347	18.3	62.3	0.95
712	chr19	16757622	16758606	CpG: 112	984	112	653	22.8	66.4	1.04
713	chr19	16849684	16852017	CpG: 151	2333	151	1306	12.9	56	0.83
714	chr19	16933249	16933591	CpG: 33	342	33	246	19.3	71.9	0.75
717	chr19	17333716	17334128	CpG: 35	412	35	279	17	67.7	0.77
717	chr19	17371284	17371879	CpG: 80	595	80	444	26.9	74.6	0.97
720	chr19	17814167	17815045	CpG: 90	878	90	581	20.5	66.2	0.94
726	chr19	18608656	18609550	CpG: 86	894	86	598	19.2	66.9	0.86
727	chr19	18648081	18648876	CpG: 100	795	100	496	25.2	62.4	1.31
727	chr19	18690218	18691095	CpG: 94	877	94	567	21.4	64.7	1.03
727	chr19	18727060	18727376	CpG: 31	316	31	192	19.6	60.8	1.08
730	chr19	19087539	19088096	CpG: 43	557	43	344	15.4	61.8	0.83
747	chr19	21249158	21250467	CpG: 167	1309	167	937	25.5	71.6	1
748	chr19	21449637	21450007	CpG: 42	370	42	264	22.7	71.4	0.89
750	chr19	21630192	21631237	CpG: 118	1045	118	669	22.6	64	1.1
750	chr19	21755497	21756364	CpG: 85	867	85	603	19.6	69.6	0.81
751	chr19	21770066	21770307	CpG: 21	241	21	147	17.4	61	0.97
753	chr19	22116211	22116665	CpG: 37	454	37	305	16.3	67.2	0.73
758	chr19	22704435	22704655	CpG: 17	220	17	135	15.5	61.4	0.89
761	chr19	23112255	23113788	CpG: 103	1533	103	927	13.4	60.5	0.74
761	chr19	23118243	23119478	CpG: 124	1235	124	748	20.1	60.6	1.09
762	chr19	23250925	23251374	CpG: 59	449	59	327	26.3	72.8	1.01
765	chr19	23597062	23597269	CpG: 18	207	18	120	17.4	58	1.04
765	chr19	23664499	23665256	CpG: 89	757	89	517	23.5	68.3	1.01
766	chr19	23735587	23736677	CpG: 128	1090	128	776	23.5	71.2	0.94
767	chr19	23870102	23871194	CpG: 150	1092	150	776	27.5	71.1	1.09
768	chr19	24008467	24008756	CpG: 22	289	22	183	15.2	63.3	0.76
768	chr19	24108292	24108645	CpG: 35	353	35	231	19.8	65.4	0.93
769	chr19	24151240	24151882	CpG: 96	642	96	487	29.9	75.9	1.05
769	chr19	24201751	24202368	CpG: 55	617	55	408	17.8	66.1	0.82
770	chr19	24257710	24258056	CpG: 49	346	49	236	28.3	68.2	1.22
771	chr19	24454280	24455025	CpG: 78	745	78	465	20.9	62.4	1.08
772	chr19	24532902	24533771	CpG: 93	869	93	567	21.4	65.2	1.01
774	chr19	24838864	24839308	CpG: 44	444	44	313	19.8	70.5	0.81
774	chr19	24874600	24874935	CpG: 36	335	36	214	21.5	63.9	1.06
774	chr19	24876871	24878039	CpG: 104	1168	104	778	17.8	66.6	0.83
775	chr19	24938937	24939192	CpG: 24	255	24	166	18.8	65.1	0.9
775	chr19	24976555	24977307	CpG: 72	752	72	391	19.1	52	1.42
777	chr19	25213902	25215139	CpG: 111	1237	111	823	17.9	66.5	0.81
778	chr19	25387343	25387726	CpG: 31	383	31	231	16.2	60.3	0.93
779	chr19	25482967	25484334	CpG: 114	1367	114	841	16.7	61.5	0.89
780	chr19	25583076	25583784	CpG: 46	708	46	438	13	61.9	0.68
780	chr19	25587371	25588710	CpG: 136	1339	136	965	20.3	72.1	0.79
780	chr19	25599748	25600072	CpG: 24	324	24	208	14.8	64.2	0.72
780	chr19	25649347	25649855	CpG: 37	508	37	295	14.6	58.1	0.87
780	chr19	25650745	25650948	CpG: 21	203	21	133	20.7	65.5	0.98
787	chr19	26581878	26585283	CpG: 247	3405	247	2077	14.5	61	0.78
792	chr19	27194355	27195727	CpG: 125	1372	125	840	18.2	61.2	0.97
792	chr19	27196290	27196525	CpG: 17	235	17	141	14.5	60	0.83
793	chr19	27300535	27300908	CpG: 29	373	29	228	15.5	61.1	0.83
794	chr19	27407046	27407595	CpG: 43	549	43	309	15.7	56.3	0.99
798	chr19	27988057	27989439	CpG: 129	1382	129	777	18.7	56.2	1.18
803	chr19	28655636	28655914	CpG: 20	278	20	169	14.4	60.8	0.78
803	chr19	28657026	28657790	CpG: 82	764	82	522	21.5	68.3	0.92
804	chr19	28740721	28740934	CpG: 19	213	19	129	17.8	60.6	0.97
804	chr19	28812400	28812828	CpG: 58	428	58	312	27.1	72.9	1.02
805	chr19	28941241	28942059	CpG: 80	818	80	560	19.6	68.5	0.84
805	chr19	28952469	28952804	CpG: 25	335	25	199	14.9	59.4	0.85
806	chr19	28967629	28968218	CpG: 61	589	61	401	20.7	68.1	0.89
806	chr19	29024920	29025447	CpG: 59	527	59	390	22.4	74	0.82
806	chr19	29078354	29079253	CpG: 81	899	81	582	18	64.7	0.86
100	chr19	29228512	29229579	CpG: 140	1067	140	794	26.2	74.4	0.95
808	chr19	29339136	29339443	CpG: 27	307	27	205	17.6	66.8	0.79
810	chr19	29499368	29500614	CpG: 166	1246	166	930	26.6	74.6	0.98
810	chr19	29603552	29603863	CpG: 21	311	21	184	13.5	59.2	0.77
811	chr19	29625197	29625839	CpG: 85	642	85	473	26.5	73.7	1
812	chr19	29782486	29784098	CpG: 152	1612	152	1078	18.9	66.9	0.85
812	chr19	29790308	29790557	CpG: 29	249	29	173	23.3	69.5	1
813	chr19	30007314	30008743	CpG: 148	1429	148	950	20.7	66.5	0.94
815	chr19	30152274	30152872	CpG: 56	598	56	424	18.7	70.9	0.75
817	chr19	30516845	30517199	CpG: 42	354	42	255	23.7	72	0.92
821	chr19	31060038	31060549	CpG: 46	511	46	292	18	57.1	1.11
826	chr19	31641315	31642150	CpG: 64	835	64	539	15.3	64.6	0.74
827	chr19	31741458	31742089	CpG: 54	631	54	422	17.1	66.9	0.78
829	chr19	32085370	32085605	CpG: 25	235	25	172	21.3	73.2	0.81
831	chr19	32364873	32367232	CpG: 208	2359	208	1522	17.6	64.5	0.85
832	chr19	32463051	32464056	CpG: 113	1005	113	705	22.5	70.1	0.92
833	chr19	32572958	32573615	CpG: 52	657	52	386	15.8	58.8	0.92
834	chr19	32689313	32689844	CpG: 57	531	57	383	21.5	72.1	0.83
834	chr19	32733435	32735746	CpG: 172	2311	172	1412	14.9	61.1	0.8
839	chr19	33369175	33369630	CpG: 39	455	39	301	17.1	66.2	0.79
845	chr19	34169852	34170188	CpG: 36	336	36	239	21.4	71.1	0.85
847	chr19	34451664	34452432	CpG: 52	768	52	457	13.5	59.5	0.79
849	chr19	34724375	34724823	CpG: 53	448	53	329	23.7	73.4	0.88
850	chr19	34855680	34856647	CpG: 110	967	110	642	22.8	66.4	1.04
851	chr19	34899433	34899956	CpG: 48	523	48	338	18.4	64.6	0.89
859	chr19	36034001	36035181	CpG: 136	1180	136	846	23.1	71.7	0.9
860	chr19	36086769	36086984	CpG: 16	215	16	110	14.9	51.2	1.14
862	chr19	36325526	36326941	CpG: 170	1415	170	947	24	66.9	1.07
862	chr19	36386932	36387760	CpG: 125	828	125	641	30.2	77.4	1.03
863	chr19	36531347	36532455	CpG: 121	1108	121	733	21.8	66.2	1.02
865	chr19	36713971	36714371	CpG: 37	400	37	265	18.5	66.2	0.84
865	chr19	36811555	36812307	CpG: 107	752	107	540	28.5	71.8	1.1
866	chr19	36881568	36882009	CpG: 38	441	38	283	17.2	64.2	0.84
866	chr19	36895970	36896608	CpG: 79	638	79	473	24.8	74.1	0.9
866	chr19	36903408	36904027	CpG: 71	619	71	363	22.9	58.6	1.35
867	chr19	36995815	36996086	CpG: 20	271	20	179	14.8	66.1	0.68
868	chr19	37184445	37185422	CpG: 101	977	101	643	20.7	65.8	0.96
868	chr19	37211154	37211761	CpG: 50	607	50	381	16.5	62.8	0.84
869	chr19	37339500	37340515	CpG: 116	1015	116	705	22.9	69.5	0.95
870	chr19	37364365	37365056	CpG: 68	691	68	427	19.7	61.8	1.03
870	chr19	37422714	37424023	CpG: 148	1309	148	908	22.6	69.4	0.94
871	chr19	37538916	37539504	CpG: 58	588	58	411	19.7	69.9	0.81
872	chr19	37674890	37675105	CpG: 21	215	21	137	19.5	63.7	0.96
872	chr19	37675494	37676284	CpG: 60	790	60	505	15.2	63.9	0.74
872	chr19	37679278	37679518	CpG: 26	240	26	163	21.7	67.9	0.94
872	chr19	37681291	37681851	CpG: 54	560	54	360	19.3	64.3	0.93
872	chr19	37685647	37687703	CpG: 155	2056	155	1285	15.1	62.5	0.78
875	chr19	38043338	38043799	CpG: 42	461	42	302	18.2	65.5	0.85
875	chr19	38085400	38086181	CpG: 76	781	76	521	19.5	66.7	0.88
875	chr19	38112933	38113483	CpG: 71	550	71	401	25.8	72.9	0.97
876	chr19	38212470	38212716	CpG: 33	246	33	172	26.8	69.9	1.1
877	chr19	38384348	38384802	CpG: 66	454	66	338	29.1	74.4	1.1
878	chr19	38469321	38470018	CpG: 55	697	55	411	15.8	59	0.91
881	chr19	38807508	38807944	CpG: 36	436	36	272	16.5	62.4	0.85
881	chr19	38824942	38825967	CpG: 114	1025	114	611	22.2	59.6	1.25
881	chr19	38918986	38919990	CpG: 94	1004	94	638	18.7	63.5	0.94
892	chr19	40259530	40260024	CpG: 60	494	60	340	24.3	68.8	1.03
892	chr19	40314525	40314780	CpG: 21	255	21	161	16.5	63.1	0.84
894	chr19	40501869	40502479	CpG: 70	610	70	438	23	71.8	0.89
894	chr19	40576644	40577022	CpG: 46	378	46	269	24.3	71.2	1.01
894	chr19	40600350	40600897	CpG: 44	547	44	329	16.1	60.1	0.9
896	chr19	40819409	40820564	CpG: 131	1155	131	793	22.7	68.7	0.97
896	chr19	40861577	40861993	CpG: 41	416	41	271	19.7	65.1	0.93
896	chr19	40882918	40883866	CpG: 98	948	98	629	20.7	66.4	0.94
898	chr19	41077007	41077229	CpG: 16	222	16	140	14.4	63.1	0.73
899	chr19	41194484	41195589	CpG: 70	1105	70	692	12.7	62.6	0.65
899	chr19	41251628	41252743	CpG: 133	1115	133	774	23.9	69.4	1
900	chr19	41364389	41364625	CpG: 19	236	19	155	16.1	65.7	0.76
900	chr19	41373410	41373720	CpG: 37	310	37	226	23.9	72.9	0.9
901	chr19	41470666	41471995	CpG: 174	1329	174	921	26.2	69.3	1.09
903	chr19	41731525	41732087	CpG: 58	562	58	387	20.6	68.9	0.87
903	chr19	41790026	41790507	CpG: 47	481	47	324	19.5	67.4	0.86
904	chr19	41818370	41819389	CpG: 127	1019	127	709	24.9	69.6	1.03
904	chr19	41835530	41836931	CpG: 161	1401	161	911	23	65	1.09
904	chr19	41884332	41884624	CpG: 27	292	27	188	18.5	64.4	0.89
904	chr19	41900130	41901012	CpG: 94	882	94	592	21.3	67.1	0.95
904	chr19	41921317	41921971	CpG: 57	654	57	423	17.4	64.7	0.83
905	chr19	41969363	41970911	CpG: 148	1548	148	1062	19.1	68.6	0.82
906	chr19	42078655	42079477	CpG: 102	822	102	588	24.8	71.5	0.98
906	chr19	42117239	42117833	CpG: 52	594	52	397	17.5	66.8	0.79
906	chr19	42136004	42136927	CpG: 87	923	87	554	18.9	60	1.07
906	chr19	42158910	42159351	CpG: 45	441	45	280	20.4	63.5	1.01
906	chr19	42189902	42190779	CpG: 85	877	85	615	19.4	70.1	0.79
907	chr19	42244195	42244553	CpG: 41	358	41	262	22.9	73.2	0.87
908	chr19	42419830	42421020	CpG: 121	1190	121	784	20.3	65.9	0.94
909	chr19	42506961	42507755	CpG: 69	794	69	512	17.4	64.5	0.84
909	chr19	42588345	42588546	CpG: 15	201	15	119	14.9	59.2	0.86
910	chr19	42601156	42601519	CpG: 38	363	38	268	20.9	73.8	0.78
911	chr19	42768092	42768534	CpG: 39	442	39	294	17.6	66.5	0.81
915	chr19	43374666	43375244	CpG: 43	578	43	335	14.9	58	0.89
916	chr19	43415849	43416146	CpG: 25	297	25	197	16.8	66.3	0.78
916	chr19	43428758	43430108	CpG: 149	1350	149	934	22.1	69.2	0.92
916	chr19	43512782	43513422	CpG: 51	640	51	397	15.9	62	0.85
917	chr19	43588170	43588508	CpG: 23	338	23	205	13.6	60.7	0.75
917	chr19	43589341	43589545	CpG: 17	204	17	120	16.7	58.8	0.99
917	chr19	43589766	43590206	CpG: 34	440	34	253	15.5	57.5	0.95
917	chr19	43602774	43603547	CpG: 77	773	77	454	19.9	58.7	1.16
917	chr19	43604748	43605344	CpG: 47	596	47	378	15.8	63.4	0.8
918	chr19	43662870	43664403	CpG: 122	1533	122	937	15.9	61.1	0.86
918	chr19	43677986	43678568	CpG: 54	582	54	398	18.6	68.4	0.82
918	chr19	43741168	43741836	CpG: 74	668	74	458	22.2	68.6	0.94
919	chr19	43867972	43868313	CpG: 35	341	35	240	20.5	70.4	0.86
920	chr19	43928306	43928918	CpG: 74	612	74	426	24.2	69.6	1.04
921	chr19	44057902	44058313	CpG: 60	411	60	299	29.2	72.7	1.12
921	chr19	44095528	44096062	CpG: 57	534	57	384	21.3	71.9	0.85
921	chr19	44134560	44134925	CpG: 37	365	37	251	20.3	68.8	0.94
922	chr19	44236610	44236867	CpG: 27	257	27	178	21	69.3	0.89
922	chr19	44255358	44255643	CpG: 27	285	27	202	18.9	70.9	0.78
922	chr19	44272571	44272927	CpG: 31	356	31	252	17.4	70.8	0.7
924	chr19	44499944	44500506	CpG: 58	562	58	385	20.6	68.5	0.88
924	chr19	44533909	44534320	CpG: 38	411	38	293	18.5	71.3	0.74
924	chr19	44543291	44543955	CpG: 49	664	49	416	14.8	62.7	0.78
924	chr19	44551167	44551485	CpG: 26	318	26	196	16.4	61.6	0.86
925	chr19	44660430	44660835	CpG: 36	405	36	262	17.8	64.7	0.85
925	chr19	44663090	44663313	CpG: 29	223	29	141	26	63.2	1.31
925	chr19	44672521	44672894	CpG: 46	373	46	263	24.7	70.5	1.02
926	chr19	44705811	44706027	CpG: 16	216	16	115	14.8	53.2	1.05
926	chr19	44708596	44708965	CpG: 33	369	33	255	17.9	69.1	0.76
926	chr19	44712467	44712753	CpG: 25	286	25	173	17.5	60.5	0.98
926	chr19	44714547	44714911	CpG: 43	364	43	257	23.6	70.6	0.97
926	chr19	44722864	44723495	CpG: 54	631	54	378	17.1	59.9	0.96
926	chr19	44729618	44730200	CpG: 47	582	47	339	16.2	58.2	0.96
926	chr19	44735107	44735380	CpG: 37	273	37	200	27.1	73.3	1.03
926	chr19	44738872	44739103	CpG: 22	231	22	155	19	67.1	0.85
926	chr19	44744015	44745946	CpG: 161	1931	161	1234	16.7	63.9	0.82
926	chr19	44747267	44747759	CpG: 39	492	39	307	15.9	62.4	0.81
926	chr19	44824969	44825454	CpG: 35	485	35	307	14.4	63.3	0.75
927	chr19	44919292	44920040	CpG: 66	748	66	504	17.6	67.4	0.79
928	chr19	44977389	44977628	CpG: 17	239	17	154	14.2	64.4	0.71
928	chr19	44977748	44978101	CpG: 33	353	33	217	18.7	61.5	0.99
928	chr19	44994245	44995262	CpG: 100	1017	100	657	19.7	64.6	0.96
928	chr19	45003693	45004261	CpG: 42	568	42	322	14.8	56.7	0.93
928	chr19	45006383	45006719	CpG: 47	336	47	266	28	79.2	0.91
928	chr19	45014331	45014692	CpG: 29	361	29	258	16.1	71.5	0.64
928	chr19	45053857	45054117	CpG: 23	260	23	172	17.7	66.2	0.82
928	chr19	45063340	45063993	CpG: 50	653	50	388	15.3	59.4	0.87
928	chr19	45065221	45065657	CpG: 52	436	52	307	23.9	70.4	0.97
928	chr19	45068236	45069190	CpG: 69	954	69	589	14.5	61.7	0.76
929	chr19	45131898	45132304	CpG: 35	406	35	272	17.2	67	0.77
929	chr19	45139014	45140053	CpG: 79	1039	79	634	15.2	61	0.82
929	chr19	45141833	45142658	CpG: 59	825	59	502	14.3	60.8	0.77
929	chr19	45144265	45144600	CpG: 25	335	25	213	14.9	63.6	0.74
929	chr19	45147514	45147807	CpG: 25	293	25	183	17.1	62.5	0.88
929	chr19	45211975	45212683	CpG: 47	708	47	413	13.3	58.3	0.78
116	chr19	45219382	45220018	CpG: 69	636	69	415	21.7	65.3	1.02
930	chr19	45221938	45224103	CpG: 163	2165	163	1301	15.1	60.1	0.84
930	chr19	45224382	45224703	CpG: 25	321	25	207	15.6	64.5	0.75
930	chr19	45225101	45225381	CpG: 28	280	28	206	20	73.6	0.74
930	chr19	45290190	45290652	CpG: 39	462	39	266	16.9	57.6	1.02
931	chr19	45351887	45352411	CpG: 45	524	45	335	17.2	63.9	0.85
932	chr19	45529987	45530368	CpG: 49	381	49	254	25.7	66.7	1.16
932	chr19	45533489	45533710	CpG: 25	221	25	155	22.6	70.1	0.93
933	chr19	45648111	45649028	CpG: 94	917	94	551	20.5	60.1	1.15
933	chr19	45664218	45664595	CpG: 28	377	28	199	14.9	52.8	1.07
933	chr19	45725371	45725696	CpG: 33	325	33	220	20.3	67.7	0.9
933	chr19	45730862	45731666	CpG: 94	804	94	619	23.4	77	0.83
933	chr19	45737404	45738109	CpG: 76	705	76	488	21.6	69.2	0.91
934	chr19	45771178	45772304	CpG: 116	1126	116	766	20.6	68	0.89
935	chr19	45986453	45987105	CpG: 70	652	70	458	21.5	70.2	0.9
935	chr19	45991806	45992502	CpG: 67	696	67	480	19.3	69	0.81
936	chr19	46033301	46033578	CpG: 38	277	38	215	27.4	77.6	0.91
936	chr19	46044973	46045547	CpG: 59	574	59	392	20.6	68.3	0.95
936	chr19	46064151	46064634	CpG: 52	483	52	302	21.5	62.5	1.1
936	chr19	46124256	46125469	CpG: 96	1213	96	798	15.8	65.8	0.75
936	chr19	46135827	46136291	CpG: 33	464	33	289	14.2	62.3	0.74
936	chr19	46136643	46137308	CpG: 51	665	51	455	15.3	68.4	0.66
937	chr19	46141118	46141336	CpG: 22	218	22	146	20.2	67	0.91
938	chr19	46292893	46294259	CpG: 104	1366	104	885	15.2	64.8	0.73
938	chr19	46297399	46297761	CpG: 40	362	40	251	22.1	69.3	0.92
938	chr19	46306072	46306649	CpG: 94	577	94	456	32.6	79	1.05
938	chr19	46316634	46318025	CpG: 131	1391	131	928	18.8	66.7	0.85
938	chr19	46326813	46327224	CpG: 28	411	28	248	13.6	60.3	0.75
938	chr19	46337191	46337740	CpG: 75	549	75	402	27.3	73.2	1.02
938	chr19	46345243	46345565	CpG: 28	322	28	220	17.4	68.3	0.76
938	chr19	46383541	46384308	CpG: 51	767	51	454	13.3	59.2	0.76
938	chr19	46385314	46385783	CpG: 46	469	46	291	19.6	62	1.04
939	chr19	46488425	46491474	CpG: 244	3049	244	1845	16	60.5	0.87
940	chr19	46561554	46562031	CpG: 41	477	41	292	17.2	61.2	0.92
940	chr19	46642557	46642863	CpG: 23	306	23	202	15	66	0.69
941	chr19	46678287	46678589	CpG: 32	302	32	199	21.2	65.9	0.98
941	chr19	46749319	46751321	CpG: 170	2002	170	1271	17	63.5	0.84
943	chr19	46950150	46950890	CpG: 101	740	101	561	27.3	75.8	0.95
943	chr19	47002949	47004184	CpG: 146	1235	146	790	23.6	64	1.16
943	chr19	47038744	47039487	CpG: 69	743	69	427	18.6	57.5	1.13
944	chr19	47056041	47056924	CpG: 105	883	105	643	23.8	72.8	0.9
944	chr19	47063354	47063572	CpG: 19	218	19	121	17.4	55.5	1.13
944	chr19	47078783	47079354	CpG: 65	571	65	365	22.8	63.9	1.13
944	chr19	47140097	47140403	CpG: 26	306	26	199	17	65	0.8
944	chr19	47167042	47168075	CpG: 117	1033	117	711	22.7	68.8	0.96
945	chr19	47241493	47242257	CpG: 110	764	110	554	28.8	72.5	1.1
945	chr19	47255723	47255976	CpG: 22	253	22	166	17.4	65.6	0.81
945	chr19	47302464	47302813	CpG: 33	349	33	235	18.9	67.3	0.84
947	chr19	47452446	47453032	CpG: 60	586	60	393	20.5	67.1	0.91
947	chr19	47525450	47525686	CpG: 26	236	26	160	22	67.8	1.05
947	chr19	47567749	47568566	CpG: 142	817	142	619	34.8	75.8	1.22
947	chr19	47568754	47569068	CpG: 21	314	21	176	13.4	56.1	0.87
949	chr19	47719678	47720355	CpG: 63	677	63	432	18.6	63.8	0.91
949	chr19	47825636	47825953	CpG: 34	317	34	185	21.5	58.4	1.26
950	chr19	47843305	47843822	CpG: 51	517	51	351	19.7	67.9	0.86
950	chr19	47853796	47854348	CpG: 49	552	49	356	17.8	64.5	0.85
950	chr19	47907401	47907857	CpG: 43	456	43	294	18.9	64.5	0.91
952	chr19	48193619	48195191	CpG: 117	1572	117	1005	14.9	63.9	0.74
971	chr19	50666445	50667397	CpG: 78	952	78	591	16.4	62.1	0.85
989	chr19	53026667	53027140	CpG: 56	473	56	351	23.7	74.2	0.87
990	chr19	53130566	53131820	CpG: 115	1254	115	841	18.3	67.1	0.84
991	chr19	53298980	53299779	CpG: 61	799	61	450	15.3	56.3	0.96
991	chr19	53301203	53302299	CpG: 107	1096	107	734	19.5	67	0.89
991	chr19	53302729	53302972	CpG: 20	243	20	146	16.5	60.1	0.91
991	chr19	53317712	53318399	CpG: 106	687	106	513	30.9	74.7	1.16
992	chr19	53378238	53379302	CpG: 101	1064	101	655	19	61.6	1
993	chr19	53517132	53518140	CpG: 126	1008	126	715	25	70.9	0.99
993	chr19	53518250	53518543	CpG: 21	293	21	188	14.3	64.2	0.7
993	chr19	53588437	53589482	CpG: 120	1045	120	705	23	67.5	1.02
994	chr19	53664764	53665920	CpG: 100	1156	100	746	17.3	64.5	0.83
996	chr19	53891600	53892443	CpG: 119	843	119	644	28.2	76.4	0.97
996	chr19	53932317	53934063	CpG: 141	1746	141	1049	16.2	60.1	0.9
997	chr19	54033486	54036115	CpG: 221	2629	221	1585	16.8	60.3	0.93
1005	chr19	55087477	55087882	CpG: 47	405	47	308	23.2	76	0.81
1006	chr19	55303794	55305104	CpG: 117	1310	117	816	17.9	62.3	0.93
1010	chr19	55730148	55730400	CpG: 20	252	20	144	15.9	57.1	1.08
1010	chr19	55730777	55731420	CpG: 62	643	62	381	19.3	59.3	1.11
1011	chr19	55883855	55884058	CpG: 23	203	23	147	22.7	72.4	0.88
1015	chr19	56385282	56385975	CpG: 71	693	71	469	20.5	67.7	0.91
1016	chr19	56536831	56537425	CpG: 62	594	62	417	20.9	70.2	0.85
1017	chr19	56710077	56712429	CpG: 234	2352	234	1529	19.9	65	0.94
1018	chr19	56810208	56810782	CpG: 81	574	81	417	28.2	72.6	1.07
1018	chr19	56814588	56814954	CpG: 41	366	41	255	22.4	69.7	0.96
1018	chr19	56862595	56863085	CpG: 53	490	53	331	21.6	67.6	0.95
1019	chr19	56996431	56996967	CpG: 50	536	50	337	18.7	62.9	0.97
1022	chr19	57302876	57303452	CpG: 54	576	54	420	18.8	72.9	0.71
1022	chr19	57349054	57350142	CpG: 132	1088	132	799	24.3	73.4	0.91
1024	chr19	57598637	57600277	CpG: 159	1640	159	1100	19.4	67.1	0.86
1025	chr19	57690400	57690617	CpG: 17	217	17	131	15.7	60.4	0.86
1030	chr19	58442108	58442337	CpG: 17	229	17	155	14.8	67.7	0.65
1030	chr19	58442785	58444344	CpG: 105	1559	105	942	13.5	60.4	0.74
1033	chr19	58787845	58788270	CpG: 31	425	31	258	14.6	60.7	0.79
1033	chr19	58849242	58849572	CpG: 26	330	26	230	15.8	69.7	0.67
1034	chr19	58931584	58932066	CpG: 40	482	40	285	16.6	59.1	0.95
1035	chr19	59063574	59064381	CpG: 82	807	82	576	20.3	71.4	0.8
1036	chr19	59154627	59155213	CpG: 58	586	58	388	19.8	66.2	0.9
1036	chr19	59157547	59158913	CpG: 118	1366	118	850	17.3	62.2	0.89
1036	chr19	59182365	59182851	CpG: 40	486	40	309	16.5	63.6	0.83
1037	chr19	59249283	59249899	CpG: 54	616	54	406	17.5	65.9	0.81
1037	chr19	59333237	59334788	CpG: 183	1551	183	1045	23.6	67.4	1.04
1038	chr19	59439912	59440256	CpG: 27	344	27	209	15.7	60.8	0.85
1038	chr19	59446347	59448416	CpG: 149	2069	149	1155	14.4	55.8	0.94
1038	chr19	59455573	59455989	CpG: 29	416	29	219	13.9	52.6	1.01
1038	chr19	59457469	59457737	CpG: 22	268	22	165	16.4	61.6	0.87
1042	chr19	59931826	59932329	CpG: 46	503	46	307	18.3	61	1
1044	chr19	60214708	60215187	CpG: 63	479	63	333	26.3	69.5	1.11
1046	chr19	60455624	60456310	CpG: 54	686	54	411	15.7	59.9	0.88
1047	chr19	60568823	60569743	CpG: 70	920	70	524	15.2	57	0.94
1048	chr19	60744188	60745778	CpG: 157	1590	157	995	19.7	62.6	1.01
1048	chr19	60778411	60779444	CpG: 119	1033	119	703	23	68.1	1
1048	chr19	60800032	60800363	CpG: 24	331	24	204	14.5	61.6	0.77
1049	chr19	60862792	60863043	CpG: 22	251	22	167	17.5	66.5	0.79
1049	chr19	60878094	60879146	CpG: 90	1052	90	601	17.1	57.1	1.05
1051	chr19	61164151	61164427	CpG: 24	276	24	191	17.4	69.2	0.73
1052	chr19	61213531	61216352	CpG: 255	2821	255	1901	18.1	67.4	0.8
1052	chr19	61216937	61217150	CpG: 21	213	21	139	19.7	65.3	0.93
1052	chr19	61254943	61255409	CpG: 35	466	35	242	15	51.9	1.16
585	chr1_MU069434v1_random	7388	7879	CpG: 51	491	51	320	20.8	65.2	0.98
608	chr2	3119245	3119900	CpG: 81	655	81	462	24.7	70.5	1.01
610	chr2	3284953	3286133	CpG: 115	1180	115	776	19.5	65.8	0.91
610	chr2	3333296	3333792	CpG: 47	496	47	318	19	64.1	0.92
611	chr2	3419984	3420302	CpG: 33	318	33	207	20.8	65.1	0.98
611	chr2	3475471	3476336	CpG: 103	865	103	601	23.8	69.5	0.99
611	chr2	3513557	3514319	CpG: 58	762	58	473	15.2	62.1	0.79
613	chr2	3714400	3715122	CpG: 70	722	70	491	19.4	68	0.85
618	chr2	4405964	4406169	CpG: 32	205	32	160	31.2	78	1.04
620	chr2	4608761	4608975	CpG: 22	214	22	144	20.6	67.3	0.91
621	chr2	4722273	4723404	CpG: 164	1131	164	869	29	76.8	0.99
622	chr2	4886438	4887456	CpG: 129	1018	129	701	25.3	68.9	1.07
623	chr2	5017357	5017615	CpG: 25	258	25	165	19.4	64	1
623	chr2	5068569	5069009	CpG: 49	440	49	310	22.3	70.5	0.92
623	chr2	5088322	5088553	CpG: 22	231	22	156	19	67.5	0.89
624	chr2	5142420	5142733	CpG: 43	313	43	234	27.5	74.8	0.99
628	chr2	5718553	5720079	CpG: 128	1526	128	949	16.8	62.2	0.87
629	chr2	5849730	5850372	CpG: 53	642	53	379	16.5	59	0.95
630	chr2	5899817	5900287	CpG: 48	470	48	329	20.4	70	0.87
630	chr2	5947333	5947614	CpG: 25	281	25	173	17.8	61.6	0.94
630	chr2	5955681	5955912	CpG: 19	231	19	136	16.5	58.9	1.22
630	chr2	5956102	5956769	CpG: 60	667	60	428	18	64.2	0.9
631	chr2	6105169	6105834	CpG: 60	665	60	444	18	66.8	0.81
631	chr2	6134422	6135117	CpG: 79	695	79	475	22.7	68.3	0.98
633	chr2	6327195	6328356	CpG: 112	1161	112	693	19.3	59.7	1.1
637	chr2	6876760	6877725	CpG: 119	965	119	626	24.7	64.9	1.18
660	chr2	9879452	9879767	CpG: 28	315	28	217	17.8	68.9	0.83
660	chr2	9882098	9882496	CpG: 39	398	39	256	19.6	64.3	0.95
660	chr2	9885903	9886245	CpG: 30	342	30	231	17.5	67.5	0.81
660	chr2	9887064	9887911	CpG: 66	847	66	495	15.6	58.4	0.92
661	chr2	10052719	10053573	CpG: 75	854	75	577	17.6	67.6	0.77
661	chr2	10084868	10085692	CpG: 75	824	75	528	18.2	64.1	0.9
664	chr2	10377294	10377514	CpG: 25	220	25	155	22.7	70.5	0.92
664	chr2	10378812	10379047	CpG: 18	235	18	129	15.3	54.9	1.02
664	chr2	10379600	10380078	CpG: 39	478	39	290	16.3	60.7	0.91
670	chr2	11176908	11177264	CpG: 44	356	44	262	24.7	73.6	0.91
671	chr2	11294968	11295441	CpG: 35	473	35	266	14.8	56.2	0.94
672	chr2	11506112	11507022	CpG: 75	910	75	606	16.5	66.6	0.74
672	chr2	11507865	11508233	CpG: 33	368	33	233	17.9	63.3	0.89
673	chr2	11540160	11540576	CpG: 34	416	34	271	16.3	65.1	0.77
673	chr2	11558404	11558919	CpG: 58	515	58	368	22.5	71.5	0.9
673	chr2	11607690	11608118	CpG: 61	428	61	319	28.5	74.5	1.03
674	chr2	11782108	11782708	CpG: 59	600	59	411	19.7	68.5	0.84
674	chr2	11783071	11783302	CpG: 18	231	18	138	15.6	59.7	0.94
674	chr2	11783418	11783688	CpG: 21	270	21	175	15.6	64.8	0.74
678	chr2	12306348	12306906	CpG: 52	558	52	373	18.6	66.8	0.84
679	chr2	12423584	12424305	CpG: 56	721	56	465	15.5	64.5	0.78
684	chr2	13014780	13016102	CpG: 108	1322	108	867	16.3	65.6	0.76
684	chr2	13016298	13016509	CpG: 17	211	17	131	16.1	62.1	0.86
686	chr2	13276060	13276316	CpG: 19	256	19	155	14.8	60.5	0.82
688	chr2	13549264	13549544	CpG: 31	280	31	189	22.1	67.5	1.04
688	chr2	13579158	13579824	CpG: 55	666	55	419	16.5	62.9	0.84
690	chr2	13797886	13798752	CpG: 70	866	70	500	16.2	57.7	0.98
692	chr2	14059888	14061026	CpG: 148	1138	148	783	26	68.8	1.11
692	chr2	14078677	14079310	CpG: 62	633	62	433	19.6	68.4	0.84
696	chr2	14608819	14609841	CpG: 92	1022	92	619	18	60.6	0.98
696	chr2	14631956	14632177	CpG: 17	221	17	112	15.4	50.7	1.2
699	chr2	15059744	15060519	CpG: 84	775	84	538	21.7	69.4	0.9
709	chr2	16361131	16361642	CpG: 41	511	41	323	16	63.2	0.81
720	chr2	17735647	17736249	CpG: 48	602	48	366	15.9	60.8	0.87
722	chr2	18031363	18031640	CpG: 22	277	22	186	15.9	67.1	0.72
722	chr2	18032194	18033824	CpG: 109	1630	109	1007	13.4	61.8	0.7
722	chr2	18036495	18036994	CpG: 40	499	40	318	16	63.7	0.79
722	chr2	18044506	18044955	CpG: 42	449	42	295	18.7	65.7	0.87
722	chr2	18052293	18053029	CpG: 55	736	55	382	14.9	51.9	1.12
722	chr2	18061223	18062765	CpG: 119	1542	119	901	15.4	58.4	0.91
722	chr2	18069013	18069540	CpG: 74	527	74	410	28.1	77.8	0.94
722	chr2	18070209	18070434	CpG: 26	225	26	162	23.1	72	0.9
725	chr2	18397052	18397705	CpG: 69	653	69	437	21.1	66.9	0.94
727	chr2	18614035	18614579	CpG: 43	544	43	346	15.8	63.6	0.8
727	chr2	18676821	18677601	CpG: 92	780	92	520	23.6	66.7	1.06
727	chr2	18681101	18682684	CpG: 187	1583	187	989	23.6	62.5	1.22
727	chr2	18685747	18686028	CpG: 26	281	26	167	18.5	59.4	1.05
727	chr2	18693531	18695324	CpG: 162	1793	162	1185	18.1	66.1	0.83
727	chr2	18698966	18699616	CpG: 64	650	64	464	19.7	71.4	0.78
727	chr2	18703467	18704037	CpG: 46	570	46	354	16.1	62.1	0.84
728	chr2	18771720	18772210	CpG: 51	490	51	325	20.8	66.3	0.95
729	chr2	19002255	19003445	CpG: 130	1190	130	838	21.8	70.4	0.88
732	chr2	19376477	19376724	CpG: 23	247	23	166	18.6	67.2	0.84
733	chr2	19435640	19436140	CpG: 44	500	44	319	17.6	63.8	0.88
733	chr2	19436718	19437189	CpG: 37	471	37	316	15.7	67.1	0.7
733	chr2	19450147	19451455	CpG: 112	1308	112	821	17.1	62.8	0.87
735	chr2	19662350	19663929	CpG: 203	1579	203	1108	25.7	70.2	1.05
736	chr2	19914406	19915140	CpG: 56	734	56	471	15.3	64.2	0.74
741	chr2	20524326	20524806	CpG: 37	480	37	315	15.4	65.6	0.72
745	chr2	20973015	20974502	CpG: 166	1487	166	999	22.3	67.2	0.99
746	chr2	21146678	21147058	CpG: 35	380	35	240	18.4	63.2	0.93
746	chr2	21210397	21210825	CpG: 38	428	38	275	17.8	64.3	0.86
748	chr2	21372536	21372856	CpG: 25	320	25	179	15.6	55.9	1.05
748	chr2	21373582	21373821	CpG: 20	239	20	164	16.7	68.6	0.72
756	chr2	22512189	22513888	CpG: 110	1699	110	1036	12.9	61	0.7
758	chr2	22785420	22786028	CpG: 61	608	61	376	20.1	61.8	1.08
759	chr2	22929506	22930191	CpG: 59	685	59	464	17.2	67.7	0.75
760	chr2	22958069	22958622	CpG: 42	553	42	328	15.2	59.3	0.86
760	chr2	22959043	22959253	CpG: 18	210	18	130	17.1	61.9	0.96
760	chr2	23045801	23046122	CpG: 37	321	37	218	23.1	67.9	1
761	chr2	23124425	23124680	CpG: 29	255	29	139	22.7	54.5	1.53
763	chr2	23398684	23398885	CpG: 17	201	17	123	16.9	61.2	0.9
770	chr2	24257528	24257800	CpG: 34	272	34	193	25	71	1
770	chr2	24364112	24364432	CpG: 36	320	36	196	22.5	61.2	1.26
772	chr2	24568995	24569537	CpG: 48	542	48	358	17.7	66.1	0.81
773	chr2	24652078	24653484	CpG: 139	1406	139	939	19.8	66.8	0.91
774	chr2	24808789	24809770	CpG: 109	981	109	635	22.2	64.7	1.07
774	chr2	24824898	24825271	CpG: 40	373	40	262	21.4	70.2	0.89
774	chr2	24839428	24840421	CpG: 98	993	98	543	19.7	54.7	1.32
774	chr2	24852341	24852559	CpG: 17	218	17	132	15.6	60.6	0.88
774	chr2	24864797	24865571	CpG: 72	774	72	500	18.6	64.6	0.89
776	chr2	25070638	25071982	CpG: 148	1344	148	898	22	66.8	0.99
776	chr2	25075736	25076242	CpG: 48	506	48	341	19	67.4	0.85
776	chr2	25085279	25085846	CpG: 43	567	43	349	15.2	61.6	0.8
776	chr2	25100904	25101602	CpG: 60	698	60	450	17.2	64.5	0.84
776	chr2	25113978	25115257	CpG: 101	1279	101	796	15.8	62.2	0.82
776	chr2	25130780	25131045	CpG: 20	265	20	169	15.1	63.8	0.75
776	chr2	25145166	25145890	CpG: 59	724	59	449	16.3	62	0.85
776	chr2	25152575	25153458	CpG: 109	883	109	621	24.7	70.3	1
776	chr2	25161951	25162507	CpG: 55	556	55	363	19.8	65.3	0.93
777	chr2	25180243	25180886	CpG: 50	643	50	396	15.6	61.6	0.82
777	chr2	25182167	25182491	CpG: 30	324	30	205	18.5	63.3	0.93
777	chr2	25195092	25195434	CpG: 30	342	30	217	17.5	63.5	0.87
777	chr2	25201250	25201580	CpG: 25	330	25	185	15.2	56.1	0.97
777	chr2	25208738	25209378	CpG: 78	640	78	421	24.4	65.8	1.13
777	chr2	25222197	25223108	CpG: 82	911	82	547	18	60	1.01
777	chr2	25255213	25255695	CpG: 48	482	48	331	19.9	68.7	0.86
777	chr2	25262167	25263003	CpG: 86	836	86	557	20.6	66.6	0.93
777	chr2	25285854	25286464	CpG: 52	610	52	412	17	67.5	0.75
777	chr2	25293039	25293483	CpG: 48	444	48	298	21.6	67.1	0.97
778	chr2	25315489	25315807	CpG: 25	318	25	192	15.7	60.4	0.86
778	chr2	25318506	25319089	CpG: 64	583	64	351	22	60.2	1.21
778	chr2	25350665	25351189	CpG: 45	524	45	333	17.2	63.5	0.86
779	chr2	25436574	25437135	CpG: 68	561	68	389	24.2	69.3	1.03
779	chr2	25447669	25448152	CpG: 66	483	66	359	27.3	74.3	1
779	chr2	25464644	25464954	CpG: 23	310	23	191	14.8	61.6	0.83
779	chr2	25467033	25469920	CpG: 265	2887	265	1897	18.4	65.7	0.86
779	chr2	25497767	25498620	CpG: 80	853	80	568	18.8	66.6	0.86
779	chr2	25506115	25506637	CpG: 40	522	40	333	15.3	63.8	0.76
780	chr2	25596666	25597423	CpG: 76	757	76	495	20.1	65.4	0.94
781	chr2	25753743	25754430	CpG: 58	687	58	439	16.9	63.9	0.83
781	chr2	25767896	25768108	CpG: 29	212	29	165	27.4	77.8	0.91
782	chr2	25872216	25873928	CpG: 154	1712	154	1096	18	64	0.92
782	chr2	25911441	25911809	CpG: 36	368	36	204	19.6	55.4	1.27
782	chr2	25950191	25950448	CpG: 20	257	20	152	15.6	59.1	0.89
783	chr2	25981520	25982044	CpG: 40	524	40	366	15.3	69.8	0.64
783	chr2	26012261	26012862	CpG: 83	601	83	437	27.6	72.7	1.05
783	chr2	26028477	26028860	CpG: 29	383	29	216	15.1	56.4	0.99
783	chr2	26029666	26030813	CpG: 131	1147	131	790	22.8	68.9	0.96
784	chr2	26092083	26093277	CpG: 106	1194	106	778	17.8	65.2	0.83
784	chr2	26096342	26096602	CpG: 28	260	28	189	21.5	72.7	0.82
784	chr2	26127000	26127593	CpG: 75	593	75	420	25.3	70.8	1.04
784	chr2	26205413	26205908	CpG: 65	495	65	375	26.3	75.8	0.92
785	chr2	26241916	26242640	CpG: 64	724	64	444	17.7	61.3	0.96
785	chr2	26270336	26270732	CpG: 32	396	32	263	16.2	66.4	0.74
785	chr2	26278879	26279500	CpG: 70	621	70	362	22.5	58.3	1.33
785	chr2	26298853	26299340	CpG: 49	487	49	342	20.1	70.2	0.83
785	chr2	26334894	26335983	CpG: 93	1089	93	703	17.1	64.6	0.86
786	chr2	26355460	26355666	CpG: 19	206	19	149	18.4	72.3	0.71
786	chr2	26392401	26393763	CpG: 100	1362	100	843	14.7	61.9	0.77
787	chr2	26476671	26477036	CpG: 40	365	40	261	21.9	71.5	0.86
787	chr2	26493782	26494600	CpG: 85	818	85	525	20.8	64.2	1.01
787	chr2	26518199	26518797	CpG: 62	598	62	383	20.7	64	1.01
787	chr2	26530032	26530370	CpG: 34	338	34	203	20.1	60.1	1.13
787	chr2	26551541	26551778	CpG: 19	237	19	148	16	62.4	0.93
789	chr2	26792586	26792939	CpG: 28	353	28	224	15.9	63.5	0.79
789	chr2	26800429	26801242	CpG: 83	813	83	537	20.4	66.1	0.95
789	chr2	26806261	26806894	CpG: 46	633	46	385	14.5	60.8	0.79
789	chr2	26822967	26823867	CpG: 78	900	78	593	17.3	65.9	0.81
789	chr2	26854051	26854455	CpG: 34	404	34	249	16.8	61.6	0.9
790	chr2	26899870	26900288	CpG: 43	418	43	297	20.6	71.1	0.82
790	chr2	26917829	26918201	CpG: 31	372	31	242	16.7	65.1	0.79
791	chr2	27002633	27002882	CpG: 19	249	19	163	15.3	65.5	0.73
791	chr2	27032079	27032604	CpG: 56	525	56	377	21.3	71.8	0.83
793	chr2	27315721	27317364	CpG: 176	1643	176	1121	21.4	68.2	0.93
793	chr2	27332431	27332661	CpG: 26	230	26	159	22.6	69.1	0.95
793	chr2	27364636	27366229	CpG: 170	1593	170	1059	21.3	66.5	0.97
794	chr2	27405055	27405628	CpG: 77	573	77	407	26.9	71	1.09
794	chr2	27430232	27430532	CpG: 33	300	33	185	22	61.7	1.17
795	chr2	27566451	27567941	CpG: 136	1490	136	863	18.3	57.9	1.1
796	chr2	27776175	27777164	CpG: 101	989	101	644	20.4	65.1	0.96
799	chr2	28082951	28083422	CpG: 53	471	53	290	22.5	61.6	1.21
799	chr2	28095456	28096321	CpG: 114	865	114	651	26.4	75.3	0.93
800	chr2	28283752	28284201	CpG: 30	449	30	292	13.4	65	0.69
801	chr2	28336529	28337410	CpG: 118	881	118	654	26.8	74.2	0.97
801	chr2	28357976	28358412	CpG: 48	436	48	312	22	71.6	0.88
801	chr2	28403136	28403795	CpG: 66	659	66	404	20	61.3	1.07
802	chr2	28472742	28473343	CpG: 49	601	49	334	16.3	55.6	1.07
802	chr2	28530892	28531815	CpG: 84	923	84	626	18.2	67.8	0.79
803	chr2	28589556	28589791	CpG: 18	235	18	158	15.3	67.2	0.68
803	chr2	28590091	28590333	CpG: 22	242	22	148	18.2	61.2	0.97
804	chr2	28729855	28731012	CpG: 111	1157	111	778	19.2	67.2	0.85
804	chr2	28798508	28798731	CpG: 24	223	24	163	21.5	73.1	0.82
804	chr2	28799631	28800021	CpG: 38	390	38	254	19.5	65.1	0.93
804	chr2	28801318	28801563	CpG: 25	245	25	157	20.4	64.1	0.99
804	chr2	28801913	28802177	CpG: 21	264	21	147	15.9	55.7	1.03
804	chr2	28805890	28806346	CpG: 43	456	43	277	18.9	60.7	1.03
804	chr2	28807690	28808157	CpG: 59	467	59	343	25.3	73.4	0.94
805	chr2	28944745	28945183	CpG: 46	438	46	295	21	67.4	0.93
805	chr2	28950155	28950767	CpG: 55	612	55	378	18	61.8	0.97
806	chr2	29014697	29015669	CpG: 91	972	91	619	18.7	63.7	0.93
806	chr2	29084650	29085075	CpG: 47	425	47	312	22.1	73.4	0.84
807	chr2	29117643	29117922	CpG: 20	279	20	174	14.3	62.4	0.74
807	chr2	29140323	29140538	CpG: 20	215	20	156	18.6	72.6	0.71
807	chr2	29141520	29143291	CpG: 145	1771	145	1119	16.4	63.2	0.82
808	chr2	29236788	29237192	CpG: 34	404	34	245	16.8	60.6	0.92
810	chr2	29509624	29510197	CpG: 89	573	89	432	31.1	75.4	1.11
811	chr2	29637261	29637658	CpG: 46	397	46	295	23.2	74.3	0.84
811	chr2	29641453	29641913	CpG: 34	460	34	298	14.8	64.8	0.71
811	chr2	29677436	29677682	CpG: 17	246	17	141	13.8	57.3	0.84
811	chr2	29678242	29678619	CpG: 36	377	36	248	19.1	65.8	0.9
811	chr2	29692597	29693134	CpG: 43	537	43	307	16	57.2	1.02
811	chr2	29717248	29717795	CpG: 45	547	45	326	16.5	59.6	0.94
811	chr2	29735341	29736484	CpG: 90	1143	90	738	15.7	64.6	0.76
812	chr2	29759124	29759563	CpG: 33	439	33	296	15	67.4	0.66
812	chr2	29779463	29780738	CpG: 116	1275	116	884	18.2	69.3	0.76
812	chr2	29825297	29825659	CpG: 43	362	43	245	23.8	67.7	1.05
812	chr2	29855303	29856190	CpG: 126	887	126	664	28.4	74.9	1.02
813	chr2	29938630	29939265	CpG: 63	635	63	411	19.8	64.7	0.95
813	chr2	29951875	29952285	CpG: 32	410	32	271	15.6	66.1	0.72
813	chr2	29952888	29953167	CpG: 19	279	19	155	13.6	55.6	0.9
813	chr2	29956098	29957558	CpG: 161	1460	161	946	22.1	64.8	1.05
813	chr2	29967583	29967987	CpG: 39	404	39	272	19.3	67.3	0.85
813	chr2	29983446	29983967	CpG: 47	521	47	360	18	69.1	0.76
813	chr2	30014258	30014669	CpG: 36	411	36	247	17.5	60.1	0.97
814	chr2	30023672	30024052	CpG: 32	380	32	228	16.8	60	0.95
814	chr2	30061425	30062147	CpG: 90	722	90	503	24.9	69.7	1.03
814	chr2	30068240	30068646	CpG: 38	406	38	269	18.7	66.3	0.85
814	chr2	30095858	30096135	CpG: 28	277	28	181	20.2	65.3	0.95
814	chr2	30127171	30128225	CpG: 113	1054	113	708	21.4	67.2	0.95
101	chr2	30146219	30146886	CpG: 43	667	43	398	12.9	59.7	0.73
815	chr2	30175800	30176889	CpG: 88	1089	88	733	16.2	67.3	0.72
815	chr2	30249094	30249480	CpG: 42	386	42	211	21.8	54.7	1.47
815	chr2	30254105	30254570	CpG: 41	465	41	302	17.6	64.9	0.85
816	chr2	30282099	30282899	CpG: 82	800	82	543	20.5	67.9	0.89
816	chr2	30305233	30306626	CpG: 124	1393	124	924	17.8	66.3	0.82
816	chr2	30360221	30360424	CpG: 21	203	21	135	20.7	66.5	0.94
816	chr2	30362364	30364716	CpG: 243	2352	243	1526	20.7	64.9	0.98
817	chr2	30435218	30435492	CpG: 30	274	30	193	21.9	70.4	0.88
818	chr2	30548239	30548922	CpG: 76	683	76	471	22.3	69	0.94
818	chr2	30566965	30567169	CpG: 26	204	26	143	25.5	70.1	1.06
818	chr2	30583402	30583707	CpG: 36	305	36	221	23.6	72.5	0.9
818	chr2	30597692	30598364	CpG: 82	672	82	473	24.4	70.4	0.99
818	chr2	30601743	30602369	CpG: 74	626	74	453	23.6	72.4	0.9
818	chr2	30661452	30661850	CpG: 44	398	44	253	22.1	63.6	1.1
819	chr2	30674703	30674918	CpG: 22	215	22	159	20.5	74	0.75
819	chr2	30684628	30684988	CpG: 35	360	35	233	19.4	64.7	0.95
819	chr2	30691108	30691802	CpG: 75	694	75	491	21.6	70.7	0.86
819	chr2	30697470	30698319	CpG: 63	849	63	554	14.8	65.3	0.76
819	chr2	30714165	30714417	CpG: 17	252	17	158	13.5	62.7	0.71
819	chr2	30717764	30718484	CpG: 63	720	63	479	17.5	66.5	0.8
819	chr2	30735220	30735751	CpG: 51	531	51	301	19.2	56.7	1.23
819	chr2	30754961	30755199	CpG: 33	238	33	182	27.7	76.5	0.96
820	chr2	30842932	30843427	CpG: 55	495	55	341	22.2	68.9	0.94
820	chr2	30857435	30857999	CpG: 46	564	46	359	16.3	63.7	0.81
820	chr2	30871668	30872660	CpG: 89	992	89	665	17.9	67	0.81
821	chr2	31030962	31032440	CpG: 137	1478	137	956	18.5	64.7	0.92
821	chr2	31042166	31042669	CpG: 37	503	37	296	14.7	58.8	0.86
822	chr2	31135569	31136525	CpG: 101	956	101	645	21.1	67.5	0.93
823	chr2	31204093	31204739	CpG: 62	646	62	423	19.2	65.5	0.9
824	chr2	31350022	31350401	CpG: 44	379	44	267	23.2	70.4	0.98
824	chr2	31360009	31360338	CpG: 31	329	31	243	18.8	73.9	0.69
825	chr2	31462480	31463132	CpG: 63	652	63	417	19.3	64	0.95
825	chr2	31525328	31527243	CpG: 128	1915	128	1157	13.4	60.4	0.74
825	chr2	31527912	31528118	CpG: 17	206	17	133	16.5	64.6	0.83
825	chr2	31530044	31530364	CpG: 25	320	25	208	15.6	65	0.74
825	chr2	31531170	31531451	CpG: 23	281	23	171	16.4	60.9	0.9
825	chr2	31543975	31544761	CpG: 110	786	110	577	28	73.4	1.08
825	chr2	31560698	31561055	CpG: 25	357	25	218	14	61.1	0.75
825	chr2	31578195	31579111	CpG: 71	916	71	562	15.5	61.4	0.82
826	chr2	31649799	31650043	CpG: 26	244	26	189	21.3	77.5	0.76
826	chr2	31706453	31706662	CpG: 18	209	18	127	17.2	60.8	0.93
827	chr2	31735701	31736938	CpG: 117	1237	117	799	18.9	64.6	0.91
827	chr2	31777184	31777644	CpG: 49	460	49	317	21.3	68.9	0.91
827	chr2	31840121	31840612	CpG: 58	491	58	346	23.6	70.5	0.96
828	chr2	31864192	31864756	CpG: 57	564	57	368	20.2	65.2	0.95
828	chr2	31973281	31974756	CpG: 147	1475	147	985	19.9	66.8	0.9
828	chr2	31978568	31978966	CpG: 33	398	33	258	16.6	64.8	0.79
829	chr2	32027880	32028227	CpG: 32	347	32	212	18.4	61.1	1.01
829	chr2	32041204	32041656	CpG: 72	452	72	335	31.9	74.1	1.16
829	chr2	32103949	32104157	CpG: 17	208	17	134	16.3	64.4	0.79
830	chr2	32126341	32126870	CpG: 52	529	52	322	19.7	60.9	1.06
830	chr2	32149841	32150154	CpG: 35	313	35	193	22.4	61.7	1.18
830	chr2	32161831	32162133	CpG: 28	302	28	190	18.5	62.9	0.94
830	chr2	32177561	32178502	CpG: 78	941	78	606	16.6	64.4	0.81
830	chr2	32201936	32202861	CpG: 89	925	89	674	19.2	72.9	0.73
830	chr2	32242855	32243470	CpG: 80	615	80	435	26	70.7	1.04
831	chr2	32251413	32251759	CpG: 26	346	26	205	15	59.2	0.89
831	chr2	32252699	32253403	CpG: 69	704	69	477	19.6	67.8	0.87
831	chr2	32271514	32272201	CpG: 66	687	66	467	19.2	68	0.86
831	chr2	32285486	32286719	CpG: 91	1233	91	750	14.8	60.8	0.8
831	chr2	32340925	32341601	CpG: 80	676	80	436	23.7	64.5	1.14
832	chr2	32425044	32425945	CpG: 116	901	116	670	25.7	74.4	0.94
832	chr2	32465320	32465876	CpG: 38	556	38	344	13.7	61.9	0.71
832	chr2	32473301	32473527	CpG: 17	226	17	132	15	58.4	0.88
832	chr2	32476951	32477329	CpG: 37	378	37	272	19.6	72	0.79
832	chr2	32484084	32484307	CpG: 17	223	17	140	15.2	62.8	0.77
832	chr2	32496871	32497320	CpG: 50	449	50	339	22.3	75.5	0.79
832	chr2	32502312	32502638	CpG: 26	326	26	208	16	63.8	0.83
832	chr2	32504894	32505188	CpG: 22	294	22	180	15	61.2	0.81
833	chr2	32583789	32584346	CpG: 48	557	48	345	17.2	61.9	0.91
833	chr2	32598023	32598238	CpG: 16	215	16	130	14.9	60.5	0.82
833	chr2	32602187	32603718	CpG: 153	1531	153	1032	20	67.4	0.88
833	chr2	32631440	32631845	CpG: 43	405	43	296	21.2	73.1	0.8
834	chr2	32647075	32647789	CpG: 64	714	64	489	17.9	68.5	0.78
834	chr2	32665544	32665962	CpG: 39	418	39	273	18.7	65.3	0.89
834	chr2	32736178	32736536	CpG: 25	358	25	219	14	61.2	0.75
834	chr2	32737002	32737433	CpG: 56	431	56	262	26	60.8	1.41
834	chr2	32766101	32766579	CpG: 57	478	57	352	23.8	73.6	0.89
835	chr2	32813548	32813761	CpG: 16	213	16	140	15	65.7	0.7
835	chr2	32851601	32852169	CpG: 59	568	59	376	20.8	66.2	0.95
835	chr2	32856760	32857127	CpG: 33	367	33	236	18	64.3	0.88
835	chr2	32871372	32872078	CpG: 66	706	66	499	18.7	70.7	0.76
836	chr2	33020215	33020609	CpG: 42	394	42	289	21.3	73.4	0.83
838	chr2	33260933	33261740	CpG: 77	807	77	518	19.1	64.2	0.96
839	chr2	33320784	33321633	CpG: 101	849	101	641	23.8	75.5	0.86
839	chr2	33358120	33358734	CpG: 80	614	80	421	26.1	68.6	1.11
840	chr2	33433975	33434622	CpG: 63	647	63	448	19.5	69.2	0.82
840	chr2	33470705	33471001	CpG: 25	296	25	169	16.9	57.1	1.06
840	chr2	33506673	33506997	CpG: 31	324	31	202	19.1	62.3	0.99
840	chr2	33521465	33521918	CpG: 37	453	37	288	16.3	63.6	0.81
840	chr2	33529211	33531326	CpG: 208	2115	208	1468	19.7	69.4	0.82
840	chr2	33532192	33532501	CpG: 29	309	29	214	18.8	69.3	0.79
842	chr2	33776999	33777701	CpG: 90	702	90	505	25.6	71.9	0.99
843	chr2	33856472	33856746	CpG: 22	274	22	172	16.1	62.8	0.82
846	chr2	34261066	34263336	CpG: 211	2270	211	1396	18.6	61.5	0.98
846	chr2	34296715	34297221	CpG: 55	506	55	367	21.7	72.5	0.83
849	chr2	34643865	34644560	CpG: 97	695	97	509	27.9	73.2	1.06
849	chr2	34661555	34662750	CpG: 99	1195	99	755	16.6	63.2	0.85
849	chr2	34689766	34689972	CpG: 20	206	20	136	19.4	66	0.91
849	chr2	34692246	34692858	CpG: 64	612	64	400	20.9	65.4	0.99
849	chr2	34715903	34716304	CpG: 52	401	52	290	25.9	72.3	0.99
850	chr2	34760790	34761370	CpG: 54	580	54	370	18.6	63.8	0.92
850	chr2	34803265	34804413	CpG: 89	1148	89	665	15.5	57.9	0.93
852	chr2	34999347	34999745	CpG: 43	398	43	275	21.6	69.1	0.91
852	chr2	35090241	35091379	CpG: 106	1138	106	729	18.6	64.1	0.91
853	chr2	35146343	35146777	CpG: 39	434	39	293	18	67.5	0.79
853	chr2	35172333	35172643	CpG: 30	310	30	222	19.4	71.6	0.76
853	chr2	35226622	35227123	CpG: 35	501	35	317	14	63.3	0.7
854	chr2	35352253	35352636	CpG: 35	383	35	251	18.3	65.5	0.85
854	chr2	35381368	35381598	CpG: 22	230	22	151	19.1	65.7	0.89
855	chr2	35471530	35473056	CpG: 118	1526	118	983	15.5	64.4	0.75
855	chr2	35511854	35512351	CpG: 51	497	51	347	20.5	69.8	0.84
856	chr2	35551173	35552179	CpG: 92	1006	92	640	18.3	63.6	0.9
858	chr2	35869124	35869877	CpG: 74	753	74	426	19.7	56.6	1.24
858	chr2	35901388	35901756	CpG: 33	368	33	201	17.9	54.6	1.21
859	chr2	35939248	35939449	CpG: 22	201	22	136	21.9	67.7	0.96
859	chr2	35980926	35981749	CpG: 69	823	69	536	16.8	65.1	0.79
859	chr2	35984212	35984521	CpG: 26	309	26	177	16.8	57.3	1.03
859	chr2	35993413	35994075	CpG: 43	662	43	410	13	61.9	0.69
859	chr2	35994575	35995287	CpG: 65	712	65	459	18.3	64.5	0.89
859	chr2	36026297	36026705	CpG: 40	408	40	262	19.6	64.2	0.96
860	chr2	36093110	36093329	CpG: 23	219	23	150	21	68.5	0.9
860	chr2	36100848	36101084	CpG: 29	236	29	175	24.6	74.2	0.89
869	chr2	37249056	37249367	CpG: 28	311	28	186	18	59.8	1.02
869	chr2	37312579	37313140	CpG: 60	561	60	362	21.4	64.5	1.03
869	chr2	37320673	37321151	CpG: 34	478	34	278	14.2	58.2	0.84
869	chr2	37332985	37333505	CpG: 41	520	41	346	15.8	66.5	0.71
869	chr2	37342068	37342542	CpG: 51	474	51	353	21.5	74.5	0.79
871	chr2	37592659	37593896	CpG: 128	1237	128	743	20.7	60.1	1.18
872	chr2	37676451	37676903	CpG: 58	452	58	324	25.7	71.7	1
872	chr2	37683117	37683884	CpG: 95	767	95	553	24.8	72.1	0.96
876	chr2	38176864	38177358	CpG: 52	494	52	369	21.1	74.7	0.81
876	chr2	38229136	38229903	CpG: 57	767	57	441	14.9	57.5	0.9
876	chr2	38238043	38238481	CpG: 37	438	37	264	16.9	60.3	0.93
876	chr2	38240964	38242007	CpG: 101	1043	101	629	19.4	60.3	1.07
876	chr2	38244461	38244902	CpG: 31	441	31	247	14.1	56	0.9
876	chr2	38246694	38247182	CpG: 39	488	39	320	16	65.6	0.77
877	chr2	38401700	38402130	CpG: 59	430	59	307	27.4	71.4	1.1
878	chr2	38533681	38534025	CpG: 41	344	41	227	23.8	66	1.11
879	chr2	38562098	38562405	CpG: 25	307	25	200	16.3	65.1	0.77
879	chr2	38600290	38602547	CpG: 194	2257	194	1363	17.2	60.4	0.94
881	chr2	38815269	38816463	CpG: 98	1194	98	795	16.4	66.6	0.75
881	chr2	38894760	38895266	CpG: 58	506	58	348	22.9	68.8	0.98
881	chr2	38897865	38898393	CpG: 56	528	56	315	21.2	59.7	1.2
882	chr2	38955394	38955797	CpG: 48	403	48	281	23.8	69.7	0.98
883	chr2	39080215	39081014	CpG: 74	799	74	565	18.5	70.7	0.76
883	chr2	39115731	39116504	CpG: 76	773	76	473	19.7	61.2	1.06
909	chr2	42542864	42543153	CpG: 26	289	26	181	18	62.6	0.92
924	chr2	44446899	44447138	CpG: 27	239	27	167	22.6	69.9	0.93
926	chr2	44816575	44817808	CpG: 118	1233	118	764	19.1	62	1.01
928	chr2	44999326	45000345	CpG: 109	1019	109	746	21.4	73.2	0.81
928	chr2	45007083	45007300	CpG: 32	217	32	172	29.5	79.3	0.97
956	chr2	48703672	48704465	CpG: 87	793	87	429	21.9	54.1	1.51
957	chr2	48838975	48839353	CpG: 34	378	34	259	18	68.5	0.84
961	chr2	49341024	49342755	CpG: 185	1731	185	1082	21.4	62.5	1.1
962	chr2	49509213	49510039	CpG: 73	826	73	547	17.7	66.2	0.81
964	chr2	49677452	49678091	CpG: 74	639	74	439	23.2	68.7	0.98
966	chr2	49956312	49957016	CpG: 79	704	79	505	22.4	71.7	0.87
967	chr2	50186417	50186797	CpG: 41	380	41	277	21.6	72.9	0.82
974	chr2	51037563	51038227	CpG: 47	664	47	446	14.2	67.2	0.63
974	chr2	51039083	51039289	CpG: 20	206	20	126	19.4	61.2	1.08
980	chr2	51824722	51825082	CpG: 37	360	37	238	20.6	66.1	0.94
980	chr2	51862756	51863007	CpG: 31	251	31	176	24.7	70.1	1
981	chr2	51962750	51963672	CpG: 100	922	100	594	21.7	64.4	1.05
984	chr2	52314270	52314880	CpG: 68	610	68	434	22.3	71.1	0.89
986	chr2	52565654	52566622	CpG: 86	968	86	549	17.8	56.7	1.1
986	chr2	52631904	52632749	CpG: 85	845	85	573	20.1	67.8	0.88
987	chr2	52747643	52748892	CpG: 139	1249	139	866	22.3	69.3	0.95
989	chr2	53080989	53082528	CpG: 153	1539	153	1014	19.9	65.9	0.92
996	chr2	53974878	53975706	CpG: 70	828	70	540	16.9	65.2	0.8
999	chr2	54326029	54326971	CpG: 90	942	90	603	19.1	64	0.95
1007	chr2	55327157	55327419	CpG: 21	262	21	158	16	60.3	0.88
1019	chr2	56992347	56992861	CpG: 44	514	44	333	17.1	64.8	0.82
1019	chr2	57001618	57002101	CpG: 41	483	41	310	17	64.2	0.85
1019	chr2	57004271	57005099	CpG: 86	828	86	544	20.8	65.7	0.98
1019	chr2	57006366	57006869	CpG: 35	503	35	310	13.9	61.6	0.74
1019	chr2	57013400	57014347	CpG: 110	947	110	670	23.2	70.7	0.93
1020	chr2	57127696	57128596	CpG: 83	900	83	625	18.4	69.4	0.77
1029	chr2	58247623	58248064	CpG: 55	441	55	342	24.9	77.6	0.83
1030	chr2	58456476	58457619	CpG: 143	1143	143	805	25	70.4	1.02
1035	chr2	58991009	58992410	CpG: 156	1401	156	948	22.3	67.7	0.97
1038	chr2	59442197	59443091	CpG: 101	894	101	659	22.6	73.7	0.85
1040	chr2	59712560	59712826	CpG: 28	266	28	192	21.1	72.2	0.83
1042	chr2	59940150	59940535	CpG: 42	385	42	279	21.8	72.5	0.85
1042	chr2	59955082	59955725	CpG: 78	643	78	419	24.3	65.2	1.15
1043	chr2	60039767	60040770	CpG: 114	1003	114	642	22.7	64	1.11
1043	chr2	60105726	60105941	CpG: 20	215	20	134	18.6	62.3	0.96
1043	chr2	60114320	60114613	CpG: 35	293	35	212	23.9	72.4	0.94
1044	chr2	60213417	60213725	CpG: 33	308	33	219	21.4	71.1	0.87
1048	chr2	60711303	60712112	CpG: 111	809	111	595	27.4	73.5	1.02
1048	chr2	60792472	60793653	CpG: 96	1181	96	726	16.3	61.5	0.86
1053	chr2	61423348	61423936	CpG: 61	588	61	400	20.7	68	0.91
1054	chr2	61487024	61487490	CpG: 44	466	44	289	18.9	62	1
1054	chr2	61541906	61542307	CpG: 35	401	35	230	17.5	57.4	1.07
1055	chr2	61635397	61636244	CpG: 60	847	60	523	14.2	61.7	0.75
1055	chr2	61641887	61642753	CpG: 103	866	103	560	23.8	64.7	1.15
1055	chr2	61645722	61646550	CpG: 90	828	90	551	21.7	66.5	0.98
1059	chr2	62242110	62242368	CpG: 26	258	26	164	20.2	63.6	1
1061	chr2	62494619	62494962	CpG: 39	343	39	237	22.7	69.1	0.95
1065	chr2	63014428	63014645	CpG: 23	217	23	142	21.2	65.4	1.01
1072	chr2	63928482	63928980	CpG: 81	498	81	407	32.5	81.7	0.98
1079	chr2	64852765	64853396	CpG: 65	631	65	459	20.6	72.7	0.8
1081	chr2	65068410	65069577	CpG: 128	1167	128	761	21.9	65.2	1.03
1088	chr2	65954331	65955461	CpG: 105	1130	105	734	18.6	65	0.88
1089	chr2	66086703	66087187	CpG: 43	484	43	337	17.8	69.6	0.73
1092	chr2	66465067	66465326	CpG: 21	259	21	177	16.2	68.3	0.69
1099	chr2	67395993	67396623	CpG: 57	630	57	361	18.1	57.3	1.14
1106	chr2	68301211	68302841	CpG: 151	1630	151	968	18.5	59.4	1.05
1109	chr2	68691632	68692640	CpG: 92	1008	92	654	18.3	64.9	0.87
1111	chr2	69036202	69036639	CpG: 42	437	42	289	19.2	66.1	0.9
1114	chr2	69415664	69416834	CpG: 109	1170	109	770	18.6	65.8	0.86
1115	chr2	69477469	69477806	CpG: 35	337	35	221	20.8	65.6	0.97
1115	chr2	69552969	69553867	CpG: 95	898	95	607	21.2	67.6	0.94
1116	chr2	69619771	69620239	CpG: 45	468	45	300	19.2	64.1	0.94
1116	chr2	69652908	69653666	CpG: 113	758	113	592	29.8	78.1	0.98
1116	chr2	69691822	69692496	CpG: 72	674	72	456	21.4	67.7	0.95
1116	chr2	69715842	69716121	CpG: 31	279	31	186	22.2	66.7	1.01
1116	chr2	69727463	69728174	CpG: 61	711	61	386	17.2	54.3	1.17
1121	chr2	70302216	70302717	CpG: 43	501	43	321	17.2	64.1	0.88
1121	chr2	70305459	70307532	CpG: 174	2073	174	1267	16.8	61.1	0.9
1121	chr2	70339529	70339832	CpG: 31	303	31	170	20.5	56.1	1.32
1122	chr2	70392388	70394351	CpG: 142	1963	142	1203	14.5	61.3	0.78
1122	chr2	70491690	70492368	CpG: 91	678	91	486	26.8	71.7	1.05
1124	chr2	70655083	70656108	CpG: 136	1025	136	753	26.5	73.5	0.99
1125	chr2	70885896	70886623	CpG: 61	727	61	476	16.8	65.5	0.79
1126	chr2	70948210	70948717	CpG: 46	507	46	351	18.1	69.2	0.76
1127	chr2	71042125	71042648	CpG: 52	523	52	344	19.9	65.8	0.92
1127	chr2	71094952	71095158	CpG: 17	206	17	122	16.5	59.2	0.95
1128	chr2	71219380	71219930	CpG: 58	550	58	377	21.1	68.5	0.9
1128	chr2	71283485	71283861	CpG: 46	376	46	257	24.5	68.4	1.05
1129	chr2	71359252	71360070	CpG: 77	818	77	512	18.8	62.6	0.97
1129	chr2	71371345	71371934	CpG: 48	589	48	345	16.3	58.6	0.95
1129	chr2	71373433	71373718	CpG: 33	285	33	197	23.2	69.1	0.99
1129	chr2	71374478	71375247	CpG: 56	769	56	451	14.6	58.6	0.86
1129	chr2	71375751	71377267	CpG: 109	1516	109	882	14.4	58.2	0.86
1129	chr2	71411430	71411765	CpG: 39	335	39	241	23.3	71.9	0.9
1131	chr2	71617101	71618199	CpG: 112	1098	112	720	20.4	65.6	0.95
1132	chr2	71703261	71704169	CpG: 87	908	87	573	19.2	63.1	0.96
1132	chr2	71811349	71811851	CpG: 63	502	63	381	25.1	75.9	0.87
1135	chr2	72116042	72116648	CpG: 67	606	67	420	22.1	69.3	0.93
1136	chr2	72306403	72307505	CpG: 99	1102	99	688	18	62.4	0.92
1137	chr2	72464197	72464436	CpG: 23	239	23	159	19.2	66.5	0.87
1142	chr2	73044417	73044976	CpG: 63	559	63	400	22.5	71.6	0.88
1142	chr2	73102099	73102398	CpG: 37	299	37	217	24.7	72.6	0.94
1142	chr2	73103197	73105259	CpG: 204	2062	204	1264	19.8	61.3	1.06
1142	chr2	73107678	73107941	CpG: 23	263	23	174	17.5	66.2	0.81
1142	chr2	73111328	73111583	CpG: 18	255	18	145	14.1	56.9	0.87
1143	chr2	73142837	73143240	CpG: 45	403	45	251	22.3	62.3	1.15
1143	chr2	73216671	73217252	CpG: 46	581	46	400	15.8	68.8	0.72
1144	chr2	73359210	73360153	CpG: 105	943	105	680	22.3	72.1	0.86
1146	chr2	73605242	73606037	CpG: 96	795	96	490	24.2	61.6	1.28
1147	chr2	73722238	73723434	CpG: 105	1196	105	782	17.6	65.4	0.82
1147	chr2	73740967	73741712	CpG: 77	745	77	510	20.7	68.5	0.89
1152	chr2	74408873	74409482	CpG: 64	609	64	426	21	70	0.86
1153	chr2	74485783	74486706	CpG: 104	923	104	614	22.5	66.5	1.02
1153	chr2	74488042	74488385	CpG: 37	343	37	195	21.6	56.9	1.34
1153	chr2	74489358	74489677	CpG: 33	319	33	208	20.7	65.2	0.99
1153	chr2	74489952	74490249	CpG: 22	297	22	151	14.8	50.8	1.16
1153	chr2	74498119	74499194	CpG: 96	1075	96	614	17.9	57.1	1.1
1153	chr2	74505540	74505874	CpG: 27	334	27	217	16.2	65	0.79
1153	chr2	74510016	74510420	CpG: 35	404	35	250	17.3	61.9	0.92
1153	chr2	74512358	74513505	CpG: 107	1147	107	655	18.7	57.1	1.15
1153	chr2	74517987	74518307	CpG: 26	320	26	207	16.2	64.7	0.78
1153	chr2	74521819	74522165	CpG: 32	346	32	236	18.5	68.2	0.8
1153	chr2	74522869	74523138	CpG: 20	269	20	166	14.9	61.7	0.79
1153	chr2	74528276	74528996	CpG: 80	720	80	454	22.2	63.1	1.12
1153	chr2	74535071	74536348	CpG: 151	1277	151	775	23.6	60.7	1.28
1153	chr2	74542186	74542739	CpG: 54	553	54	382	19.5	69.1	0.84
1153	chr2	74557677	74557986	CpG: 35	309	35	230	22.7	74.4	0.82
1153	chr2	74563049	74563381	CpG: 30	332	30	207	18.1	62.3	0.93
1153	chr2	74570817	74571046	CpG: 18	229	18	142	15.7	62	0.82
1153	chr2	74576715	74577635	CpG: 84	920	84	611	18.3	66.4	0.84
1154	chr2	74579968	74580408	CpG: 34	440	34	269	15.5	61.1	0.85
1154	chr2	74583232	74583746	CpG: 55	514	55	344	21.4	66.9	0.96
1154	chr2	74593151	74594175	CpG: 114	1024	114	741	22.3	72.4	0.85
1154	chr2	74656100	74656705	CpG: 61	605	61	358	20.2	59.2	1.2
1156	chr2	74967767	74968498	CpG: 55	731	55	481	15	65.8	0.7
1160	chr2	75489032	75490375	CpG: 147	1343	147	837	21.9	62.3	1.14
1161	chr2	75533930	75535295	CpG: 110	1365	110	939	16.1	68.8	0.68
1162	chr2	75662487	75662901	CpG: 63	414	63	314	30.4	75.8	1.07
1163	chr2	75811891	75812159	CpG: 23	268	23	162	17.2	60.4	0.94
1166	chr2	76169136	76169528	CpG: 31	392	31	279	15.8	71.2	0.63
1166	chr2	76200255	76200696	CpG: 40	441	40	276	18.1	62.6	0.93
1166	chr2	76236453	76237881	CpG: 151	1428	151	1000	21.1	70	0.86
1168	chr2	76477909	76478803	CpG: 69	894	69	621	15.4	69.5	0.67
1168	chr2	76505404	76506134	CpG: 96	730	96	549	26.3	75.2	0.95
1173	chr2	77110463	77111258	CpG: 68	795	68	409	17.1	51.4	1.29
1177	chr2	77646690	77647581	CpG: 101	891	101	603	22.7	67.7	0.99
1178	chr2	77776178	77776562	CpG: 39	384	39	253	20.3	65.9	0.97
1182	chr2	78343198	78343726	CpG: 38	528	38	317	14.4	60	0.8
1185	chr2	78698884	78700360	CpG: 174	1476	174	934	23.6	63.3	1.18
1188	chr2	79085746	79086241	CpG: 36	495	36	320	14.5	64.6	0.7
1189	chr2	79258975	79259255	CpG: 29	280	29	201	20.7	71.8	0.8
1189	chr2	79284262	79284830	CpG: 37	568	37	331	13	58.3	0.85
1189	chr2	79286962	79287366	CpG: 36	404	36	262	17.8	64.9	0.89
1191	chr2	79465411	79466609	CpG: 116	1198	116	760	19.4	63.4	0.97
1196	chr2	80145751	80146400	CpG: 68	649	68	460	21	70.9	0.85
1197	chr2	80277161	80277422	CpG: 22	261	22	176	16.9	67.4	0.74
1197	chr2	80277695	80278115	CpG: 32	420	32	274	15.2	65.2	0.74
1198	chr2	80410913	80412009	CpG: 135	1096	135	726	24.6	66.2	1.14
1198	chr2	80469102	80469501	CpG: 39	399	39	261	19.5	65.4	0.92
1209	chr2	81883406	81884045	CpG: 82	639	82	476	25.7	74.5	0.93
1221	chr2	83474655	83475327	CpG: 91	672	91	475	27.1	70.7	1.11
1222	chr2	83554579	83555388	CpG: 100	809	100	577	24.7	71.3	0.99
1223	chr2	83642880	83643204	CpG: 46	324	46	245	28.4	75.6	1.01
1224	chr2	83785213	83785479	CpG: 26	266	26	169	19.5	63.5	1.06
1224	chr2	83791023	83791289	CpG: 26	266	26	169	19.5	63.5	1.06
1224	chr2	83796833	83797099	CpG: 26	266	26	169	19.5	63.5	1.06
1224	chr2	83802643	83802909	CpG: 26	266	26	169	19.5	63.5	1.06
1224	chr2	83808453	83808719	CpG: 26	266	26	169	19.5	63.5	1.06
1224	chr2	83814263	83814529	CpG: 26	266	26	169	19.5	63.5	1.06
1224	chr2	83820073	83820339	CpG: 26	266	26	169	19.5	63.5	1.06
1229	chr2	84489270	84489665	CpG: 40	395	40	269	20.3	68.1	0.88
1229	chr2	84500533	84501135	CpG: 50	602	50	378	16.6	62.8	0.85
1229	chr2	84508753	84508965	CpG: 18	212	18	146	17	68.9	0.74
1230	chr2	84544923	84545869	CpG: 107	946	107	611	22.6	64.6	1.09
1230	chr2	84557564	84557850	CpG: 28	286	28	166	19.6	58	1.19
1230	chr2	84573760	84574023	CpG: 22	263	22	165	16.7	62.7	0.97
1230	chr2	84669598	84670018	CpG: 33	420	33	262	15.7	62.4	0.81
1230	chr2	84670314	84671056	CpG: 59	742	59	490	15.9	66	0.73
1231	chr2	84696515	84696915	CpG: 30	400	30	269	15	67.2	0.69
1231	chr2	84702250	84702992	CpG: 100	742	100	551	27	74.3	0.98
1231	chr2	84716657	84718079	CpG: 110	1422	110	882	15.5	62	0.81
1231	chr2	84718463	84718689	CpG: 19	226	19	146	16.8	64.6	0.82
1231	chr2	84719375	84719610	CpG: 21	235	21	158	17.9	67.2	0.91
1231	chr2	84766967	84767175	CpG: 17	208	17	123	16.3	59.1	1.07
1232	chr2	84867399	84867966	CpG: 54	567	54	327	19	57.7	1.16
1232	chr2	84878436	84878892	CpG: 40	456	40	291	17.5	63.8	0.87
1251	chr2	87356351	87356564	CpG: 25	213	25	150	23.5	70.4	0.95
1274	chr2	90410033	90411221	CpG: 120	1188	120	771	20.2	64.9	0.97
1275	chr2	90509342	90509857	CpG: 52	515	52	304	20.2	59	1.17
1276	chr2	90575628	90576432	CpG: 76	804	76	483	18.9	60.1	1.05
1276	chr2	90613355	90613609	CpG: 19	254	19	166	15	65.4	0.71
1276	chr2	90677370	90677919	CpG: 52	549	52	338	18.9	61.6	1.03
1277	chr2	90715988	90716426	CpG: 44	438	44	316	20.1	72.1	0.78
1277	chr2	90719759	90720790	CpG: 125	1031	125	666	24.2	64.6	1.16
1277	chr2	90734714	90735455	CpG: 58	741	58	463	15.7	62.5	0.81
1277	chr2	90747761	90748372	CpG: 69	611	69	421	22.6	68.9	0.95
1277	chr2	90770617	90771576	CpG: 94	959	94	579	19.6	60.4	1.09
1278	chr2	90884271	90884659	CpG: 40	388	40	253	20.6	65.2	0.97
1278	chr2	90900422	90900986	CpG: 62	564	62	376	22	66.7	0.99
1278	chr2	90945548	90945952	CpG: 37	404	37	284	18.3	70.3	0.75
1279	chr2	91012812	91013408	CpG: 77	596	77	453	25.8	76	0.91
1279	chr2	91033038	91033251	CpG: 17	213	17	125	16	58.7	1.02
1279	chr2	91066984	91067491	CpG: 38	507	38	322	15	63.5	0.75
1279	chr2	91086077	91086359	CpG: 23	282	23	193	16.3	68.4	0.7
1279	chr2	91087042	91087390	CpG: 32	348	32	252	18.4	72.4	0.72
1280	chr2	91095342	91095935	CpG: 62	593	62	380	20.9	64.1	1.03
1281	chr2	91287678	91288407	CpG: 75	729	75	530	20.6	72.7	0.79
160	chr2	91357016	91357565	CpG: 59	549	59	353	21.5	64.3	1.05
1282	chr2	91460289	91460577	CpG: 21	288	21	173	14.6	60.1	0.81
1282	chr2	91480272	91480766	CpG: 35	494	35	294	14.2	59.5	0.85
1283	chr2	91540544	91541351	CpG: 63	807	63	465	15.6	57.6	0.96
1283	chr2	91560436	91560969	CpG: 62	533	62	369	23.3	69.2	0.98
1285	chr2	91751816	91752717	CpG: 70	901	70	544	15.5	60.4	0.85
1285	chr2	91752973	91753175	CpG: 18	202	18	135	17.8	66.8	0.86
1285	chr2	91754036	91754404	CpG: 30	368	30	216	16.3	58.7	0.96
1285	chr2	91761902	91762537	CpG: 45	635	45	407	14.2	64.1	0.75
1285	chr2	91793523	91794153	CpG: 84	630	84	462	26.7	73.3	1
1285	chr2	91795798	91796061	CpG: 19	263	19	183	14.4	69.6	0.6
1285	chr2	91806089	91806566	CpG: 48	477	48	339	20.1	71.1	0.8
1285	chr2	91838594	91838907	CpG: 22	313	22	208	14.1	66.5	0.64
1285	chr2	91854405	91854976	CpG: 54	571	54	393	18.9	68.8	0.82
1286	chr2	91885745	91885979	CpG: 28	234	28	157	23.9	67.1	1.09
1286	chr2	91888811	91889079	CpG: 24	268	24	167	17.9	62.3	0.92
1286	chr2	91889816	91890457	CpG: 62	641	62	439	19.3	68.5	0.84
1287	chr2	92013876	92014174	CpG: 32	298	32	174	21.5	58.4	1.26
1287	chr2	92015147	92015791	CpG: 59	644	59	423	18.3	65.7	0.86
1288	chr2	92200937	92201409	CpG: 38	472	38	305	16.1	64.6	0.77
1288	chr2	92219326	92219888	CpG: 48	562	48	375	17.1	66.7	0.77
1288	chr2	92264162	92264730	CpG: 63	568	63	368	22.2	64.8	1.06
1289	chr2	92289907	92290216	CpG: 35	309	35	215	22.7	69.6	0.94
1290	chr2	92430408	92430845	CpG: 45	437	45	315	20.6	72.1	0.8
1292	chr2	92745333	92745705	CpG: 35	372	35	262	18.8	70.4	0.77
1293	chr2	92845041	92845610	CpG: 60	569	60	366	21.1	64.3	1.03
1293	chr2	92875733	92876792	CpG: 114	1059	114	669	21.5	63.2	1.09
1294	chr2	93010696	93010925	CpG: 22	229	22	133	19.2	58.1	1.16
1294	chr2	93017719	93019049	CpG: 120	1330	120	876	18	65.9	0.83
1295	chr2	93163947	93165035	CpG: 115	1088	115	766	21.1	70.4	0.87
1298	chr2	93472942	93473993	CpG: 108	1051	108	683	20.6	65	0.97
1298	chr2	93476361	93476626	CpG: 23	265	23	162	17.4	61.1	0.93
1298	chr2	93477409	93477754	CpG: 30	345	30	202	17.4	58.6	1.05
1299	chr2	93652773	93652985	CpG: 30	212	30	156	28.3	73.6	1.05
1300	chr2	93786279	93787598	CpG: 132	1319	132	843	20	63.9	0.98
1300	chr2	93806855	93807102	CpG: 26	247	26	172	21.1	69.6	0.87
1300	chr2	93840814	93841249	CpG: 33	435	33	287	15.2	66	0.71
1302	chr2	93987941	93988619	CpG: 61	678	61	405	18	59.7	1.01
1302	chr2	94071459	94071958	CpG: 47	499	47	286	18.8	57.3	1.15
1302	chr2	94103564	94104217	CpG: 68	653	68	472	20.8	72.3	0.81
1303	chr2	94236451	94237161	CpG: 72	710	72	501	20.3	70.6	0.82
1304	chr2	94267797	94268600	CpG: 104	803	104	536	25.9	66.7	1.17
1359	chr2	101508848	101509119	CpG: 31	271	31	183	22.9	67.5	1
1360	chr2	101626751	101627223	CpG: 46	472	46	291	19.5	61.7	1.03
1360	chr2	101627596	101627844	CpG: 22	248	22	163	17.7	65.7	0.88
1362	chr2	101888902	101889112	CpG: 18	210	18	127	17.1	60.5	1.07
1363	chr2	102016340	102016738	CpG: 64	398	64	311	32.2	78.1	1.1
1364	chr2	102230782	102231606	CpG: 115	824	115	613	27.9	74.4	1.02
1365	chr2	102280627	102282440	CpG: 191	1813	191	1220	21.1	67.3	0.93
1366	chr2	102488995	102489692	CpG: 77	697	77	477	22.1	68.4	0.95
1370	chr2	102903723	102904285	CpG: 50	562	50	367	17.8	65.3	0.84
1373	chr2	103315107	103315454	CpG: 30	347	30	230	17.3	66.3	0.79
1373	chr2	103396496	103397767	CpG: 139	1271	139	857	21.9	67.4	0.96
1375	chr2	103591192	103591761	CpG: 45	569	45	335	15.8	58.9	0.92
1375	chr2	103626886	103628113	CpG: 109	1227	109	728	17.8	59.3	1.01
1375	chr2	103649757	103649964	CpG: 23	207	23	136	22.2	65.7	1.06
1376	chr2	103800493	103801258	CpG: 72	765	72	486	18.8	63.5	0.93
1377	chr2	103858215	103858800	CpG: 45	585	45	390	15.4	66.7	0.69
1378	chr2	103952975	103953692	CpG: 72	717	72	490	20.1	68.3	0.86
1380	chr2	104240216	104240994	CpG: 87	778	87	529	22.4	68	0.97
1380	chr2	104323616	104325037	CpG: 174	1421	174	995	24.5	70	1
1381	chr2	104386987	104387253	CpG: 26	266	26	179	19.5	67.3	0.88
1381	chr2	104420573	104421464	CpG: 62	891	62	496	13.9	55.7	0.9
1382	chr2	104541993	104542810	CpG: 98	817	98	581	24	71.1	0.95
1382	chr2	104573057	104573296	CpG: 31	239	31	174	25.9	72.8	0.99
1383	chr2	104646459	104647583	CpG: 110	1124	110	776	19.6	69	0.82
1383	chr2	104679619	104680272	CpG: 62	653	62	438	19	67.1	0.85
1384	chr2	104846974	104847485	CpG: 59	511	59	343	23.1	67.1	1.03
1385	chr2	104956636	104957851	CpG: 103	1215	103	765	17	63	0.86
1385	chr2	104958390	104958802	CpG: 28	412	28	211	13.6	51.2	1.04
1385	chr2	104961084	104961406	CpG: 23	322	23	205	14.3	63.7	0.71
1387	chr2	105229045	105229793	CpG: 71	748	71	494	19	66	0.87
1389	chr2	105490382	105490591	CpG: 17	209	17	133	16.3	63.6	0.82
1389	chr2	105499114	105499452	CpG: 25	338	25	201	14.8	59.5	0.85
1389	chr2	105499825	105500125	CpG: 28	300	28	174	18.7	58	1.12
1389	chr2	105502872	105503145	CpG: 21	273	21	160	15.4	58.6	0.9
1389	chr2	105505016	105505238	CpG: 18	222	18	147	16.2	66.2	0.77
1389	chr2	105505533	105505950	CpG: 37	417	37	260	17.7	62.4	0.95
1389	chr2	105506398	105507015	CpG: 71	617	71	429	23	69.5	0.95
1389	chr2	105511722	105511934	CpG: 22	212	22	128	20.8	60.4	1.16
1389	chr2	105512520	105512732	CpG: 17	212	17	116	16	54.7	1.07
1391	chr2	105734666	105735189	CpG: 39	523	39	322	14.9	61.6	0.79
1392	chr2	105833449	105833734	CpG: 27	285	27	180	18.9	63.2	0.95
1397	chr2	106523638	106524937	CpG: 122	1299	122	859	18.8	66.1	0.87
1397	chr2	106525441	106525808	CpG: 31	367	31	218	16.9	59.4	0.98
1399	chr2	106804532	106804773	CpG: 24	241	24	166	19.9	68.9	0.89
1417	chr2	109110959	109111456	CpG: 46	497	46	307	18.5	61.8	0.98
1420	chr2	109504377	109504589	CpG: 18	212	18	142	17	67	0.76
1420	chr2	109507517	109508041	CpG: 41	524	41	362	15.6	69.1	0.66
1420	chr2	109523811	109524552	CpG: 57	741	57	459	15.4	61.9	0.81
1422	chr2	109720930	109721613	CpG: 76	683	76	467	22.3	68.4	0.95
1422	chr2	109747903	109748717	CpG: 102	814	102	575	25.1	70.6	1.04
1423	chr2	109848085	109848383	CpG: 37	298	37	204	24.8	68.5	1.06
1440	chr2	112069595	112070275	CpG: 88	680	88	486	25.9	71.5	1.01
1440	chr2	112095823	112096431	CpG: 69	608	69	395	22.7	65	1.08
1441	chr2	112198071	112198409	CpG: 29	338	29	206	17.2	60.9	0.94
1441	chr2	112209438	112209884	CpG: 49	446	49	303	22	67.9	0.96
1441	chr2	112285218	112285687	CpG: 40	469	40	299	17.1	63.8	0.87
1441	chr2	112323218	112323856	CpG: 82	638	82	451	25.7	70.7	1.05
1447	chr2	113047560	113047766	CpG: 32	206	32	160	31.1	77.7	1.04
1448	chr2	113157721	113158159	CpG: 33	438	33	272	15.1	62.1	0.78
1451	chr2	113587933	113589172	CpG: 95	1239	95	761	15.3	61.4	0.82
1452	chr2	113678842	113679091	CpG: 23	249	23	173	18.5	69.5	0.83
1453	chr2	113843844	113844304	CpG: 65	460	65	348	28.3	75.7	1
1454	chr2	114005553	114005809	CpG: 29	256	29	174	22.7	68	0.98
1454	chr2	114031646	114031981	CpG: 33	335	33	219	19.7	65.4	0.92
1458	chr2	114485146	114485461	CpG: 31	315	31	199	19.7	63.2	0.99
1465	chr2	115411833	115412222	CpG: 29	389	29	232	14.9	59.6	0.84
1467	chr2	115685406	115685724	CpG: 23	318	23	189	14.5	59.4	0.82
1467	chr2	115690899	115691141	CpG: 21	242	21	134	17.4	55.4	1.18
1469	chr2	115892716	115892919	CpG: 16	203	16	126	15.8	62.1	0.84
1476	chr2	116806049	116806589	CpG: 55	540	55	381	20.4	70.6	0.82
1477	chr2	116950524	116950754	CpG: 17	230	17	129	14.8	56.1	0.95
1477	chr2	116950994	116952054	CpG: 144	1060	144	739	27.2	69.7	1.14
1477	chr2	116952185	116952438	CpG: 21	253	21	158	16.6	62.5	0.86
1478	chr2	117080155	117080667	CpG: 46	512	46	338	18	66	0.83
1478	chr2	117173127	117173339	CpG: 27	212	27	157	25.5	74.1	0.95
1485	chr2	118087250	118087488	CpG: 18	238	18	147	15.1	61.8	0.8
1486	chr2	118203430	118204615	CpG: 97	1185	97	815	16.4	68.8	0.69
1486	chr2	118218823	118219358	CpG: 39	535	39	320	14.6	59.8	0.84
1487	chr2	118261348	118261685	CpG: 26	337	26	219	15.4	65	0.73
1487	chr2	118309639	118310321	CpG: 68	682	68	425	19.9	62.3	1.03
1488	chr2	118379929	118380180	CpG: 34	251	34	185	27.1	73.7	1
1488	chr2	118428627	118429008	CpG: 32	381	32	227	16.8	59.6	1.07
1489	chr2	118493729	118493949	CpG: 19	220	19	140	17.3	63.6	0.87
1489	chr2	118507406	118508162	CpG: 84	756	84	540	22.2	71.4	0.87
1489	chr2	118532900	118534788	CpG: 173	1888	173	1288	18.3	68.2	0.79
1489	chr2	118541551	118541998	CpG: 38	447	38	303	17	67.8	0.75
1489	chr2	118576091	118577289	CpG: 120	1198	120	722	20	60.3	1.11
1490	chr2	118621047	118621436	CpG: 31	389	31	235	15.9	60.4	0.87
1490	chr2	118644564	118645063	CpG: 39	499	39	289	15.6	57.9	0.93
1490	chr2	118713789	118714137	CpG: 30	348	30	223	17.2	64.1	0.84
1490	chr2	118731700	118733444	CpG: 184	1744	184	1139	21.1	65.3	1.02
1490	chr2	118746527	118746859	CpG: 26	332	26	217	15.7	65.4	0.73
1491	chr2	118756863	118757575	CpG: 56	712	56	495	15.7	69.5	0.66
1491	chr2	118803188	118803444	CpG: 24	256	24	172	18.8	67.2	0.83
1491	chr2	118806586	118807285	CpG: 57	699	57	416	16.3	59.5	0.92
1491	chr2	118865263	118865914	CpG: 53	651	53	419	16.3	64.4	0.8
1491	chr2	118877552	118878119	CpG: 61	567	61	366	21.5	64.6	1.04
1492	chr2	118943180	118943661	CpG: 52	481	52	309	21.6	64.2	1.08
1492	chr2	118986897	118987669	CpG: 74	772	74	523	19.2	67.7	0.84
1492	chr2	118997926	118998567	CpG: 60	641	60	421	18.7	65.7	0.87
1493	chr2	119039063	119039517	CpG: 40	454	40	279	17.6	61.5	0.94
1493	chr2	119067498	119068713	CpG: 123	1215	123	837	20.2	68.9	0.85
1493	chr2	119101422	119101714	CpG: 33	292	33	209	22.6	71.6	0.88
1493	chr2	119119003	119119236	CpG: 23	233	23	153	19.7	65.7	0.92
1493	chr2	119124223	119124528	CpG: 24	305	24	182	15.7	59.7	0.89
1494	chr2	119152614	119153425	CpG: 69	811	69	532	17	65.6	0.79
1494	chr2	119156382	119157874	CpG: 107	1492	107	888	14.3	59.5	0.82
1494	chr2	119168273	119168696	CpG: 49	423	49	309	23.2	73	0.87
1494	chr2	119181416	119182074	CpG: 52	658	52	425	15.8	64.6	0.76
1495	chr2	119307377	119308747	CpG: 105	1370	105	830	15.3	60.6	0.84
1495	chr2	119377397	119377636	CpG: 20	239	20	158	16.7	66.1	0.77
1495	chr2	119377952	119378469	CpG: 46	517	46	325	17.8	62.9	0.9
1496	chr2	119424712	119425198	CpG: 54	486	54	332	22.2	68.3	0.96
1496	chr2	119448653	119449133	CpG: 43	480	43	287	17.9	59.8	1.01
1496	chr2	119493102	119493360	CpG: 21	258	21	163	16.3	63.2	0.9
1496	chr2	119505414	119506109	CpG: 58	695	58	401	16.7	57.7	1.04
1497	chr2	119572605	119573906	CpG: 126	1301	126	876	19.4	67.3	0.86
1497	chr2	119574306	119574923	CpG: 44	617	44	375	14.3	60.8	0.78
1497	chr2	119588573	119589478	CpG: 81	905	81	589	17.9	65.1	0.85
1497	chr2	119617967	119618170	CpG: 24	203	24	137	23.6	67.5	1.05
1497	chr2	119629806	119630577	CpG: 83	771	83	488	21.5	63.3	1.08
1498	chr2	119702989	119703870	CpG: 103	881	103	593	23.4	67.3	1.04
1498	chr2	119727536	119728179	CpG: 62	643	62	409	19.3	63.6	0.96
1499	chr2	119802787	119803125	CpG: 32	338	32	226	18.9	66.9	0.85
1499	chr2	119857901	119858103	CpG: 26	202	26	142	25.7	70.3	1.08
1500	chr2	119984578	119985330	CpG: 72	752	72	479	19.1	63.7	0.94
1501	chr2	120183203	120183660	CpG: 36	457	36	302	15.8	66.1	0.74
1502	chr2	120234369	120234740	CpG: 27	371	27	211	14.6	56.9	0.93
1503	chr2	120393954	120394351	CpG: 34	397	34	236	17.1	59.4	1
1503	chr2	120398043	120398525	CpG: 39	482	39	296	16.2	61.4	0.88
1503	chr2	120439717	120440062	CpG: 33	345	33	225	19.1	65.2	0.9
1504	chr2	120459545	120459751	CpG: 19	206	19	146	18.4	70.9	0.79
1504	chr2	120561299	120562159	CpG: 102	860	102	637	23.7	74.1	0.87
1505	chr2	120680396	120680885	CpG: 55	489	55	323	22.5	66.1	1.03
1506	chr2	120801002	120801273	CpG: 34	271	34	187	25.1	69	1.06
1506	chr2	120807664	120808130	CpG: 53	466	53	347	22.7	74.5	0.83
1506	chr2	120838821	120839122	CpG: 25	301	25	188	16.6	62.5	0.87
1507	chr2	120875052	120875302	CpG: 21	250	21	154	16.8	61.6	0.89
1507	chr2	120970214	120971189	CpG: 91	975	91	611	18.7	62.7	0.95
1508	chr2	121000949	121002117	CpG: 106	1168	106	756	18.2	64.7	0.87
1508	chr2	121101507	121102032	CpG: 52	525	52	362	19.8	69	0.87
1509	chr2	121119594	121119875	CpG: 19	281	19	167	13.5	59.4	0.77
1509	chr2	121120032	121120336	CpG: 37	304	37	207	24.3	68.1	1.05
1509	chr2	121185521	121185915	CpG: 44	394	44	257	22.3	65.2	1.16
1510	chr2	121243999	121244832	CpG: 101	833	101	601	24.2	72.1	0.94
1510	chr2	121279504	121280555	CpG: 115	1051	115	710	21.9	67.6	0.96
1510	chr2	121300412	121300624	CpG: 16	212	16	115	15.1	54.2	1.19
1510	chr2	121332965	121333177	CpG: 16	212	16	115	15.1	54.2	1.19
1510	chr2	121336921	121337273	CpG: 27	352	27	210	15.3	59.7	0.87
1513	chr2	121636801	121637747	CpG: 97	946	97	650	20.5	68.7	0.87
1513	chr2	121697229	121698113	CpG: 91	884	91	579	20.6	65.5	0.96
1514	chr2	121786280	121787253	CpG: 86	973	86	614	17.7	63.1	0.9
1514	chr2	121858629	121859791	CpG: 116	1162	116	734	20	63.2	1
1515	chr2	121948648	121948952	CpG: 27	304	27	215	17.8	70.7	0.71
1516	chr2	122129143	122129590	CpG: 30	447	30	258	13.4	57.7	0.81
1516	chr2	122132165	122132369	CpG: 22	204	22	135	21.6	66.2	1.07
1517	chr2	122178988	122179515	CpG: 56	527	56	357	21.3	67.7	0.93
1517	chr2	122199186	122199837	CpG: 78	651	78	500	24	76.8	0.83
1518	chr2	122298015	122298450	CpG: 44	435	44	301	20.2	69.2	0.85
1519	chr2	122441513	122441923	CpG: 41	410	41	277	20	67.6	0.89
1519	chr2	122461061	122462222	CpG: 122	1161	122	836	21	72	0.81
1519	chr2	122479658	122479927	CpG: 34	269	34	179	25.3	66.5	1.14
1519	chr2	122544123	122544846	CpG: 108	723	108	547	29.9	75.7	1.05
1520	chr2	122580248	122580760	CpG: 51	512	51	320	19.9	62.5	1.02
1520	chr2	122607008	122607442	CpG: 38	434	38	296	17.5	68.2	0.75
1530	chr2	123931821	123932285	CpG: 43	464	43	317	18.5	68.3	0.83
1530	chr2	123932431	123932642	CpG: 17	211	17	143	16.1	67.8	0.71
1534	chr2	124451760	124452850	CpG: 103	1090	103	720	18.9	66.1	0.87
1538	chr2	124965068	124965751	CpG: 75	683	75	418	22	61.2	1.19
1539	chr2	125089110	125089878	CpG: 95	768	95	556	24.7	72.4	0.96
1541	chr2	125347367	125348413	CpG: 87	1046	87	690	16.6	66	0.78
1542	chr2	125466765	125467215	CpG: 49	450	49	309	21.8	68.7	0.93
1542	chr2	125514865	125515562	CpG: 83	697	83	465	23.8	66.7	1.07
1542	chr2	125565126	125565578	CpG: 32	452	32	302	14.2	66.8	0.63
1543	chr2	125624418	125624778	CpG: 53	360	53	278	29.4	77.2	0.99
1544	chr2	125700576	125701167	CpG: 50	591	50	388	16.9	65.7	0.79
1546	chr2	125993842	125994422	CpG: 53	580	53	380	18.3	65.5	0.86
1549	chr2	126394842	126395426	CpG: 61	584	61	394	20.9	67.5	0.93
1550	chr2	126516528	126517869	CpG: 159	1341	159	925	23.7	69	1
1550	chr2	126549056	126549578	CpG: 59	522	59	357	22.6	68.4	0.97
1551	chr2	126717551	126718443	CpG: 85	892	85	533	19.1	59.8	1.09
1552	chr2	126774899	126775221	CpG: 29	322	29	208	18	64.6	0.87
1552	chr2	126850535	126850976	CpG: 35	441	35	251	15.9	56.9	0.98
1553	chr2	126912508	126912803	CpG: 31	295	31	201	21	68.1	0.91
1553	chr2	126975550	126976024	CpG: 49	474	49	308	20.7	65	0.99
1553	chr2	126985154	126985426	CpG: 24	272	24	171	17.6	62.9	0.92
1554	chr2	127050153	127050524	CpG: 35	371	35	219	18.9	59	1.09
1554	chr2	127089404	127090639	CpG: 97	1235	97	819	15.7	66.3	0.72
1554	chr2	127111650	127112769	CpG: 116	1119	116	775	20.7	69.3	0.86
1555	chr2	127177888	127178555	CpG: 88	667	88	495	26.4	74.2	0.96
1555	chr2	127204835	127205550	CpG: 63	715	63	474	17.6	66.3	0.81
1556	chr2	127286232	127286519	CpG: 25	287	25	179	17.4	62.4	0.9
1556	chr2	127324029	127324644	CpG: 64	615	64	451	20.8	73.3	0.77
1556	chr2	127382955	127383455	CpG: 42	500	42	324	16.8	64.8	0.81
1557	chr2	127426488	127426712	CpG: 19	224	19	132	17	58.9	1
1557	chr2	127429094	127429579	CpG: 48	485	48	324	19.8	66.8	0.89
1557	chr2	127498032	127498411	CpG: 36	379	36	258	19	68.1	0.82
1558	chr2	127630573	127630894	CpG: 34	321	34	215	21.2	67	0.94
1558	chr2	127634119	127634480	CpG: 31	361	31	229	17.2	63.4	0.86
1559	chr2	127673372	127673911	CpG: 56	539	56	345	20.8	64	1.03
1561	chr2	127967545	127970233	CpG: 256	2688	256	1769	19	65.8	0.89
1565	chr2	128528844	128529419	CpG: 50	575	50	348	17.4	60.5	0.95
1566	chr2	128660106	128660454	CpG: 36	348	36	248	20.7	71.3	0.81
1566	chr2	128705750	128706122	CpG: 34	372	34	254	18.3	68.3	0.79
1567	chr2	128734209	128734494	CpG: 29	285	29	195	20.4	68.4	0.87
1567	chr2	128785481	128786094	CpG: 50	613	50	376	16.3	61.3	0.87
1567	chr2	128808938	128810116	CpG: 116	1178	116	724	19.7	61.5	1.04
1568	chr2	128880753	128881460	CpG: 66	707	66	476	18.7	67.3	0.82
1568	chr2	128907945	128908272	CpG: 35	327	35	223	21.4	68.2	0.93
1568	chr2	128942960	128943202	CpG: 24	242	24	160	19.8	66.1	0.91
1568	chr2	128967685	128967958	CpG: 18	273	18	150	13.2	54.9	0.87
1568	chr2	128971354	128971768	CpG: 30	414	30	245	14.5	59.2	0.84
1569	chr2	129040091	129041156	CpG: 115	1065	115	731	21.6	68.6	0.92
1570	chr2	129138898	129139216	CpG: 32	318	32	203	20.1	63.8	0.99
1572	chr2	129434809	129435598	CpG: 90	789	90	510	22.8	64.6	1.09
1573	chr2	129529966	129530258	CpG: 20	292	20	172	13.7	58.9	0.83
1574	chr2	129642243	129643873	CpG: 158	1630	158	1035	19.4	63.5	0.96
1576	chr2	130020668	130021349	CpG: 80	681	80	471	23.5	69.2	1.02
1577	chr2	130115973	130116814	CpG: 80	841	80	546	19	64.9	0.91
1577	chr2	130126039	130126461	CpG: 45	422	45	274	21.3	64.9	1.01
1577	chr2	130136658	130138148	CpG: 156	1490	156	1019	20.9	68.4	0.9
1578	chr2	130203767	130204382	CpG: 48	615	48	377	15.6	61.3	0.83
1578	chr2	130239333	130239781	CpG: 44	448	44	322	19.6	71.9	0.76
1578	chr2	130265597	130266744	CpG: 100	1147	100	735	17.4	64.1	0.85
1579	chr2	130292037	130292694	CpG: 81	657	81	476	24.7	72.5	0.94
1579	chr2	130405486	130406234	CpG: 79	748	79	518	21.1	69.3	0.88
1580	chr2	130418408	130418890	CpG: 41	482	41	324	17	67.2	0.76
1580	chr2	130422576	130423166	CpG: 51	590	51	407	17.3	69	0.74
1580	chr2	130471470	130472000	CpG: 50	530	50	350	18.9	66	0.87
1580	chr2	130476899	130477149	CpG: 19	250	19	151	15.2	60.4	0.86
1580	chr2	130484321	130484900	CpG: 56	579	56	396	19.3	68.4	0.84
1580	chr2	130506221	130506587	CpG: 36	366	36	244	19.7	66.7	0.9
1580	chr2	130509482	130509838	CpG: 31	356	31	226	17.4	63.5	0.86
1580	chr2	130538822	130539602	CpG: 77	780	77	525	19.7	67.3	0.88
1582	chr2	130681563	130682316	CpG: 72	753	72	493	19.1	65.5	0.9
1582	chr2	130748187	130748896	CpG: 61	709	61	383	17.2	54	1.18
1583	chr2	130882964	130883672	CpG: 97	708	97	505	27.4	71.3	1.08
1583	chr2	130905345	130905672	CpG: 26	327	26	224	15.9	68.5	0.68
1584	chr2	130986540	130986930	CpG: 36	390	36	258	18.5	66.2	0.85
1584	chr2	131001848	131002490	CpG: 56	642	56	405	17.4	63.1	0.88
1584	chr2	131013419	131013660	CpG: 30	241	30	173	24.9	71.8	0.97
1584	chr2	131021087	131022150	CpG: 142	1063	142	781	26.7	73.5	0.99
1584	chr2	131051986	131052341	CpG: 35	355	35	241	19.7	67.9	0.86
1585	chr2	131075915	131076428	CpG: 35	513	35	329	13.6	64.1	0.66
1585	chr2	131104165	131104798	CpG: 87	633	87	466	27.5	73.6	1.02
1585	chr2	131194370	131195080	CpG: 81	710	81	495	22.8	69.7	0.94
198	chr2	131333578	131334475	CpG: 90	897	90	596	20.1	66.4	0.93
1587	chr2	131362500	131362728	CpG: 18	228	18	148	15.8	64.9	0.79
1587	chr2	131388047	131388353	CpG: 32	306	32	191	20.9	62.4	1.1
1587	chr2	131403034	131404569	CpG: 145	1535	145	1039	18.9	67.7	0.82
1591	chr2	131870994	131871248	CpG: 21	254	21	157	16.5	61.8	0.87
1591	chr2	131871615	131871863	CpG: 28	248	28	187	22.6	75.4	0.8
1591	chr2	131986436	131987198	CpG: 112	762	112	599	29.4	78.6	0.95
1592	chr2	132089447	132089777	CpG: 38	330	38	225	23	68.2	1
1592	chr2	132094501	132095474	CpG: 82	973	82	595	16.9	61.2	0.9
1592	chr2	132104873	132105672	CpG: 84	799	84	558	21	69.8	0.87
1593	chr2	132226996	132227423	CpG: 34	427	34	284	15.9	66.5	0.74
1595	chr2	132419499	132420245	CpG: 66	746	66	435	17.7	58.3	1.04
1596	chr2	132623304	132623702	CpG: 40	398	40	288	20.1	72.4	0.78
1597	chr2	132657762	132658333	CpG: 60	571	60	369	21	64.6	1.01
1597	chr2	132688476	132689177	CpG: 90	701	90	508	25.7	72.5	0.98
1597	chr2	132721167	132721678	CpG: 51	511	51	356	20	69.7	0.83
1598	chr2	132786909	132787523	CpG: 45	614	45	376	14.7	61.2	0.78
1602	chr2	133393883	133395405	CpG: 169	1522	169	1075	22.2	70.6	0.89
1602	chr2	133396254	133396685	CpG: 38	431	38	292	17.6	67.7	0.77
1611	chr2	134485592	134486163	CpG: 54	571	54	398	18.9	69.7	0.78
1612	chr2	134627907	134628724	CpG: 84	817	84	556	20.6	68.1	0.9
1618	chr2	135500964	135501923	CpG: 120	959	120	670	25	69.9	1.03
1624	chr2	136229489	136229700	CpG: 16	211	16	130	15.2	61.6	0.82
1626	chr2	136520616	136521047	CpG: 40	431	40	302	18.6	70.1	0.76
1628	chr2	136732890	136733226	CpG: 30	336	30	219	17.9	65.2	0.87
1629	chr2	136956453	136956776	CpG: 27	323	27	216	16.7	66.9	0.76
1629	chr2	136957283	136959547	CpG: 171	2264	171	1361	15.1	60.1	0.84
1638	chr2	138098456	138099143	CpG: 88	687	88	509	25.6	74.1	0.95
1649	chr2	139519168	139520780	CpG: 152	1612	152	1049	18.9	65.1	0.89
1652	chr2	139908316	139908870	CpG: 60	554	60	367	21.7	66.2	0.99
1653	chr2	140012413	140012916	CpG: 41	503	41	313	16.3	62.2	0.84
1654	chr2	140237101	140238002	CpG: 82	901	82	547	18.2	60.7	0.99
1674	chr2	142743057	142743314	CpG: 20	257	20	178	15.6	69.3	0.65
1675	chr2	142904850	142905194	CpG: 43	344	43	224	25	65.1	1.21
1678	chr2	143387688	143388039	CpG: 39	351	39	223	22.2	63.5	1.1
1681	chr2	143704345	143705031	CpG: 89	686	89	496	25.9	72.3	0.99
1681	chr2	143756725	143757752	CpG: 94	1027	94	687	18.3	66.9	0.82
1682	chr2	143851923	143853556	CpG: 175	1633	175	1101	21.4	67.4	0.95
1683	chr2	144007384	144007678	CpG: 25	294	25	199	17	67.7	0.76
1684	chr2	144112250	144113085	CpG: 104	835	104	585	24.9	70.1	1.02
1684	chr2	144172569	144174132	CpG: 136	1563	136	1000	17.4	64	0.85
1685	chr2	144210806	144211224	CpG: 52	418	52	270	24.9	64.6	1.21
1685	chr2	144235321	144235570	CpG: 19	249	19	149	15.3	59.8	0.87
1686	chr2	144369235	144369999	CpG: 69	764	69	491	18.1	64.3	0.88
1686	chr2	144397678	144397939	CpG: 20	261	20	164	15.3	62.8	0.78
1686	chr2	144398129	144398494	CpG: 30	365	30	228	16.4	62.5	0.91
1687	chr2	144441825	144442178	CpG: 39	353	39	243	22.1	68.8	0.94
1691	chr2	145009319	145010248	CpG: 118	929	118	662	25.4	71.3	1
1695	chr2	145516849	145517295	CpG: 31	446	31	251	13.9	56.3	0.88
1696	chr2	145745038	145745501	CpG: 62	463	62	330	26.8	71.3	1.06
1697	chr2	145776284	145777009	CpG: 61	725	61	446	16.8	61.5	0.89
1699	chr2	146060252	146060599	CpG: 35	347	35	228	20.2	65.7	0.95
1699	chr2	146062740	146065768	CpG: 317	3028	317	1971	20.9	65.1	0.99
1701	chr2	146353646	146354280	CpG: 72	634	72	448	22.7	70.7	0.91
1704	chr2	146676264	146676723	CpG: 42	459	42	272	18.3	59.3	1.04
1704	chr2	146697687	146698072	CpG: 40	385	40	278	20.8	72.2	0.8
1705	chr2	146854680	146855719	CpG: 92	1039	92	666	17.7	64.1	0.86
1705	chr2	146925758	146927477	CpG: 194	1719	194	1109	22.6	64.5	1.08
1706	chr2	147025829	147026473	CpG: 57	644	57	434	17.7	67.4	0.79
1706	chr2	147027653	147027952	CpG: 24	299	24	192	16.1	64.2	0.78
1706	chr2	147029960	147030221	CpG: 22	261	22	167	16.9	64	0.83
1706	chr2	147035779	147037114	CpG: 112	1335	112	914	16.8	68.5	0.72
1708	chr2	147206817	147208315	CpG: 108	1498	108	887	14.4	59.2	0.82
1713	chr2	147880451	147880736	CpG: 24	285	24	166	16.8	58.2	1
1713	chr2	147885796	147888885	CpG: 203	3089	203	1838	13.1	59.5	0.74
1713	chr2	147890564	147890970	CpG: 35	406	35	260	17.2	64	0.85
1715	chr2	148236972	148237865	CpG: 85	893	85	585	19	65.5	0.89
1716	chr2	148249227	148249609	CpG: 31	382	31	239	16.2	62.6	0.83
1716	chr2	148250070	148250328	CpG: 20	258	20	162	15.5	62.8	0.79
1718	chr2	148514501	148514795	CpG: 32	294	32	173	21.8	58.8	1.27
1718	chr2	148522859	148523364	CpG: 45	505	45	335	17.8	66.3	0.83
1718	chr2	148574016	148574393	CpG: 29	377	29	245	15.4	65	0.73
1719	chr2	148716996	148717496	CpG: 41	500	41	324	16.4	64.8	0.79
1726	chr2	149672313	149673214	CpG: 85	901	85	624	18.9	69.3	0.79
1731	chr2	150312004	150312208	CpG: 22	204	22	150	21.6	73.5	0.8
1732	chr2	150342441	150342829	CpG: 49	388	49	271	25.3	69.8	1.04
1732	chr2	150367759	150368149	CpG: 45	390	45	274	23.1	70.3	0.94
1733	chr2	150509905	150510198	CpG: 38	293	38	221	25.9	75.4	0.92
1733	chr2	150530436	150530871	CpG: 44	435	44	311	20.2	71.5	0.79
1733	chr2	150590916	150591389	CpG: 49	473	49	317	20.7	67	0.92
1734	chr2	150628544	150629149	CpG: 52	605	52	402	17.2	66.4	0.79
1735	chr2	150746111	150746743	CpG: 74	632	74	456	23.4	72.2	0.91
1735	chr2	150850793	150851329	CpG: 50	536	50	326	18.7	60.8	1.02
1736	chr2	150880925	150881422	CpG: 60	497	60	343	24.1	69	1.02
1739	chr2	151336052	151336719	CpG: 72	667	72	466	21.6	69.9	0.91
1739	chr2	151384292	151385126	CpG: 65	834	65	425	15.6	51	1.2
1740	chr2	151417946	151418282	CpG: 26	336	26	198	15.5	58.9	0.9
1740	chr2	151473947	151474359	CpG: 49	412	49	307	23.8	74.5	0.86
1741	chr2	151544113	151544907	CpG: 98	794	98	548	24.7	69	1.04
1741	chr2	151582747	151583314	CpG: 57	567	57	354	20.1	62.4	1.03
1742	chr2	151684685	151684966	CpG: 41	281	41	216	29.2	76.9	0.99
1743	chr2	151811938	151812339	CpG: 29	401	29	255	14.5	63.6	0.72
1743	chr2	151812455	151812797	CpG: 24	342	24	228	14	66.7	0.64
1743	chr2	151821856	151822259	CpG: 35	403	35	274	17.4	68	0.76
1743	chr2	151871304	151871790	CpG: 47	486	47	312	19.3	64.2	0.94
1743	chr2	151890301	151891095	CpG: 72	794	72	499	18.1	62.8	0.92
1744	chr2	151923826	151924288	CpG: 47	462	47	335	20.3	72.5	0.77
1744	chr2	151934876	151935859	CpG: 99	983	99	600	20.1	61	1.1
1744	chr2	151937104	151937348	CpG: 20	244	20	170	16.4	69.7	0.72
1744	chr2	151947315	151947924	CpG: 76	609	76	441	25	72.4	0.96
1744	chr2	151985133	151986094	CpG: 127	961	127	674	26.4	70.1	1.08
1745	chr2	152068425	152069389	CpG: 91	964	91	640	18.9	66.4	0.86
1745	chr2	152135629	152136223	CpG: 72	594	72	427	24.2	71.9	0.94
1745	chr2	152174082	152174398	CpG: 34	316	34	219	21.5	69.3	0.9
1746	chr2	152185797	152186129	CpG: 32	332	32	228	19.3	68.7	0.87
1746	chr2	152238648	152240920	CpG: 242	2272	242	1488	21.3	65.5	0.99
1746	chr2	152256226	152256947	CpG: 98	721	98	524	27.2	72.7	1.04
1748	chr2	152468892	152469492	CpG: 45	600	45	390	15	65	0.71
1748	chr2	152476370	152476603	CpG: 28	233	28	156	24	67	1.08
1748	chr2	152511307	152511752	CpG: 53	445	53	289	23.8	64.9	1.13
1748	chr2	152528729	152529150	CpG: 44	421	44	257	20.9	61	1.12
1748	chr2	152549531	152549785	CpG: 29	254	29	191	22.8	75.2	0.81
1748	chr2	152565884	152566186	CpG: 31	302	31	213	20.5	70.5	0.84
1749	chr2	152576937	152577218	CpG: 26	281	26	189	18.5	67.3	0.83
1749	chr2	152578233	152578940	CpG: 52	707	52	433	14.7	61.2	0.78
1749	chr2	152581303	152581509	CpG: 23	206	23	149	22.3	72.3	0.85
1749	chr2	152672777	152673739	CpG: 84	962	84	651	17.5	67.7	0.76
1749	chr2	152689895	152690160	CpG: 26	265	26	168	19.6	63.4	1.04
1750	chr2	152774691	152774948	CpG: 20	257	20	157	15.6	61.1	0.85
1750	chr2	152784929	152785404	CpG: 60	475	60	345	25.3	72.6	0.97
1751	chr2	152857054	152857401	CpG: 37	347	37	239	21.3	68.9	0.91
1751	chr2	152873743	152874466	CpG: 81	723	81	494	22.4	68.3	0.96
1751	chr2	152896561	152896784	CpG: 17	223	17	142	15.2	63.7	0.75
1751	chr2	152913699	152914094	CpG: 39	395	39	213	19.7	53.9	1.37
1751	chr2	152922896	152923107	CpG: 19	211	19	136	18	64.5	0.87
1751	chr2	152950356	152950841	CpG: 45	485	45	336	18.6	69.3	0.79
1752	chr2	153067089	153067349	CpG: 20	260	20	179	15.4	68.8	0.66
1752	chr2	153082996	153083721	CpG: 88	725	88	514	24.3	70.9	0.97
1753	chr2	153133147	153133607	CpG: 54	460	54	311	23.5	67.6	1.03
1753	chr2	153187344	153187604	CpG: 24	260	24	166	18.5	63.8	0.94
1753	chr2	153187818	153188679	CpG: 115	861	115	653	26.7	75.8	0.93
1754	chr2	153285513	153286581	CpG: 102	1068	102	745	19.1	69.8	0.79
1754	chr2	153334210	153335043	CpG: 95	833	95	611	22.8	73.3	0.86
1755	chr2	153369777	153372529	CpG: 256	2752	256	1783	18.6	64.8	0.89
1755	chr2	153474458	153474739	CpG: 36	281	36	205	25.6	73	0.99
1756	chr2	153491351	153491850	CpG: 77	499	77	376	30.9	75.4	1.09
1756	chr2	153583061	153583463	CpG: 47	402	47	237	23.4	59	1.36
1757	chr2	153620942	153621189	CpG: 19	247	19	154	15.4	62.3	0.88
1761	chr2	154214280	154214758	CpG: 39	478	39	293	16.3	61.3	0.88
1761	chr2	154249620	154250279	CpG: 82	659	82	473	24.9	71.8	0.97
1762	chr2	154278049	154278915	CpG: 81	866	81	532	18.7	61.4	1.01
1762	chr2	154391381	154391889	CpG: 55	508	55	362	21.7	71.3	0.86
1762	chr2	154394416	154394717	CpG: 22	301	22	185	14.6	61.5	0.78
1762	chr2	154400635	154400879	CpG: 27	244	27	182	22.1	74.6	0.8
1763	chr2	154411241	154412118	CpG: 116	877	116	607	26.5	69.2	1.11
1763	chr2	154455035	154455888	CpG: 84	853	84	550	19.7	64.5	0.97
1763	chr2	154498772	154499436	CpG: 61	664	61	427	18.4	64.3	0.91
1764	chr2	154632600	154634083	CpG: 155	1483	155	994	20.9	67	0.93
1765	chr2	154734152	154734955	CpG: 75	803	75	508	18.7	63.3	0.93
1766	chr2	154892499	154892784	CpG: 29	285	29	188	20.4	66	0.95
1766	chr2	154916004	154916396	CpG: 43	392	43	267	21.9	68.1	0.95
1767	chr2	154975350	154975926	CpG: 66	576	66	414	22.9	71.9	0.91
1768	chr2	155078388	155078826	CpG: 44	438	44	292	20.1	66.7	0.91
1768	chr2	155118062	155118910	CpG: 94	848	94	577	22.2	68	0.96
1769	chr2	155199227	155199466	CpG: 20	239	20	147	16.7	61.5	0.88
1769	chr2	155223579	155224252	CpG: 69	673	69	459	20.5	68.2	0.88
1769	chr2	155228467	155228760	CpG: 25	293	25	195	17.1	66.6	0.78
1769	chr2	155315141	155315705	CpG: 93	564	93	458	33	81.2	1.05
1770	chr2	155359794	155360283	CpG: 52	489	52	340	21.3	69.5	0.88
1770	chr2	155434388	155434719	CpG: 38	331	38	220	23	66.5	1.1
1771	chr2	155471258	155471621	CpG: 34	363	34	250	18.7	68.9	0.83
1771	chr2	155533766	155534368	CpG: 54	602	54	358	17.9	59.5	1.02
1771	chr2	155571095	155571366	CpG: 29	271	29	192	21.4	70.8	0.85
1772	chr2	155617174	155617816	CpG: 112	642	112	538	34.9	83.8	1.02
1772	chr2	155660856	155661209	CpG: 27	353	27	233	15.3	66	0.7
1772	chr2	155668010	155668751	CpG: 62	741	62	473	16.7	63.8	0.85
1773	chr2	155771864	155772185	CpG: 28	321	28	195	17.4	60.7	0.96
1773	chr2	155783763	155784251	CpG: 32	488	32	298	13.1	61.1	0.71
1773	chr2	155798384	155798890	CpG: 47	506	47	360	18.6	71.1	0.74
1774	chr2	155849816	155850221	CpG: 35	405	35	282	17.3	69.6	0.71
1774	chr2	155907098	155907833	CpG: 78	735	78	529	21.2	72	0.84
1774	chr2	155953333	155953932	CpG: 71	599	71	433	23.7	72.3	0.94
1775	chr2	155985801	155986521	CpG: 73	720	73	483	20.3	67.1	0.9
1775	chr2	156021276	156022358	CpG: 108	1082	108	660	20	61	1.08
1775	chr2	156038458	156039000	CpG: 65	542	65	379	24	69.9	1.01
1776	chr2	156153833	156154729	CpG: 100	896	100	597	22.3	66.6	1.01
1777	chr2	156262520	156263306	CpG: 71	786	71	465	18.1	59.2	1.04
1777	chr2	156317522	156317904	CpG: 50	382	50	277	26.2	72.5	1.02
1778	chr2	156455269	156456288	CpG: 117	1019	117	681	23	66.8	1.03
1779	chr2	156552018	156552426	CpG: 27	408	27	254	13.2	62.3	0.79
1779	chr2	156562548	156563183	CpG: 97	635	97	480	30.6	75.6	1.07
1779	chr2	156589910	156590159	CpG: 18	249	18	144	14.5	57.8	0.87
1780	chr2	156681781	156683213	CpG: 153	1432	153	1024	21.4	71.5	0.85
1780	chr2	156704684	156705557	CpG: 109	873	109	594	25	68	1.08
1781	chr2	156833612	156834068	CpG: 56	456	56	298	24.6	65.4	1.16
1781	chr2	156848680	156849107	CpG: 47	427	47	294	22	68.9	0.94
1781	chr2	156862598	156863067	CpG: 32	469	32	291	13.6	62	0.71
1781	chr2	156881958	156882673	CpG: 55	715	55	474	15.4	66.3	0.71
1782	chr2	156920159	156921788	CpG: 196	1629	196	1109	24.1	68.1	1.04
1782	chr2	156976589	156977249	CpG: 56	660	56	428	17	64.8	0.82
1783	chr2	157045906	157046939	CpG: 98	1033	98	649	19	62.8	0.97
1783	chr2	157120782	157121586	CpG: 93	804	93	573	23.1	71.3	0.92
1784	chr2	157209442	157209886	CpG: 44	444	44	300	19.8	67.6	0.88
1784	chr2	157266054	157266583	CpG: 87	529	87	424	32.9	80.2	1.04
1785	chr2	157299033	157299699	CpG: 55	666	55	453	16.5	68	0.72
1785	chr2	157401970	157402501	CpG: 51	531	51	341	19.2	64.2	0.94
1787	chr2	157579173	157579523	CpG: 29	350	29	211	16.6	60.3	0.91
1788	chr2	157756243	157757168	CpG: 90	925	90	595	19.5	64.3	0.95
1788	chr2	157783276	157783479	CpG: 16	203	16	116	15.8	57.1	0.97
1788	chr2	157785724	157786386	CpG: 58	662	58	452	17.5	68.3	0.77
1789	chr2	157870179	157870983	CpG: 75	804	75	528	18.7	65.7	0.88
1790	chr2	158071026	158071393	CpG: 33	367	33	265	18	72.2	0.7
1791	chr2	158203253	158203529	CpG: 22	276	22	173	15.9	62.7	0.81
1792	chr2	158217462	158217685	CpG: 20	223	20	146	17.9	65.5	0.84
1792	chr2	158251549	158252404	CpG: 101	855	101	604	23.6	70.6	0.95
1793	chr2	158451699	158452071	CpG: 30	372	30	215	16.1	57.8	0.98
1793	chr2	158452663	158453534	CpG: 91	871	91	604	20.9	69.3	0.88
1793	chr2	158455762	158456913	CpG: 97	1151	97	701	16.9	60.9	0.92
1794	chr2	158466757	158467475	CpG: 82	718	82	503	22.8	70.1	0.94
1794	chr2	158508990	158509971	CpG: 84	981	84	675	17.1	68.8	0.73
1794	chr2	158537832	158538124	CpG: 24	292	24	193	16.4	66.1	0.76
1795	chr2	158610042	158610528	CpG: 65	486	65	348	26.7	71.6	1.04
1795	chr2	158636560	158636982	CpG: 34	422	34	286	16.1	67.8	0.71
1807	chr2	160207656	160209555	CpG: 183	1899	183	1204	19.3	63.4	0.96
1807	chr2	160210988	160211217	CpG: 20	229	20	144	17.5	62.9	0.91
1809	chr2	160487588	160488871	CpG: 121	1283	121	774	18.9	60.3	1.04
1810	chr2	160572926	160574046	CpG: 120	1120	120	730	21.4	65.2	1.01
1811	chr2	160714268	160715194	CpG: 85	926	85	557	18.4	60.2	1.02
1811	chr2	160729681	160730149	CpG: 32	468	32	275	13.7	58.8	0.82
1811	chr2	160753569	160754468	CpG: 107	899	107	617	23.8	68.6	1.01
1812	chr2	160950305	160951596	CpG: 110	1291	110	816	17	63.2	0.85
1824	chr2	162502349	162503356	CpG: 105	1007	105	669	20.9	66.4	0.95
1826	chr2	162750227	162750458	CpG: 17	231	17	149	14.7	64.5	0.72
1826	chr2	162772888	162774291	CpG: 123	1403	123	758	17.5	54	1.2
1826	chr2	162785349	162785587	CpG: 26	238	26	174	21.8	73.1	0.83
1827	chr2	162859348	162859662	CpG: 32	314	32	204	20.4	65	0.98
1827	chr2	162896444	162897259	CpG: 83	815	83	556	20.4	68.2	0.88
1828	chr2	163044845	163046722	CpG: 164	1877	164	1190	17.5	63.4	0.87
1829	chr2	163181320	163181943	CpG: 74	623	74	439	23.8	70.5	0.96
1830	chr2	163217530	163218305	CpG: 87	775	87	528	22.5	68.1	0.97
1830	chr2	163260859	163261942	CpG: 119	1083	119	733	22	67.7	0.96
1830	chr2	163280408	163280721	CpG: 26	313	26	218	16.6	69.6	0.69
1830	chr2	163314130	163314628	CpG: 53	498	53	338	21.3	67.9	0.95
1831	chr2	163444180	163444501	CpG: 31	321	31	196	19.3	61.1	1.1
1832	chr2	163486621	163487193	CpG: 67	572	67	409	23.4	71.5	0.92
1832	chr2	163500227	163500766	CpG: 54	539	54	301	20	55.8	1.3
1833	chr2	163591700	163592246	CpG: 44	546	44	341	16.1	62.5	0.83
1833	chr2	163695589	163696021	CpG: 51	432	51	275	23.6	63.7	1.17
1833	chr2	163700115	163700648	CpG: 49	533	49	352	18.4	66	0.85
1834	chr2	163760381	163760593	CpG: 22	212	22	147	20.8	69.3	0.88
1834	chr2	163760885	163761126	CpG: 25	241	25	140	20.7	58.1	1.23
1834	chr2	163837218	163837653	CpG: 44	435	44	308	20.2	70.8	0.82
1835	chr2	163912325	163912943	CpG: 68	618	68	432	22	69.9	0.93
1835	chr2	163915917	163916517	CpG: 51	600	51	402	17	67	0.79
1836	chr2	164009737	164010764	CpG: 124	1027	124	681	24.1	66.3	1.1
1836	chr2	164012891	164013105	CpG: 22	214	22	149	20.6	69.6	0.91
1837	chr2	164231475	164231807	CpG: 30	332	30	224	18.1	67.5	0.8
1838	chr2	164235087	164235377	CpG: 26	290	26	188	17.9	64.8	0.86
1838	chr2	164239261	164240136	CpG: 60	875	60	561	13.7	64.1	0.82
1838	chr2	164242526	164242964	CpG: 54	438	54	291	24.7	66.4	1.12
1838	chr2	164246317	164246762	CpG: 33	445	33	302	14.8	67.9	0.65
1838	chr2	164256280	164256532	CpG: 27	252	27	170	21.4	67.5	0.98
1838	chr2	164285078	164285289	CpG: 19	211	19	152	18	72	0.7
1838	chr2	164302722	164303612	CpG: 90	890	90	586	20.2	65.8	0.93
1838	chr2	164327887	164329030	CpG: 103	1143	103	740	18	64.7	0.86
1838	chr2	164339259	164339669	CpG: 40	410	40	250	19.5	61	1.05
1838	chr2	164349354	164349812	CpG: 42	458	42	319	18.3	69.7	0.78
1840	chr2	164587649	164588202	CpG: 61	553	61	353	22.1	63.8	1.08
1840	chr2	164611546	164612024	CpG: 45	478	45	310	18.8	64.9	0.9
1841	chr2	164627528	164628309	CpG: 72	781	72	514	18.4	65.8	0.85
1841	chr2	164646553	164646894	CpG: 31	341	31	204	18.2	59.8	1.02
1841	chr2	164664902	164665112	CpG: 21	210	21	138	20	65.7	0.94
1841	chr2	164674707	164675346	CpG: 45	639	45	401	14.1	62.8	0.72
1841	chr2	164675817	164676105	CpG: 21	288	21	179	14.6	62.2	0.76
1841	chr2	164698751	164699669	CpG: 69	918	69	587	15	63.9	0.74
1841	chr2	164721236	164722035	CpG: 78	799	78	445	19.5	55.7	1.27
1841	chr2	164752558	164753850	CpG: 119	1292	119	877	18.4	67.9	0.8
1842	chr2	164791114	164791757	CpG: 52	643	52	390	16.2	60.7	0.88
1842	chr2	164795268	164795485	CpG: 17	217	17	139	15.7	64.1	0.77
1842	chr2	164802701	164802917	CpG: 33	216	33	166	30.6	76.9	1.05
1842	chr2	164809796	164810777	CpG: 86	981	86	599	17.5	61.1	0.96
1842	chr2	164811236	164811537	CpG: 23	301	23	200	15.3	66.4	0.72
1842	chr2	164812919	164813167	CpG: 29	248	29	172	23.4	69.4	0.97
1842	chr2	164839337	164840214	CpG: 79	877	79	599	18	68.3	0.78
1842	chr2	164854848	164855057	CpG: 16	209	16	119	15.3	56.9	0.98
1842	chr2	164875967	164876954	CpG: 110	987	110	643	22.3	65.1	1.05
1843	chr2	164953969	164954516	CpG: 71	547	71	394	26	72	1
1843	chr2	164958089	164958374	CpG: 21	285	21	186	14.7	65.3	0.72
1843	chr2	164983949	164984158	CpG: 28	209	28	153	26.8	73.2	1
1844	chr2	165057198	165057441	CpG: 21	243	21	143	17.3	58.8	1.01
1844	chr2	165075352	165077012	CpG: 139	1660	139	1026	16.7	61.8	0.88
1844	chr2	165129321	165129802	CpG: 41	481	41	327	17	68	0.74
1845	chr2	165167950	165168575	CpG: 54	625	54	397	17.3	63.5	0.86
1845	chr2	165210466	165210761	CpG: 26	295	26	189	17.6	64.1	0.87
1845	chr2	165229869	165230254	CpG: 33	385	33	258	17.1	67	0.78
1845	chr2	165237977	165238186	CpG: 18	209	18	141	17.2	67.5	0.79
1846	chr2	165314940	165315191	CpG: 29	251	29	161	23.1	64.1	1.12
1846	chr2	165334778	165335365	CpG: 63	587	63	370	21.5	63	1.14
1846	chr2	165345781	165345991	CpG: 20	210	20	147	19	70	0.78
1846	chr2	165405292	165405761	CpG: 51	469	51	333	21.7	71	0.87
1847	chr2	165436832	165437269	CpG: 66	437	66	343	30.2	78.5	0.98
1848	chr2	165638113	165638491	CpG: 28	378	28	260	14.8	68.8	0.63
1849	chr2	165687491	165687736	CpG: 18	245	18	142	14.7	58	0.87
1849	chr2	165703542	165703805	CpG: 19	263	19	158	14.4	60.1	1.01
1850	chr2	165834388	165835459	CpG: 115	1071	115	733	21.5	68.4	0.97
1851	chr2	165996179	165997508	CpG: 150	1329	150	924	22.6	69.5	0.95
1855	chr2	166555317	166556268	CpG: 109	951	109	665	22.9	69.9	0.95
1856	chr2	166628552	166628778	CpG: 22	226	22	150	19.5	66.4	0.88
1856	chr2	166635580	166636139	CpG: 65	559	65	361	23.3	64.6	1.17
1856	chr2	166647380	166647907	CpG: 61	527	61	391	23.1	74.2	0.85
1857	chr2	166747835	166748549	CpG: 80	714	80	496	22.4	69.5	0.93
1857	chr2	166837616	166838361	CpG: 89	745	89	516	23.9	69.3	1
1858	chr2	166857110	166857483	CpG: 44	373	44	232	23.6	62.2	1.22
1858	chr2	166904437	166905200	CpG: 94	763	94	522	24.6	68.4	1.07
1858	chr2	166946730	166947195	CpG: 31	465	31	304	13.3	65.4	0.63
1859	chr2	167030207	167032125	CpG: 176	1918	176	1185	18.4	61.8	0.96
1859	chr2	167082049	167082277	CpG: 22	228	22	151	19.3	66.2	0.88
1860	chr2	167190545	167191771	CpG: 133	1226	133	824	21.7	67.2	1.01
1861	chr2	167263245	167263902	CpG: 62	657	62	443	18.9	67.4	0.83
1861	chr2	167334277	167335087	CpG: 81	810	81	532	20	65.7	0.93
1861	chr2	167345203	167346169	CpG: 99	966	99	625	20.5	64.7	0.98
1862	chr2	167379787	167380890	CpG: 106	1103	106	767	19.2	69.5	0.8
1862	chr2	167439262	167439542	CpG: 28	280	28	203	20	72.5	0.76
1862	chr2	167473276	167474253	CpG: 96	977	96	625	19.7	64	0.97
1862	chr2	167502958	167503827	CpG: 104	869	104	568	23.9	65.4	1.13
1863	chr2	167530472	167532104	CpG: 219	1632	219	1084	26.8	66.4	1.22
1863	chr2	167619375	167619646	CpG: 22	271	22	188	16.2	69.4	0.69
1864	chr2	167737031	167737284	CpG: 27	253	27	160	21.3	63.2	1.07
1865	chr2	167773913	167774654	CpG: 100	741	100	538	27	72.6	1.03
1865	chr2	167892201	167892528	CpG: 39	327	39	235	23.9	71.9	0.93
1866	chr2	167922440	167923479	CpG: 99	1039	99	603	19.1	58	1.14
1866	chr2	167940367	167940793	CpG: 34	426	34	257	16	60.3	0.88
1866	chr2	167959175	167959548	CpG: 44	373	44	268	23.6	71.8	0.92
1867	chr2	168048278	168049400	CpG: 142	1122	142	829	25.3	73.9	0.95
1867	chr2	168071664	168073658	CpG: 229	1994	229	1340	23	67.2	1.02
1867	chr2	168104712	168105044	CpG: 29	332	29	214	17.5	64.5	0.84
1867	chr2	168110438	168111149	CpG: 50	711	50	444	14.1	62.4	0.72
1867	chr2	168122579	168123043	CpG: 56	464	56	340	24.1	73.3	0.9
1867	chr2	168123145	168123530	CpG: 26	385	26	240	13.5	62.3	0.74
1869	chr2	168412669	168413444	CpG: 63	775	63	521	16.3	67.2	0.76
1870	chr2	168432050	168432366	CpG: 42	316	42	240	26.6	75.9	0.98
1870	chr2	168443113	168444020	CpG: 75	907	75	550	16.5	60.6	0.9
1871	chr2	168583301	168584160	CpG: 132	859	132	687	30.7	80	1
1871	chr2	168592007	168592345	CpG: 24	338	24	214	14.2	63.3	0.71
1871	chr2	168594343	168594564	CpG: 19	221	19	136	17.2	61.5	0.91
1871	chr2	168597849	168598159	CpG: 23	310	23	193	14.8	62.3	0.77
1871	chr2	168606975	168607192	CpG: 23	217	23	147	21.2	67.7	0.92
1871	chr2	168607671	168609051	CpG: 110	1380	110	891	15.9	64.6	0.76
1872	chr2	168735909	168736253	CpG: 23	344	23	216	13.4	62.8	0.68
1872	chr2	168754114	168754463	CpG: 39	349	39	247	22.3	70.8	0.89
1872	chr2	168768247	168768626	CpG: 30	379	30	231	15.8	60.9	0.85
1872	chr2	168777106	168777430	CpG: 34	324	34	210	21	64.8	1.01
1872	chr2	168796809	168797516	CpG: 50	707	50	463	14.1	65.5	0.67
1877	chr2	169409121	169409375	CpG: 20	254	20	153	15.7	60.2	0.94
1877	chr2	169475508	169475827	CpG: 32	319	32	229	20.1	71.8	0.79
1881	chr2	169972366	169973442	CpG: 147	1076	147	795	27.3	73.9	1.01
1881	chr2	169975376	169975648	CpG: 22	272	22	156	16.2	57.4	0.98
1884	chr2	170337992	170338719	CpG: 49	727	49	442	13.5	60.8	0.73
1884	chr2	170339226	170339468	CpG: 24	242	24	169	19.8	69.8	0.81
1884	chr2	170353297	170353806	CpG: 54	509	54	330	21.2	64.8	1.01
1896	chr2	171883983	171884325	CpG: 31	342	31	219	18.1	64	0.88
1896	chr2	171884636	171885397	CpG: 61	761	61	476	16	62.5	0.82
1898	chr2	172187249	172187820	CpG: 50	571	50	399	17.5	69.9	0.72
1898	chr2	172212516	172213253	CpG: 71	737	71	473	19.3	64.2	0.94
1899	chr2	172282236	172282710	CpG: 42	474	42	291	17.7	61.4	0.94
1900	chr2	172390676	172390894	CpG: 19	218	19	146	17.4	67	0.78
1900	chr2	172391301	172393753	CpG: 191	2452	191	1510	15.6	61.6	0.82
1901	chr2	172569994	172570648	CpG: 63	654	63	432	19.3	66.1	0.91
1903	chr2	172780722	172782456	CpG: 151	1734	151	1146	17.4	66.1	0.8
1903	chr2	172821547	172821923	CpG: 40	376	40	265	21.3	70.5	0.86
1903	chr2	172841734	172842525	CpG: 85	791	85	545	21.5	68.9	0.91
1903	chr2	172863449	172864064	CpG: 79	615	79	412	25.7	67	1.15
1905	chr2	173117316	173118574	CpG: 135	1258	135	738	21.5	58.7	1.25
1908	chr2	173419856	173420231	CpG: 44	375	44	278	23.5	74.1	0.87
1908	chr2	173427341	173428684	CpG: 116	1343	116	753	17.3	56.1	1.13
1908	chr2	173501195	173502132	CpG: 76	937	76	609	16.2	65	0.77
1909	chr2	173579514	173579755	CpG: 21	241	21	159	17.4	66	0.8
1911	chr2	173917941	173918709	CpG: 49	768	49	486	12.8	63.3	0.68
1912	chr2	173951816	173952624	CpG: 78	808	78	557	19.3	68.9	0.82
1912	chr2	173962769	173963020	CpG: 18	251	18	162	14.3	64.5	0.7
1913	chr2	174126440	174127183	CpG: 64	743	64	458	17.2	61.6	0.92
1913	chr2	174127804	174128014	CpG: 21	210	21	137	20	65.2	0.94
1913	chr2	174139055	174139325	CpG: 25	270	25	166	18.5	61.5	0.98
1913	chr2	174140256	174142437	CpG: 167	2181	167	1437	15.3	65.9	0.71
1913	chr2	174142539	174142752	CpG: 16	213	16	121	15	56.8	0.94
1913	chr2	174169086	174172938	CpG: 327	3852	327	2311	17	60	0.94
1914	chr2	174257601	174257816	CpG: 25	215	25	141	23.3	65.6	1.11
1914	chr2	174280533	174280870	CpG: 35	337	35	240	20.8	71.2	0.85
1914	chr2	174298924	174299245	CpG: 22	321	22	190	13.7	59.2	0.82
1914	chr2	174305644	174306089	CpG: 45	445	45	307	20.2	69	0.85
1914	chr2	174314343	174315001	CpG: 66	658	66	429	20.1	65.2	0.95
1917	chr2	174602370	174602891	CpG: 46	521	46	360	17.7	69.1	0.74
1941	chr2	177760918	177761232	CpG: 28	314	28	222	17.8	70.7	0.71
1941	chr2	177784103	177784439	CpG: 30	336	30	238	17.9	70.8	0.71
1943	chr2	178049018	178049443	CpG: 37	425	37	255	17.4	60	1
1943	chr2	178055186	178056495	CpG: 143	1309	143	907	21.8	69.3	0.91
1950	chr2	178935345	178935547	CpG: 16	202	16	108	15.8	53.5	1.11
1951	chr2	179084068	179085551	CpG: 179	1483	179	1031	24.1	69.5	1
1955	chr2	179617081	179619030	CpG: 216	1949	216	1212	22.2	62.2	1.15
1955	chr2	179666102	179667624	CpG: 133	1522	133	895	17.5	58.8	1.01
1955	chr2	179683592	179685212	CpG: 183	1620	183	1106	22.6	68.3	0.97
1956	chr2	179712314	179712584	CpG: 33	270	33	186	24.4	68.9	1.08
1956	chr2	179745113	179746573	CpG: 129	1460	129	955	17.7	65.4	0.83
1956	chr2	179761202	179761699	CpG: 70	497	70	381	28.2	76.7	0.98
1956	chr2	179813036	179813874	CpG: 115	838	115	626	27.4	74.7	0.99
1957	chr2	179866802	179867870	CpG: 92	1068	92	741	17.2	69.4	0.72
1957	chr2	179898789	179899642	CpG: 61	853	61	508	14.3	59.6	0.81
1957	chr2	179914862	179915565	CpG: 70	703	70	421	19.9	59.9	1.11
1958	chr2	179975470	179976804	CpG: 117	1334	117	882	17.5	66.1	0.81
1959	chr2	180098074	180098798	CpG: 57	724	57	463	15.7	64	0.82
1959	chr2	180141673	180142104	CpG: 37	431	37	287	17.2	66.6	0.78
1960	chr2	180224387	180224835	CpG: 54	448	54	322	24.1	71.9	0.94
1960	chr2	180231019	180231582	CpG: 64	563	64	394	22.7	70	0.94
1960	chr2	180239893	180240280	CpG: 37	387	37	255	19.1	65.9	0.89
1960	chr2	180283737	180284713	CpG: 139	976	139	676	28.5	69.3	1.21
1960	chr2	180343340	180343989	CpG: 68	649	68	414	21	63.8	1.05
1960	chr2	180351443	180352517	CpG: 97	1074	97	619	18.1	57.6	1.09
1961	chr2	180417840	180418855	CpG: 120	1015	120	702	23.6	69.2	0.99
1962	chr2	180533293	180533530	CpG: 19	237	19	148	16	62.4	0.83
1962	chr2	180534577	180536392	CpG: 147	1815	147	1018	16.2	56.1	1.03
1962	chr2	180562135	180562929	CpG: 94	794	94	542	23.7	68.3	1.02
1962	chr2	180596200	180596434	CpG: 19	234	19	151	16.2	64.5	0.8
1962	chr2	180608761	180609525	CpG: 60	764	60	502	15.7	65.7	0.74
1963	chr2	180670714	180670943	CpG: 19	229	19	137	16.6	59.8	1.01
1963	chr2	180680669	180681373	CpG: 68	704	68	470	19.3	66.8	0.87
1964	chr2	180776420	180777132	CpG: 103	712	103	527	28.9	74	1.06
1964	chr2	180789737	180789966	CpG: 26	229	26	152	22.7	66.4	1.03
1964	chr2	180798498	180798851	CpG: 32	353	32	200	18.1	56.7	1.16
1964	chr2	180829038	180829728	CpG: 58	690	58	458	16.8	66.4	0.76
1965	chr2	181006527	181007385	CpG: 70	858	70	542	16.3	63.2	0.82
1965	chr2	181007720	181007958	CpG: 18	238	18	142	15.1	59.7	0.86
1966	chr2	181100295	181102324	CpG: 168	2029	168	1183	16.6	58.3	0.98
1966	chr2	181136197	181136421	CpG: 19	224	19	134	17	59.8	0.95
1966	chr2	181138910	181139327	CpG: 38	417	38	274	18.2	65.7	0.85
1967	chr2	181162007	181162769	CpG: 84	762	84	531	22	69.7	0.91
1967	chr2	181223552	181223853	CpG: 33	301	33	215	21.9	71.4	0.86
1967	chr2	181234124	181234741	CpG: 82	617	82	451	26.6	73.1	1.01
1967	chr2	181240536	181241079	CpG: 62	543	62	384	22.8	70.7	0.92
1967	chr2	181242770	181243311	CpG: 48	541	48	316	17.7	58.4	1.04
1968	chr2	181312084	181313524	CpG: 144	1440	144	963	20	66.9	0.9
1968	chr2	181321936	181322491	CpG: 53	555	53	344	19.1	62	1
1968	chr2	181335266	181335931	CpG: 65	665	65	451	19.5	67.8	0.85
1968	chr2	181339035	181339262	CpG: 19	227	19	132	16.7	58.1	1
1969	chr2	181479661	181479890	CpG: 22	229	22	141	19.2	61.6	1.03
1969	chr2	181505982	181506514	CpG: 40	532	40	325	15	61.1	0.81
610	chr3	3374100	3374308	CpG: 16	208	16	130	15.4	62.5	0.83
625	chr3	5284378	5284938	CpG: 47	560	47	329	16.8	58.8	0.98
628	chr3	5640855	5641637	CpG: 80	782	80	500	20.5	63.9	1.01
641	chr3	7431510	7431855	CpG: 33	345	33	232	19.1	67.2	0.85
642	chr3	7568395	7568805	CpG: 52	410	52	310	25.4	75.6	0.9
643	chr3	7677933	7678225	CpG: 27	292	27	199	18.5	68.2	0.8
649	chr3	8392325	8392571	CpG: 27	246	27	180	22	73.2	0.82
650	chr3	8527823	8528118	CpG: 27	295	27	200	18.3	67.8	0.8
651	chr3	8729717	8730114	CpG: 39	397	39	262	19.6	66	0.91
651	chr3	8731722	8732807	CpG: 98	1085	98	636	18.1	58.6	1.05
652	chr3	8832029	8832254	CpG: 18	225	18	135	16	60	0.9
652	chr3	8832635	8832875	CpG: 26	240	26	174	21.7	72.5	0.83
652	chr3	8870827	8871053	CpG: 16	226	16	135	14.2	59.7	0.79
653	chr3	8988516	8989024	CpG: 58	508	58	350	22.8	68.9	0.97
654	chr3	9069169	9069703	CpG: 79	534	79	400	29.6	74.9	1.11
656	chr3	9315227	9316708	CpG: 200	1481	200	1063	27	71.8	1.05
657	chr3	9515863	9517340	CpG: 121	1477	121	1001	16.4	67.8	0.72
658	chr3	9674040	9675257	CpG: 183	1217	183	932	30.1	76.6	1.04
660	chr3	9898150	9898761	CpG: 70	611	70	418	22.9	68.4	0.98
661	chr3	10033686	10033936	CpG: 18	250	18	148	14.4	59.2	0.82
661	chr3	10077329	10077668	CpG: 32	339	32	239	18.9	70.5	0.76
664	chr3	10396062	10396541	CpG: 50	479	50	315	20.9	65.8	0.97
664	chr3	10416202	10416586	CpG: 40	384	40	283	20.8	73.7	0.77
664	chr3	10431901	10432187	CpG: 22	286	22	191	15.4	66.8	0.69
665	chr3	10504564	10505218	CpG: 74	654	74	465	22.6	71.1	0.9
688	chr3	13536649	13536929	CpG: 35	280	35	184	25	65.7	1.17
688	chr3	13537866	13538432	CpG: 56	566	56	385	19.8	68	0.87
696	chr3	14598825	14599150	CpG: 33	325	33	220	20.3	67.7	0.9
696	chr3	14643510	14644287	CpG: 95	777	95	527	24.5	67.8	1.06
696	chr3	14676092	14676798	CpG: 57	706	57	440	16.1	62.3	0.84
697	chr3	14706708	14706914	CpG: 23	206	23	154	22.3	74.8	0.8
699	chr3	14951198	14952085	CpG: 88	887	88	600	19.8	67.6	0.87
708	chr3	16237160	16237994	CpG: 95	834	95	554	22.8	66.4	1.04
721	chr3	17840332	17841260	CpG: 79	928	79	637	17	68.6	0.72
721	chr3	17848816	17849102	CpG: 22	286	22	187	15.4	65.4	0.76
723	chr3	18108577	18110049	CpG: 153	1472	153	957	20.8	65	0.98
724	chr3	18297172	18297397	CpG: 23	225	23	156	20.4	69.3	0.87
731	chr3	19216865	19217223	CpG: 45	358	45	258	25.1	72.1	0.97
731	chr3	19242193	19242737	CpG: 51	544	51	358	18.8	65.8	0.87
732	chr3	19364857	19366012	CpG: 150	1155	150	797	26	69	1.09
735	chr3	19748196	19748677	CpG: 48	481	48	333	20	69.2	0.84
737	chr3	19948798	19949659	CpG: 65	861	65	530	15.1	61.6	0.8
738	chr3	20089191	20089536	CpG: 38	345	38	239	22	69.3	0.94
738	chr3	20111791	20112359	CpG: 47	568	47	349	16.5	61.4	0.88
739	chr3	20208824	20209391	CpG: 69	567	69	419	24.3	73.9	0.89
777	chr3	25197840	25198583	CpG: 104	743	104	536	28	72.1	1.08
786	chr3	26385508	26386075	CpG: 54	567	54	389	19	68.6	0.81
788	chr3	26656185	26656505	CpG: 25	320	25	216	15.6	67.5	0.69
792	chr3	27207562	27208217	CpG: 58	655	58	418	17.7	63.8	0.87
792	chr3	27237026	27237435	CpG: 37	409	37	262	18.1	64.1	0.89
794	chr3	27425831	27426695	CpG: 82	864	82	571	19	66.1	0.88
796	chr3	27764122	27765310	CpG: 146	1188	146	904	24.6	76.1	0.85
798	chr3	27992622	27993264	CpG: 59	642	59	439	18.4	68.4	0.8
801	chr3	28316688	28316994	CpG: 24	306	24	190	15.7	62.1	0.82
801	chr3	28317510	28317840	CpG: 39	330	39	225	23.6	68.2	1.02
100	chr3	28835181	28835970	CpG: 75	789	75	510	19	64.6	0.94
805	chr3	28859462	28859908	CpG: 60	446	60	293	26.9	65.7	1.25
807	chr3	29136538	29137167	CpG: 59	629	59	421	18.8	66.9	0.84
818	chr3	30561776	30563526	CpG: 141	1750	141	1136	16.1	64.9	0.77
818	chr3	30568303	30569414	CpG: 94	1111	94	655	16.9	59	0.98
818	chr3	30649331	30649780	CpG: 38	449	38	252	16.9	56.1	1.07
818	chr3	30653869	30654136	CpG: 20	267	20	172	15	64.4	0.72
818	chr3	30656499	30657165	CpG: 59	666	59	436	17.7	65.5	0.84
820	chr3	30847108	30848084	CpG: 112	976	112	590	23	60.5	1.26
820	chr3	30909982	30910552	CpG: 57	570	57	378	20	66.3	0.93
821	chr3	31022831	31023655	CpG: 79	824	79	562	19.2	68.2	0.83
821	chr3	31049824	31050354	CpG: 70	530	70	393	26.4	74.2	1
822	chr3	31147862	31148081	CpG: 18	219	18	126	16.4	57.5	0.99
822	chr3	31148240	31149844	CpG: 180	1604	180	1057	22.4	65.9	1.06
823	chr3	31203857	31204373	CpG: 44	516	44	342	17.1	66.3	0.78
823	chr3	31263213	31263495	CpG: 19	282	19	158	13.5	56	0.86
824	chr3	31363627	31364204	CpG: 46	577	46	378	15.9	65.5	0.76
832	chr3	32419439	32419969	CpG: 51	530	51	274	19.2	51.7	1.45
832	chr3	32451021	32452089	CpG: 101	1068	101	637	18.9	59.6	1.07
833	chr3	32564480	32565066	CpG: 51	586	51	366	17.4	62.5	0.89
833	chr3	32583528	32583990	CpG: 34	462	34	275	14.7	59.5	0.83
834	chr3	32670409	32671082	CpG: 74	673	74	440	22	65.4	1.06
834	chr3	32762520	32763551	CpG: 103	1031	103	687	20	66.6	0.9
835	chr3	32790449	32791696	CpG: 89	1247	89	767	14.3	61.5	0.76
835	chr3	32871466	32872108	CpG: 74	642	74	461	23.1	71.8	0.89
838	chr3	33197025	33197512	CpG: 87	487	87	392	35.7	80.5	1.1
843	chr3	33853859	33854522	CpG: 70	663	70	449	21.1	67.7	0.93
844	chr3	34073692	34074968	CpG: 115	1276	115	701	18	54.9	1.21
845	chr3	34135260	34135556	CpG: 38	296	38	202	25.7	68.2	1.11
848	chr3	34508346	34508567	CpG: 19	221	19	126	17.2	57	1.13
849	chr3	34696152	34696520	CpG: 31	368	31	217	16.8	59	0.97
849	chr3	34702978	34703190	CpG: 23	212	23	152	21.7	71.7	0.86
849	chr3	34703882	34704108	CpG: 23	226	23	145	20.4	64.2	0.99
849	chr3	34704336	34705515	CpG: 114	1179	114	764	19.3	64.8	0.93
849	chr3	34717527	34718622	CpG: 77	1095	77	641	14.1	58.5	0.82
851	chr3	34948769	34948975	CpG: 20	206	20	127	19.4	61.7	1.03
852	chr3	35013334	35013545	CpG: 14	211	14	116	13.3	55	0.88
858	chr3	35808020	35808870	CpG: 90	850	90	533	21.2	62.7	1.11
859	chr3	35986491	35987303	CpG: 119	812	119	635	29.3	78.2	0.96
860	chr3	36054572	36054828	CpG: 27	256	27	166	21.1	64.8	1.04
860	chr3	36120097	36120552	CpG: 36	455	36	272	15.8	59.8	0.9
861	chr3	36205263	36205661	CpG: 39	398	39	282	19.6	70.9	0.8
864	chr3	36606634	36607003	CpG: 36	369	36	231	19.5	62.6	1
864	chr3	36625540	36626465	CpG: 106	925	106	631	22.9	68.2	0.99
864	chr3	36667288	36667732	CpG: 40	444	40	309	18	69.6	0.74
865	chr3	36725302	36725818	CpG: 37	516	37	323	14.3	62.6	0.74
865	chr3	36743636	36744309	CpG: 83	673	83	477	24.7	70.9	0.99
866	chr3	36917150	36917536	CpG: 39	386	39	268	20.2	69.4	0.87
868	chr3	37117649	37118012	CpG: 46	363	46	270	25.3	74.4	0.92
870	chr3	37366578	37366951	CpG: 39	373	39	262	20.9	70.2	0.86
870	chr3	37402723	37403269	CpG: 64	546	64	406	23.4	74.4	0.85
870	chr3	37473300	37475094	CpG: 167	1794	167	1127	18.6	62.8	0.95
872	chr3	37693895	37695298	CpG: 181	1403	181	955	25.8	68.1	1.11
872	chr3	37723160	37723499	CpG: 23	339	23	175	13.6	51.6	1.06
878	chr3	38510039	38510377	CpG: 25	338	25	210	14.8	62.1	0.77
879	chr3	38538526	38539148	CpG: 70	622	70	467	22.5	75.1	0.86
882	chr3	38939199	38942476	CpG: 251	3277	251	2065	15.3	63	0.77
894	chr3	40585658	40586163	CpG: 46	505	46	350	18.2	69.3	0.76
894	chr3	40594842	40595242	CpG: 38	400	38	277	19	69.2	0.79
895	chr3	40663128	40663671	CpG: 48	543	48	344	17.7	63.4	0.88
895	chr3	40699451	40700294	CpG: 86	843	86	502	20.4	59.5	1.15
895	chr3	40754302	40755173	CpG: 86	871	86	569	19.7	65.3	0.94
896	chr3	40800950	40801567	CpG: 52	617	52	409	16.9	66.3	0.77
896	chr3	40848257	40848954	CpG: 59	697	59	459	16.9	65.9	0.78
897	chr3	40903740	40905380	CpG: 180	1640	180	1040	22	63.4	1.09
898	chr3	41036855	41038104	CpG: 129	1249	129	817	20.7	65.4	0.97
901	chr3	41517824	41520381	CpG: 253	2557	253	1624	19.8	63.5	1
903	chr3	41696605	41697110	CpG: 77	505	77	377	30.5	74.7	1.1
930	chr3	45331133	45331752	CpG: 48	619	48	333	15.5	53.8	1.08
930	chr3	45332601	45332834	CpG: 23	233	23	149	19.7	63.9	0.97
930	chr3	45334088	45336118	CpG: 154	2030	154	1173	15.2	57.8	0.91
961	chr3	49337043	49337247	CpG: 17	204	17	118	16.7	57.8	1.03
975	chr3	51131875	51132932	CpG: 124	1057	124	713	23.5	67.5	1.04
975	chr3	51183375	51185091	CpG: 190	1716	190	1151	22.1	67.1	0.99
121	chr3	51247186	51249419	CpG: 268	2233	268	1539	24	68.9	1.03
976	chr3	51266206	51266585	CpG: 30	379	30	241	15.8	63.6	0.79
976	chr3	51303797	51304040	CpG: 21	243	21	172	17.3	70.8	0.69
976	chr3	51316152	51316454	CpG: 32	302	32	205	21.2	67.9	0.92
976	chr3	51323212	51324306	CpG: 121	1094	121	745	22.1	68.1	0.96
977	chr3	51391200	51392110	CpG: 102	910	102	623	22.4	68.5	0.96
977	chr3	51467004	51468526	CpG: 125	1522	125	936	16.4	61.5	0.87
978	chr3	51608915	51609117	CpG: 19	202	19	138	18.8	68.3	0.81
981	chr3	51915096	51915306	CpG: 16	210	16	132	15.2	62.9	0.78
981	chr3	52009411	52010019	CpG: 57	608	57	434	18.8	71.4	0.76
983	chr3	52175031	52177481	CpG: 237	2450	237	1534	19.3	62.6	0.99
988	chr3	52924292	52924726	CpG: 41	434	41	281	18.9	64.7	0.9
988	chr3	52948781	52949226	CpG: 51	445	51	322	22.9	72.4	0.88
992	chr3	53370483	53371430	CpG: 87	947	87	606	18.4	64	0.9
992	chr3	53386215	53386513	CpG: 20	298	20	198	13.4	66.4	0.69
993	chr3	53564037	53564749	CpG: 58	712	58	450	16.3	63.2	0.82
995	chr3	53771042	53771300	CpG: 33	258	33	171	25.6	66.3	1.17
997	chr3	54063397	54063715	CpG: 24	318	24	206	15.1	64.8	0.74
1001	chr3	54540678	54541146	CpG: 34	468	34	294	14.5	62.8	0.74
1001	chr3	54599907	54600480	CpG: 58	573	58	374	20.2	65.3	0.95
1001	chr3	54642023	54643125	CpG: 112	1102	112	684	20.3	62.1	1.06
1002	chr3	54662936	54663232	CpG: 38	296	38	220	25.7	74.3	0.93
1002	chr3	54693552	54693771	CpG: 16	219	16	137	14.6	62.6	0.84
1002	chr3	54701668	54701893	CpG: 17	225	17	137	15.1	60.9	0.82
1002	chr3	54714595	54715324	CpG: 92	729	92	510	25.2	70	1.04
1002	chr3	54718579	54718826	CpG: 29	247	29	158	23.5	64	1.2
1003	chr3	54823177	54823488	CpG: 33	311	33	220	21.2	70.7	0.86
1004	chr3	54962421	54963094	CpG: 78	673	78	492	23.2	73.1	0.88
1004	chr3	55019441	55019783	CpG: 40	342	40	256	23.4	74.9	0.86
1005	chr3	55149971	55150356	CpG: 35	385	35	271	18.2	70.4	0.74
1009	chr3	55687627	55688102	CpG: 37	475	37	284	15.6	59.8	0.88
1009	chr3	55690221	55690800	CpG: 36	579	36	340	12.4	58.7	0.72
1009	chr3	55694925	55695221	CpG: 29	296	29	191	19.6	64.5	0.95
1012	chr3	56090223	56091542	CpG: 170	1319	170	962	25.8	72.9	0.98
1020	chr3	57044372	57044631	CpG: 18	259	18	171	13.9	66	0.64
1023	chr3	57482289	57483218	CpG: 79	929	79	614	17	66.1	0.79
1023	chr3	57483613	57483985	CpG: 27	372	27	218	14.5	58.6	0.85
1024	chr3	57558845	57559228	CpG: 34	383	34	243	17.8	63.4	0.89
1024	chr3	57643041	57643767	CpG: 55	726	55	460	15.2	63.4	0.75
1025	chr3	57754276	57755526	CpG: 140	1250	140	855	22.4	68.4	0.96
1029	chr3	58322330	58324628	CpG: 229	2298	229	1547	19.9	67.3	0.88
1030	chr3	58432830	58433567	CpG: 84	737	84	488	22.8	66.2	1.04
1031	chr3	58484010	58484737	CpG: 80	727	80	476	22	65.5	1.03
1031	chr3	58544006	58544229	CpG: 17	223	17	147	15.2	65.9	0.71
1032	chr3	58598990	58600047	CpG: 130	1057	130	708	24.6	67	1.1
1034	chr3	58912798	58914951	CpG: 211	2153	211	1408	19.6	65.4	0.92
1045	chr3	60408570	60409131	CpG: 87	561	87	436	31	77.7	1.03
1049	chr3	60910004	60910821	CpG: 86	817	86	567	21.1	69.4	0.87
1052	chr3	61271894	61273086	CpG: 123	1192	123	797	20.6	66.9	0.93
1059	chr3	62246139	62247395	CpG: 121	1256	121	814	19.3	64.8	0.92
1061	chr3	62414036	62414595	CpG: 48	559	48	311	17.2	55.6	1.11
1061	chr3	62511114	62511498	CpG: 30	384	30	249	15.6	64.8	0.75
1067	chr3	63202996	63203508	CpG: 57	512	57	377	22.3	73.6	0.84
1071	chr3	63806105	63806582	CpG: 36	477	36	294	15.1	61.6	0.8
1071	chr3	63812761	63812969	CpG: 18	208	18	143	17.3	68.8	0.73
1072	chr3	63836530	63836884	CpG: 40	354	40	258	22.6	72.9	0.86
1072	chr3	63871400	63872285	CpG: 79	885	79	562	17.9	63.5	0.89
1072	chr3	63883478	63884008	CpG: 52	530	52	359	19.6	67.7	0.87
1083	chr3	65299696	65300166	CpG: 46	470	46	272	19.6	57.9	1.18
1084	chr3	65435135	65436888	CpG: 198	1753	198	1196	22.6	68.2	0.98
1085	chr3	65566293	65567038	CpG: 67	745	67	463	18	62.1	0.94
1085	chr3	65573452	65574153	CpG: 71	701	71	458	20.3	65.3	0.95
1087	chr3	65864873	65866017	CpG: 115	1144	115	646	20.1	56.5	1.26
1087	chr3	65882008	65882423	CpG: 36	415	36	269	17.3	64.8	0.83
1088	chr3	66019857	66020085	CpG: 15	228	15	135	13.2	59.2	0.76
1089	chr3	66128062	66128487	CpG: 51	425	51	309	24	72.7	0.92
1095	chr3	66880792	66881034	CpG: 28	242	28	168	23.1	69.4	0.99
1095	chr3	66885546	66885771	CpG: 17	225	17	125	15.1	55.6	0.98
1095	chr3	66886087	66886379	CpG: 25	292	25	186	17.1	63.7	0.85
1095	chr3	66888177	66888946	CpG: 70	769	70	437	18.2	56.8	1.17
1095	chr3	66892929	66893470	CpG: 55	541	55	374	20.3	69.1	0.87
1098	chr3	67281274	67281690	CpG: 48	416	48	278	23.1	66.8	1.03
1098	chr3	67337374	67337903	CpG: 38	529	38	339	14.4	64.1	0.7
137	chr3	67370996	67371350	CpG: 28	354	28	237	15.8	66.9	0.71
1099	chr3	67422383	67422960	CpG: 62	577	62	392	21.5	67.9	0.93
1099	chr3	67489938	67490414	CpG: 48	476	48	319	20.2	67	0.9
1106	chr3	68401077	68402679	CpG: 131	1602	131	984	16.4	61.4	0.87
1107	chr3	68479669	68479922	CpG: 20	253	20	171	15.8	67.6	0.7
1109	chr3	68776490	68777869	CpG: 159	1379	159	953	23.1	69.1	0.97
1110	chr3	68912153	68913652	CpG: 134	1499	134	977	17.9	65.2	0.84
1111	chr3	68951702	68952609	CpG: 100	907	100	576	22.1	63.5	1.09
1111	chr3	69033665	69034656	CpG: 98	991	98	568	19.8	57.3	1.21
1113	chr3	69223608	69225379	CpG: 141	1771	141	997	15.9	56.3	1.01
1116	chr3	69629204	69630068	CpG: 83	864	83	553	19.2	64	0.94
1141	chr3	72964743	72965125	CpG: 36	382	36	235	18.8	61.5	1.02
1160	chr3	75463648	75464203	CpG: 48	555	48	377	17.3	67.9	0.79
1163	chr3	75854022	75854282	CpG: 19	260	19	162	14.6	62.3	0.75
1163	chr3	75863483	75864441	CpG: 90	958	90	640	18.8	66.8	0.85
1186	chr3	78874186	78874521	CpG: 38	335	38	222	22.7	66.3	1.04
1187	chr3	78973879	78974086	CpG: 22	207	22	154	21.3	74.4	0.77
1189	chr3	79193747	79194899	CpG: 153	1152	153	835	26.6	72.5	1.01
1191	chr3	79474719	79475569	CpG: 70	850	70	530	16.5	62.4	0.92
1191	chr3	79498540	79499042	CpG: 48	502	48	326	19.1	64.9	0.91
1191	chr3	79535902	79536681	CpG: 53	779	53	464	13.6	59.6	0.77
1201	chr3	80820769	80821067	CpG: 41	298	41	196	27.5	65.8	1.28
1202	chr3	80943979	80945002	CpG: 81	1023	81	672	15.8	65.7	0.75
1210	chr3	81981092	81981441	CpG: 32	349	32	235	18.3	67.3	0.81
1212	chr3	82265345	82265777	CpG: 45	432	45	305	20.8	70.6	0.85
1216	chr3	82783184	82784009	CpG: 97	825	97	574	23.5	69.6	0.97
1216	chr3	82811056	82811809	CpG: 53	753	53	445	14.1	59.1	0.81
1217	chr3	82962558	82962950	CpG: 45	392	45	261	23	66.6	1.07
1218	chr3	83034548	83034866	CpG: 26	318	26	192	16.4	60.4	0.94
1218	chr3	83035287	83036542	CpG: 117	1255	117	825	18.6	65.7	0.87
1223	chr3	83671500	83671850	CpG: 28	350	28	212	16	60.6	0.88
1223	chr3	83673238	83674337	CpG: 104	1099	104	725	18.9	66	0.88
1223	chr3	83697084	83697349	CpG: 32	265	32	187	24.2	70.6	0.97
1223	chr3	83748697	83748981	CpG: 23	284	23	198	16.2	69.7	0.67
1225	chr3	83946671	83948060	CpG: 129	1389	129	886	18.6	63.8	0.91
1226	chr3	84062734	84063152	CpG: 45	418	45	298	21.5	71.3	0.86
1226	chr3	84097790	84098415	CpG: 48	625	48	378	15.4	60.5	0.84
1227	chr3	84166544	84167227	CpG: 75	683	75	456	22	66.8	1
1228	chr3	84386619	84388198	CpG: 143	1579	143	1055	18.1	66.8	0.82
1229	chr3	84489646	84490474	CpG: 85	828	85	549	20.5	66.3	0.94
1231	chr3	84721317	84723089	CpG: 151	1772	151	1061	17	59.9	0.95
1239	chr3	85794436	85795238	CpG: 65	802	65	474	16.2	59.1	0.93
1240	chr3	85878320	85878802	CpG: 65	482	65	377	27	78.2	0.89
1241	chr3	86049577	86050076	CpG: 74	499	74	349	29.7	69.9	1.23
1242	chr3	86131064	86132257	CpG: 117	1193	117	780	19.6	65.4	0.92
1244	chr3	86454094	86455101	CpG: 80	1007	80	612	15.9	60.8	0.86
1247	chr3	86826900	86828304	CpG: 156	1404	156	984	22.2	70.1	0.9
1249	chr3	87081539	87081901	CpG: 31	362	31	235	17.1	64.9	0.84
1252	chr3	87432772	87433225	CpG: 61	453	61	340	26.9	75.1	0.98
1252	chr3	87524424	87525105	CpG: 87	681	87	459	25.6	67.4	1.19
1253	chr3	87676190	87676495	CpG: 36	305	36	234	23.6	76.7	0.8
1254	chr3	87691033	87691246	CpG: 16	213	16	132	15	62	0.8
1254	chr3	87702173	87702596	CpG: 53	423	53	318	25.1	75.2	0.9
1254	chr3	87704176	87704381	CpG: 22	205	22	146	21.5	71.2	0.85
1254	chr3	87716702	87716910	CpG: 18	208	18	142	17.3	68.3	0.74
1254	chr3	87813400	87814333	CpG: 126	933	126	686	27	73.5	1
1255	chr3	87826736	87827056	CpG: 23	320	23	166	14.4	51.9	1.08
1255	chr3	87837139	87837893	CpG: 76	754	76	471	20.2	62.5	1.04
1255	chr3	87878327	87879270	CpG: 102	943	102	656	21.6	69.6	0.9
1255	chr3	87904324	87904755	CpG: 48	431	48	292	22.3	67.7	0.97
1255	chr3	87907060	87907776	CpG: 75	716	75	436	20.9	60.9	1.14
1255	chr3	87929830	87931385	CpG: 143	1555	143	1054	18.4	67.8	0.8
1256	chr3	87965589	87965947	CpG: 36	358	36	219	20.1	61.2	1.12
1256	chr3	87989270	87989501	CpG: 23	231	23	157	19.9	68	0.91
1256	chr3	88049461	88050265	CpG: 97	804	97	567	24.1	70.5	0.97
1257	chr3	88085052	88085358	CpG: 32	306	32	192	20.9	62.7	1.07
1257	chr3	88107818	88108594	CpG: 80	776	80	507	20.6	65.3	0.97
1257	chr3	88121768	88122906	CpG: 89	1138	89	749	15.6	65.8	0.72
1257	chr3	88148303	88148720	CpG: 45	417	45	291	21.6	69.8	0.89
1257	chr3	88161756	88162047	CpG: 26	291	26	193	17.9	66.3	0.82
1257	chr3	88204187	88204950	CpG: 51	763	51	431	13.4	56.5	0.85
1258	chr3	88240274	88240545	CpG: 20	271	20	180	14.8	66.4	0.67
1258	chr3	88243337	88244046	CpG: 61	709	61	468	17.2	66	0.82
1258	chr3	88273155	88273372	CpG: 18	217	18	142	16.6	65.4	0.81
1258	chr3	88317138	88317732	CpG: 51	594	51	386	17.2	65	0.82
1259	chr3	88391923	88392430	CpG: 37	507	37	322	14.6	63.5	0.73
1259	chr3	88409962	88410608	CpG: 54	646	54	440	16.7	68.1	0.73
1259	chr3	88438832	88440241	CpG: 115	1409	115	906	16.3	64.3	0.79
1259	chr3	88443543	88444325	CpG: 67	782	67	500	17.1	63.9	0.84
1259	chr3	88460239	88460527	CpG: 20	288	20	173	13.9	60.1	0.78
1259	chr3	88460691	88461606	CpG: 77	915	77	599	16.8	65.5	0.81
1260	chr3	88486909	88487119	CpG: 22	210	22	145	21	69	0.91
1260	chr3	88528327	88529034	CpG: 74	707	74	460	20.9	65.1	0.99
1260	chr3	88551291	88551511	CpG: 21	220	21	159	19.1	72.3	0.73
1260	chr3	88592747	88593904	CpG: 102	1157	102	725	17.6	62.7	0.91
1261	chr3	88624088	88624383	CpG: 22	295	22	198	14.9	67.1	0.7
1261	chr3	88682447	88682768	CpG: 34	321	34	218	21.2	67.9	1
1262	chr3	88742462	88742783	CpG: 33	321	33	217	20.6	67.6	0.98
1262	chr3	88820769	88821395	CpG: 59	626	59	411	18.8	65.7	0.88
1262	chr3	88857202	88858307	CpG: 122	1105	122	675	22.1	61.1	1.19
157	chr3	88997758	88998899	CpG: 98	1141	98	799	17.2	70	0.71
1264	chr3	89008873	89009498	CpG: 41	625	41	358	13.1	57.3	0.8
1264	chr3	89039670	89039942	CpG: 22	272	22	175	16.2	64.3	0.82
1264	chr3	89067042	89067517	CpG: 44	475	44	303	18.5	63.8	0.91
1264	chr3	89071944	89072559	CpG: 67	615	67	407	21.8	66.2	1.04
1264	chr3	89076018	89076220	CpG: 19	202	19	120	18.8	59.4	1.08
1264	chr3	89076733	89076988	CpG: 19	255	19	170	14.9	66.7	0.77
1264	chr3	89084720	89084977	CpG: 21	257	21	161	16.3	62.6	0.84
1264	chr3	89094469	89094786	CpG: 23	317	23	219	14.5	69.1	0.63
1264	chr3	89120966	89121844	CpG: 84	878	84	603	19.1	68.7	0.81
1265	chr3	89134316	89135096	CpG: 53	780	53	477	13.6	61.2	0.73
1265	chr3	89153684	89153946	CpG: 25	262	25	167	19.1	63.7	0.94
1265	chr3	89173664	89173959	CpG: 22	295	22	162	14.9	54.9	1.01
1265	chr3	89188133	89188462	CpG: 26	329	26	205	15.8	62.3	0.84
1265	chr3	89223812	89224055	CpG: 21	243	21	149	17.3	61.3	0.92
1265	chr3	89226934	89229244	CpG: 158	2310	158	1435	13.7	62.1	0.71
1265	chr3	89230168	89230390	CpG: 24	222	24	158	21.6	71.2	0.94
1265	chr3	89244942	89245318	CpG: 41	376	41	278	21.8	73.9	0.8
1265	chr3	89257128	89257794	CpG: 58	666	58	423	17.4	63.5	0.86
1266	chr3	89299179	89299979	CpG: 60	800	60	544	15	68	0.65
1266	chr3	89300349	89300552	CpG: 16	203	16	145	15.8	71.4	0.62
1266	chr3	89303441	89303758	CpG: 30	317	30	221	18.9	69.7	0.85
1266	chr3	89325333	89325657	CpG: 32	324	32	199	19.8	61.4	1.13
1266	chr3	89337466	89338045	CpG: 62	579	62	423	21.4	73.1	0.8
1268	chr3	89622316	89623004	CpG: 66	688	66	443	19.2	64.4	0.93
1269	chr3	89671705	89671959	CpG: 26	254	26	178	20.5	70.1	0.84
1269	chr3	89680420	89681368	CpG: 106	948	106	644	22.4	67.9	0.99
1269	chr3	89738257	89739227	CpG: 126	970	126	703	26	72.5	0.99
1270	chr3	89820102	89820686	CpG: 69	584	69	407	23.6	69.7	0.97
1270	chr3	89867636	89868112	CpG: 43	476	43	332	18.1	69.7	0.76
1270	chr3	89870379	89870785	CpG: 51	406	51	317	25.1	78.1	0.82
1271	chr3	89959355	89960418	CpG: 74	1063	74	533	13.9	50.1	1.11
1271	chr3	89986845	89987755	CpG: 74	910	74	589	16.3	64.7	0.78
1272	chr3	90120687	90121121	CpG: 42	434	42	259	19.4	59.7	1.09
1272	chr3	90128030	90128256	CpG: 16	226	16	150	14.2	66.4	0.65
1272	chr3	90138803	90139304	CpG: 50	501	50	331	20	66.1	0.92
1272	chr3	90155516	90155730	CpG: 19	214	19	140	17.8	65.4	0.83
1272	chr3	90161368	90161570	CpG: 17	202	17	127	16.8	62.9	0.86
1272	chr3	90172419	90173154	CpG: 76	735	76	538	20.7	73.2	0.78
1273	chr3	90200047	90200268	CpG: 16	221	16	123	14.5	55.7	0.94
1273	chr3	90200403	90200724	CpG: 28	321	28	174	17.4	54.2	1.19
1273	chr3	90201016	90201250	CpG: 20	234	20	147	17.1	62.8	0.96
1273	chr3	90296434	90297352	CpG: 93	918	93	610	20.3	66.4	0.92
1274	chr3	90340662	90341107	CpG: 46	445	46	295	20.7	66.3	0.96
1274	chr3	90372053	90373484	CpG: 137	1431	137	889	19.1	62.1	0.99
1274	chr3	90383396	90383844	CpG: 35	448	35	284	15.6	63.4	0.84
1274	chr3	90398113	90398361	CpG: 29	248	29	182	23.4	73.4	0.88
1274	chr3	90416497	90416976	CpG: 46	479	46	306	19.2	63.9	0.94
1286	chr3	91931825	91932310	CpG: 32	485	32	292	13.2	60.2	0.75
1286	chr3	91987900	91989177	CpG: 143	1277	143	945	22.4	74	0.87
1295	chr3	93187559	93187903	CpG: 27	344	27	241	15.7	70.1	0.64
1295	chr3	93188297	93188647	CpG: 26	350	26	244	14.9	69.7	0.61
1295	chr3	93189047	93190142	CpG: 73	1095	73	718	13.3	65.6	0.62
1295	chr3	93190635	93190886	CpG: 21	251	21	174	16.7	69.3	0.7
1295	chr3	93191373	93191624	CpG: 21	251	21	175	16.7	69.7	0.69
161	chr3	93192033	93200085	CpG: 464	8052	464	4727	11.5	58.7	0.67
1297	chr3	93350920	93355258	CpG: 334	4338	334	2620	15.4	60.4	0.89
1297	chr3	93428073	93428289	CpG: 15	216	15	134	13.9	62	0.73
1298	chr3	93462399	93462674	CpG: 27	275	27	192	19.6	69.8	0.83
1303	chr3	94217287	94217649	CpG: 35	362	35	237	19.3	65.5	0.91
1304	chr3	94270755	94271690	CpG: 112	935	112	691	24	73.9	0.88
1304	chr3	94319797	94320818	CpG: 75	1021	75	607	14.7	59.5	0.83
1304	chr3	94350490	94351078	CpG: 52	588	52	392	17.7	66.7	0.8
1305	chr3	94489416	94490041	CpG: 74	625	74	411	23.7	65.8	1.1
1306	chr3	94511817	94512155	CpG: 23	338	23	185	13.6	54.7	0.91
1306	chr3	94565647	94566318	CpG: 68	671	68	439	20.3	65.4	0.95
1307	chr3	94664957	94665628	CpG: 67	671	67	438	20	65.3	0.94
1307	chr3	94686521	94686736	CpG: 18	215	18	133	16.7	61.9	0.88
1307	chr3	94693616	94694299	CpG: 52	683	52	432	15.2	63.3	0.78
1307	chr3	94744641	94745629	CpG: 127	988	127	724	25.7	73.3	0.96
1308	chr3	94793791	94794269	CpG: 49	478	49	311	20.5	65.1	0.97
1308	chr3	94861381	94861809	CpG: 33	428	33	278	15.4	65	0.75
1309	chr3	94922117	94923557	CpG: 97	1440	97	881	13.5	61.2	0.72
1309	chr3	94949646	94949967	CpG: 28	321	28	214	17.4	66.7	0.85
1309	chr3	95013659	95014327	CpG: 48	668	48	412	14.4	61.7	0.78
1310	chr3	95047490	95047792	CpG: 24	302	24	181	15.9	59.9	0.89
1310	chr3	95067622	95068907	CpG: 91	1285	91	821	14.2	63.9	0.69
1310	chr3	95079638	95081114	CpG: 156	1476	156	1038	21.1	70.3	0.86
1310	chr3	95124766	95125415	CpG: 50	649	50	393	15.4	60.6	0.84
1310	chr3	95135930	95136352	CpG: 59	422	59	298	28	70.6	1.12
1311	chr3	95188605	95189134	CpG: 43	529	43	347	16.3	65.6	0.76
1311	chr3	95190610	95190887	CpG: 29	277	29	191	20.9	69	0.88
1311	chr3	95222323	95223004	CpG: 68	681	68	441	20	64.8	0.97
1311	chr3	95264127	95264630	CpG: 51	503	51	350	20.3	69.6	0.88
1312	chr3	95334945	95335254	CpG: 35	309	35	228	22.7	73.8	0.99
1312	chr3	95341654	95342016	CpG: 30	362	30	250	16.6	69.1	0.72
1313	chr3	95466837	95467039	CpG: 20	202	20	135	19.8	66.8	0.89
1314	chr3	95565798	95566848	CpG: 146	1050	146	769	27.8	73.2	1.04
1315	chr3	95726144	95727214	CpG: 82	1070	82	628	15.3	58.7	0.89
1315	chr3	95762986	95763336	CpG: 46	350	46	236	26.3	67.4	1.17
1315	chr3	95778672	95779011	CpG: 33	339	33	218	19.5	64.3	0.95
1315	chr3	95789216	95790250	CpG: 84	1034	84	655	16.2	63.3	0.82
1315	chr3	95801261	95801628	CpG: 34	367	34	247	18.5	67.3	0.82
1316	chr3	95836513	95837723	CpG: 108	1210	108	693	17.9	57.3	1.1
1316	chr3	95858032	95858694	CpG: 48	662	48	390	14.5	58.9	0.84
1316	chr3	95902763	95903565	CpG: 100	802	100	513	24.9	64	1.23
1317	chr3	95965173	95965444	CpG: 24	271	24	166	17.7	61.3	0.94
1317	chr3	96011585	96012214	CpG: 66	629	66	407	21	64.7	1.01
1318	chr3	96079462	96080090	CpG: 47	628	47	393	15	62.6	0.77
1318	chr3	96104258	96104991	CpG: 65	733	65	456	17.7	62.2	0.92
1318	chr3	96127264	96128127	CpG: 84	863	84	531	19.5	61.5	1.03
1318	chr3	96128632	96128886	CpG: 22	254	22	151	17.3	59.4	0.98
1318	chr3	96145843	96147866	CpG: 206	2023	206	1262	20.4	62.4	1.05
1318	chr3	96152547	96154615	CpG: 209	2068	209	1288	20.2	62.3	1.04
1318	chr3	96170299	96170576	CpG: 31	277	31	179	22.4	64.6	1.08
1318	chr3	96175983	96176423	CpG: 54	440	54	301	24.5	68.4	1.05
1318	chr3	96176992	96177422	CpG: 33	430	33	238	15.3	55.3	1
1318	chr3	96185250	96185864	CpG: 43	614	43	362	14	59	0.81
1319	chr3	96235187	96235730	CpG: 56	543	56	366	20.6	67.4	0.96
1319	chr3	96267447	96267686	CpG: 27	239	27	154	22.6	64.4	1.19
1319	chr3	96281083	96281322	CpG: 27	239	27	154	22.6	64.4	1.19
1319	chr3	96309185	96309499	CpG: 32	314	32	203	20.4	64.6	0.98
1319	chr3	96311751	96311969	CpG: 23	218	23	146	21.1	67	0.95
1319	chr3	96321630	96322220	CpG: 51	590	51	354	17.3	60	0.96
1320	chr3	96357213	96357751	CpG: 56	538	56	367	20.8	68.2	0.95
1320	chr3	96358493	96359804	CpG: 115	1311	115	763	17.5	58.2	1.04
1320	chr3	96365463	96366774	CpG: 115	1311	115	763	17.5	58.2	1.04
1320	chr3	96367515	96368053	CpG: 56	538	56	367	20.8	68.2	0.95
1320	chr3	96382174	96382583	CpG: 38	409	38	266	18.6	65	0.89
1320	chr3	96394045	96394444	CpG: 47	399	47	275	23.6	68.9	1.08
1320	chr3	96395635	96396034	CpG: 47	399	47	275	23.6	68.9	1.08
1320	chr3	96464993	96465269	CpG: 24	276	24	190	17.4	68.8	0.74
1321	chr3	96504747	96506131	CpG: 99	1384	99	875	14.3	63.2	0.72
1321	chr3	96508362	96508593	CpG: 22	231	22	166	19	71.9	0.74
1321	chr3	96508720	96508953	CpG: 19	233	19	149	16.3	63.9	0.8
1321	chr3	96537104	96537368	CpG: 23	264	23	152	17.4	57.6	1.1
1321	chr3	96542671	96543192	CpG: 54	521	54	361	20.7	69.3	0.87
1321	chr3	96577378	96577734	CpG: 26	356	26	230	14.6	64.6	0.72
1321	chr3	96592155	96592419	CpG: 27	264	27	178	20.5	67.4	0.94
1322	chr3	96604033	96604779	CpG: 75	746	75	507	20.1	68	0.88
1322	chr3	96615661	96615932	CpG: 27	271	27	189	19.9	69.7	0.82
1322	chr3	96634773	96635457	CpG: 79	684	79	482	23.1	70.5	0.93
1323	chr3	96812089	96812693	CpG: 45	604	45	394	14.9	65.2	0.7
1325	chr3	97065960	97066214	CpG: 18	254	18	148	14.2	58.3	0.84
1325	chr3	97066342	97066743	CpG: 31	401	31	263	15.5	65.6	0.72
1326	chr3	97134201	97134985	CpG: 72	784	72	482	18.4	61.5	1.03
20	chr3	97517216	97517622	CpG: 55	406	55	295	27.1	72.7	1.04
1329	chr3	97565405	97566111	CpG: 74	706	74	500	21	70.8	0.86
1330	chr3	97658998	97659250	CpG: 21	252	21	156	16.7	61.9	0.91
1330	chr3	97675063	97675461	CpG: 37	398	37	266	18.6	66.8	0.83
1330	chr3	97775248	97775680	CpG: 43	432	43	299	19.9	69.2	0.83
1331	chr3	97795757	97796170	CpG: 35	413	35	284	16.9	68.8	0.72
1331	chr3	97808424	97808845	CpG: 35	421	35	265	16.6	62.9	0.85
1332	chr3	97920624	97921336	CpG: 98	712	98	522	27.5	73.3	1.03
1334	chr3	98246477	98246803	CpG: 28	326	28	221	17.2	67.8	0.75
1334	chr3	98289518	98289932	CpG: 35	414	35	278	16.9	67.1	0.75
1335	chr3	98334691	98335980	CpG: 119	1289	119	791	18.5	61.4	0.99
1340	chr3	99048271	99048985	CpG: 52	714	52	415	14.6	58.1	0.87
1341	chr3	99148204	99148897	CpG: 47	693	47	401	13.6	57.9	0.81
1341	chr3	99160946	99161465	CpG: 51	519	51	326	19.7	62.8	1.01
1348	chr3	100069475	100070202	CpG: 73	727	73	489	20.1	67.3	0.89
1350	chr3	100395678	100397040	CpG: 123	1362	123	888	18.1	65.2	0.85
1352	chr3	100592342	100593630	CpG: 171	1288	171	914	26.6	71	1.05
1354	chr3	100829315	100829876	CpG: 42	561	42	353	15	62.9	0.76
1354	chr3	100876719	100877021	CpG: 27	302	27	191	17.9	63.2	0.9
1355	chr3	100963649	100963872	CpG: 17	223	17	130	15.2	58.3	0.9
1355	chr3	100984470	100984689	CpG: 19	219	19	141	17.4	64.4	0.85
1355	chr3	100987595	100987804	CpG: 16	209	16	136	15.3	65.1	0.74
1355	chr3	101016968	101018041	CpG: 114	1073	114	690	21.2	64.3	1.04
1357	chr3	101284126	101284879	CpG: 86	753	86	481	22.8	63.9	1.12
1358	chr3	101358295	101358502	CpG: 22	207	22	134	21.3	64.7	1.02
1359	chr3	101511334	101512518	CpG: 103	1184	103	746	17.4	63	0.88
1361	chr3	101831237	101831941	CpG: 87	704	87	524	24.7	74.4	0.9
1362	chr3	101918986	101920435	CpG: 111	1449	111	919	15.3	63.4	0.77
1364	chr3	102111076	102112081	CpG: 103	1005	103	707	20.5	70.3	0.83
1366	chr3	102377239	102377695	CpG: 37	456	37	290	16.2	63.6	0.83
1368	chr3	102642021	102642834	CpG: 70	813	70	557	17.2	68.5	0.74
1369	chr3	102842690	102843546	CpG: 82	856	82	572	19.2	66.8	0.86
1370	chr3	102902990	102903346	CpG: 53	356	53	259	29.8	72.8	1.15
1370	chr3	102927640	102928438	CpG: 68	798	68	503	17	63	0.88
1370	chr3	102965577	102965835	CpG: 26	258	26	176	20.2	68.2	0.91
1370	chr3	103009711	103010380	CpG: 69	669	69	461	20.6	68.9	0.91
1371	chr3	103078961	103079301	CpG: 40	340	40	225	23.5	66.2	1.1
1372	chr3	103186565	103187900	CpG: 167	1335	167	908	25	68	1.08
1374	chr3	103482494	103483921	CpG: 105	1427	105	898	14.7	62.9	0.75
1376	chr3	103698133	103698882	CpG: 94	749	94	562	25.1	75	0.9
1376	chr3	103716330	103716906	CpG: 56	576	56	351	19.4	60.9	1.06
1377	chr3	103821473	103822436	CpG: 93	963	93	594	19.3	61.7	1.03
1377	chr3	103875332	103876077	CpG: 69	745	69	480	18.5	64.4	0.89
1379	chr3	104126844	104127665	CpG: 100	821	100	549	24.4	66.9	1.09
1381	chr3	104418731	104419474	CpG: 63	743	63	448	17	60.3	0.93
1382	chr3	104545411	104546756	CpG: 123	1345	123	829	18.3	61.6	0.97
1383	chr3	104660292	104660613	CpG: 25	321	25	176	15.6	54.8	1.04
1383	chr3	104665768	104666020	CpG: 22	252	22	164	17.5	65.1	0.83
1383	chr3	104688081	104689190	CpG: 82	1109	82	724	14.8	65.3	0.7
1383	chr3	104695956	104696515	CpG: 47	559	47	399	16.8	71.4	0.66
1383	chr3	104724944	104725455	CpG: 46	511	46	304	18	59.5	1.03
1384	chr3	104771595	104772450	CpG: 67	855	67	543	15.7	63.5	0.78
1385	chr3	104868681	104869824	CpG: 112	1143	112	801	19.6	70.1	0.8
1385	chr3	104875165	104875499	CpG: 42	334	42	244	25.1	73.1	0.96
1385	chr3	104959991	104960212	CpG: 21	221	21	153	19	69.2	0.8
1388	chr3	105359071	105360386	CpG: 128	1315	128	869	19.5	66.1	0.9
1388	chr3	105366225	105366568	CpG: 25	343	25	190	14.6	55.4	0.95
1390	chr3	105594333	105595320	CpG: 114	987	114	664	23.1	67.3	1.02
1390	chr3	105611822	105612083	CpG: 23	261	23	170	17.6	65.1	0.85
1390	chr3	105612510	105612842	CpG: 25	332	25	242	15.1	72.9	0.61
1391	chr3	105708077	105708568	CpG: 69	491	69	364	28.1	74.1	1.02
1392	chr3	105866190	105867133	CpG: 82	943	82	602	17.4	63.8	0.85
1396	chr3	106389710	106390130	CpG: 33	420	33	257	15.7	61.2	0.85
1397	chr3	106454641	106455491	CpG: 81	850	81	565	19.1	66.5	0.87
1398	chr3	106628921	106629814	CpG: 59	893	59	525	13.2	58.8	0.78
1400	chr3	106943158	106944443	CpG: 131	1285	131	835	20.4	65	0.97
1401	chr3	107009660	107009872	CpG: 24	212	24	162	22.6	76.4	0.78
1402	chr3	107186241	107186748	CpG: 52	507	52	317	20.5	62.5	1.09
1403	chr3	107239278	107241433	CpG: 180	2155	180	1299	16.7	60.3	0.93
1403	chr3	107250353	107250570	CpG: 16	217	16	133	14.7	61.3	0.83
1404	chr3	107365522	107367674	CpG: 181	2152	181	1345	16.8	62.5	0.86
1404	chr3	107424431	107425423	CpG: 102	992	102	651	20.6	65.6	0.96
1405	chr3	107490061	107490621	CpG: 57	560	57	333	20.4	59.5	1.16
1405	chr3	107502279	107504406	CpG: 169	2127	169	1349	15.9	63.4	0.79
1405	chr3	107504538	107504846	CpG: 24	308	24	177	15.6	57.5	0.95
1405	chr3	107538551	107539120	CpG: 44	569	44	341	15.5	59.9	0.87
1405	chr3	107603214	107604038	CpG: 93	824	93	572	22.6	69.4	0.95
1406	chr3	107667305	107667602	CpG: 38	297	38	215	25.6	72.4	0.98
1408	chr3	107993556	107994012	CpG: 42	456	42	305	18.4	66.9	0.82
1409	chr3	108053231	108053602	CpG: 40	371	40	248	21.6	66.8	0.97
1409	chr3	108093582	108094052	CpG: 63	470	63	319	26.8	67.9	1.17
1409	chr3	108107783	108108277	CpG: 37	494	37	333	15	67.4	0.67
1409	chr3	108117461	108118224	CpG: 59	763	59	452	15.5	59.2	0.89
1409	chr3	108133154	108134084	CpG: 77	930	77	562	16.6	60.4	0.91
1410	chr3	108147023	108147309	CpG: 28	286	28	177	19.6	61.9	1.02
1410	chr3	108164090	108164890	CpG: 76	800	76	507	19	63.4	0.95
1410	chr3	108190990	108191970	CpG: 123	980	123	720	25.1	73.5	0.93
1411	chr3	108290909	108291266	CpG: 29	357	29	223	16.2	62.5	0.83
1411	chr3	108314161	108314402	CpG: 24	241	24	155	19.9	64.3	1
1411	chr3	108320131	108320390	CpG: 21	259	21	154	16.2	59.5	0.92
1411	chr3	108321537	108321869	CpG: 26	332	26	210	15.7	63.3	0.78
1411	chr3	108322788	108323427	CpG: 80	639	80	428	25	67	1.14
1411	chr3	108352075	108352588	CpG: 38	513	38	323	14.8	63	0.75
1412	chr3	108461474	108461882	CpG: 43	408	43	273	21.1	66.9	0.94
1412	chr3	108469480	108469888	CpG: 42	408	42	271	20.6	66.4	0.94
1412	chr3	108478929	108479178	CpG: 23	249	23	159	18.5	63.9	0.91
1412	chr3	108498514	108499533	CpG: 80	1019	80	658	15.7	64.6	0.76
1413	chr3	108561160	108561546	CpG: 53	386	53	278	27.5	72	1.06
1413	chr3	108629054	108629676	CpG: 59	622	59	424	19	68.2	0.84
1414	chr3	108747300	108747974	CpG: 55	674	55	452	16.3	67.1	0.73
1415	chr3	108818418	108819190	CpG: 78	772	78	485	20.2	62.8	1.03
1415	chr3	108847358	108847881	CpG: 57	523	57	372	21.8	71.1	0.88
1416	chr3	108934288	108935131	CpG: 110	843	110	612	26.1	72.6	0.99
1416	chr3	109030427	109030739	CpG: 35	312	35	225	22.4	72.1	0.86
1418	chr3	109247811	109248469	CpG: 91	658	91	503	27.7	76.4	0.95
1424	chr3	110049592	110050304	CpG: 65	712	65	486	18.3	68.3	0.79
1424	chr3	110050759	110051098	CpG: 29	339	29	172	17.1	50.7	1.33
1425	chr3	110157205	110158390	CpG: 109	1185	109	734	18.4	61.9	0.96
1450	chr3	113423295	113423923	CpG: 61	628	61	388	19.4	61.8	1.02
1466	chr3	115508300	115508571	CpG: 25	271	25	179	18.5	66.1	0.88
1467	chr3	115681485	115681821	CpG: 27	336	27	215	16.1	64	0.79
1468	chr3	115800873	115801501	CpG: 58	628	58	410	18.5	65.3	0.87
1470	chr3	116045266	116046263	CpG: 105	997	105	706	21.1	70.8	0.84
1471	chr3	116141288	116141680	CpG: 32	392	32	212	16.3	54.1	1.13
1471	chr3	116216850	116217606	CpG: 60	756	60	469	15.9	62	0.83
1472	chr3	116301407	116301880	CpG: 47	473	47	330	19.9	69.8	0.82
1472	chr3	116388142	116389072	CpG: 80	930	80	578	17.2	62.2	0.89
1473	chr3	116455588	116456394	CpG: 107	806	107	599	26.6	74.3	0.96
1473	chr3	116505739	116506071	CpG: 51	332	51	254	30.7	76.5	1.07
1474	chr3	116601581	116601980	CpG: 38	399	38	228	19	57.1	1.18
1478	chr3	117153741	117153963	CpG: 29	222	29	166	26.1	74.8	0.98
1480	chr3	117368932	117369572	CpG: 56	640	56	364	17.5	56.9	1.08
1482	chr3	117662412	117662729	CpG: 46	317	46	251	29	79.2	0.94
1497	chr3	119576216	119576974	CpG: 92	758	92	539	24.3	71.1	0.97
1507	chr3	120965264	120965485	CpG: 24	221	24	157	21.7	71	0.86
1508	chr3	121056071	121056888	CpG: 106	817	106	586	25.9	71.7	1.01
1508	chr3	121085277	121085772	CpG: 36	495	36	280	14.5	56.6	0.92
1509	chr3	121219633	121221155	CpG: 158	1522	158	1078	20.8	70.8	0.83
1510	chr3	121325736	121326106	CpG: 29	370	29	253	15.7	68.4	0.68
1512	chr3	121516967	121517495	CpG: 65	528	65	377	24.6	71.4	0.97
1512	chr3	121564530	121564737	CpG: 20	207	20	118	19.3	57	1.23
1512	chr3	121608310	121609192	CpG: 120	882	120	634	27.2	71.9	1.06
1513	chr3	121746942	121747465	CpG: 56	523	56	345	21.4	66	0.99
1516	chr3	122038907	122039919	CpG: 118	1012	118	663	23.3	65.5	1.09
1516	chr3	122067768	122068463	CpG: 61	695	61	419	17.6	60.3	0.98
1516	chr3	122086804	122087829	CpG: 123	1025	123	695	24	67.8	1.04
1517	chr3	122213503	122213882	CpG: 45	379	45	270	23.7	71.2	0.94
1518	chr3	122412103	122413893	CpG: 169	1790	169	1079	18.9	60.3	1.04
1519	chr3	122522564	122524416	CpG: 163	1852	163	1208	17.6	65.2	0.83
1521	chr3	122717767	122718169	CpG: 41	402	41	236	20.4	58.7	1.28
1521	chr3	122777540	122778667	CpG: 109	1127	109	692	19.3	61.4	1.03
1523	chr3	123060812	123061052	CpG: 22	240	22	154	18.3	64.2	0.89
1523	chr3	123061257	123061763	CpG: 34	506	34	311	13.4	61.5	0.73
1524	chr3	123179366	123179693	CpG: 30	327	30	209	18.3	63.9	0.95
1525	chr3	123240427	123241215	CpG: 78	788	78	537	19.8	68.1	0.85
1525	chr3	123301764	123302560	CpG: 76	796	76	494	19.1	62.1	1
1527	chr3	123484355	123484748	CpG: 43	393	43	267	21.9	67.9	0.95
1531	chr3	124114575	124115040	CpG: 49	465	49	313	21.1	67.3	0.94
1544	chr3	125731474	125732758	CpG: 147	1284	147	876	22.9	68.2	1
1547	chr3	126157429	126157699	CpG: 20	270	20	177	14.8	65.6	0.7
1549	chr3	126390252	126391260	CpG: 116	1008	116	722	23	71.6	0.9
1556	chr3	127292072	127292923	CpG: 80	851	80	585	18.8	68.7	0.8
1556	chr3	127346589	127347334	CpG: 75	745	75	481	20.1	64.6	0.97
1557	chr3	127419008	127419341	CpG: 34	333	34	236	20.4	70.9	0.82
1557	chr3	127426135	127428246	CpG: 183	2111	183	1302	17.3	61.7	0.91
1557	chr3	127489056	127489412	CpG: 34	356	34	243	19.1	68.3	0.85
1558	chr3	127583484	127583745	CpG: 29	261	29	187	22.2	71.6	0.87
1558	chr3	127584294	127584512	CpG: 18	218	18	141	16.5	64.7	0.84
1558	chr3	127630719	127631494	CpG: 84	775	84	470	21.7	60.6	1.18
1559	chr3	127689445	127690059	CpG: 92	614	92	477	30	77.7	1.01
1569	chr3	128993373	128994022	CpG: 49	649	49	364	15.1	56.1	0.98
1569	chr3	128997990	128998220	CpG: 23	230	23	153	20	66.5	0.93
1569	chr3	129007439	129008643	CpG: 93	1204	93	777	15.4	64.5	0.74
1569	chr3	129009327	129009839	CpG: 36	512	36	321	14.1	62.7	0.72
1569	chr3	129012278	129012581	CpG: 31	303	31	194	20.5	64	1.01
1571	chr3	129327301	129327929	CpG: 72	628	72	464	22.9	73.9	0.84
1573	chr3	129624465	129625311	CpG: 91	846	91	556	21.5	65.7	1.01
1574	chr3	129672150	129672710	CpG: 61	560	61	378	21.8	67.5	0.97
1574	chr3	129695100	129695358	CpG: 24	258	24	169	18.6	65.5	0.91
1575	chr3	129763347	129763844	CpG: 50	497	50	352	20.1	70.8	0.82
1575	chr3	129853854	129854736	CpG: 109	882	109	603	24.7	68.4	1.06
1575	chr3	129862045	129862259	CpG: 23	214	23	136	21.5	63.6	1.07
1576	chr3	129974355	129975246	CpG: 66	891	66	551	14.8	61.8	0.78
1580	chr3	130502746	130503109	CpG: 34	363	34	234	18.7	64.5	0.9
1580	chr3	130523515	130524200	CpG: 73	685	73	417	21.3	60.9	1.15
1583	chr3	130899811	130900440	CpG: 51	629	51	399	16.2	63.4	0.81
1583	chr3	130903905	130906192	CpG: 191	2287	191	1374	16.7	60.1	0.93
1584	chr3	131065354	131065770	CpG: 44	416	44	275	21.2	66.1	0.97
1585	chr3	131096232	131096994	CpG: 71	762	71	508	18.6	66.7	0.84
1585	chr3	131195725	131196136	CpG: 61	411	61	323	29.7	78.6	0.96
1585	chr3	131196283	131196637	CpG: 26	354	26	230	14.7	65	0.7
1586	chr3	131270316	131270989	CpG: 57	673	57	408	16.9	60.6	0.92
1590	chr3	131791385	131791850	CpG: 32	465	32	284	13.8	61.1	0.74
1595	chr3	132389837	132390113	CpG: 32	276	32	194	23.2	70.3	0.95
1597	chr3	132655222	132656194	CpG: 103	972	103	681	21.2	70.1	0.86
1598	chr3	132797116	132797997	CpG: 90	881	90	604	20.4	68.6	0.87
1599	chr3	133015799	133016397	CpG: 84	598	84	412	28.1	68.9	1.19
1601	chr3	133249939	133250878	CpG: 105	939	105	654	22.4	69.6	0.93
1606	chr3	133941755	133942058	CpG: 31	303	31	180	20.5	59.4	1.16
1611	chr3	134535025	134535394	CpG: 29	369	29	230	15.7	62.3	0.81
1614	chr3	134918235	134918629	CpG: 40	394	40	261	20.3	66.2	0.93
1615	chr3	135128680	135129372	CpG: 81	692	81	432	23.4	62.4	1.21
1616	chr3	135143593	135145549	CpG: 192	1956	192	1299	19.6	66.4	0.89
1616	chr3	135191014	135191607	CpG: 44	593	44	380	14.8	64.1	0.73
1619	chr3	135532090	135532393	CpG: 32	303	32	223	21.1	73.6	0.78
1625	chr3	136375232	136377443	CpG: 207	2211	207	1360	18.7	61.5	0.99
1632	chr3	137329400	137329680	CpG: 27	280	27	197	19.3	70.4	0.81
1634	chr3	137569798	137571542	CpG: 193	1744	193	1172	22.1	67.2	0.99
1634	chr3	137573342	137573801	CpG: 50	459	50	258	21.8	56.2	1.39
1634	chr3	137624169	137624445	CpG: 31	276	31	183	22.5	66.3	1.03
1636	chr3	137848998	137849896	CpG: 84	898	84	555	18.7	61.8	0.98
1638	chr3	138148419	138149208	CpG: 84	789	84	521	21.3	66	0.98
1639	chr3	138194696	138195589	CpG: 108	893	108	662	24.2	74.1	0.88
1639	chr3	138232751	138233897	CpG: 144	1146	144	813	25.1	70.9	1.01
1641	chr3	138447769	138448576	CpG: 109	807	109	579	27	71.7	1.06
1641	chr3	138448720	138448949	CpG: 19	229	19	140	16.6	61.1	0.93
1643	chr3	138780232	138781729	CpG: 170	1497	170	1004	22.7	67.1	1.01
1644	chr3	138911242	138911720	CpG: 48	478	48	320	20.1	66.9	0.9
1660	chr3	140917081	140917650	CpG: 39	569	39	325	13.7	57.1	0.84
1662	chr3	141170628	141171511	CpG: 87	883	87	620	19.7	70.2	0.8
1667	chr3	141874644	141875336	CpG: 59	692	59	426	17.1	61.6	0.92
1669	chr3	142100830	142101429	CpG: 65	599	65	391	21.7	65.3	1.06
1671	chr3	142406853	142407063	CpG: 22	210	22	138	21	65.7	1
1671	chr3	142470831	142471354	CpG: 57	523	57	336	21.8	64.2	1.06
1672	chr3	142586911	142588289	CpG: 160	1378	160	937	23.2	68	1.01
1674	chr3	142806541	142806908	CpG: 42	367	42	230	22.9	62.7	1.18
1682	chr3	143904327	143904699	CpG: 44	372	44	265	23.7	71.2	0.93
1682	chr3	143907711	143908331	CpG: 51	620	51	370	16.5	59.7	0.93
1682	chr3	143910357	143911622	CpG: 127	1265	127	810	20.1	64	0.99
1685	chr3	144275299	144276740	CpG: 119	1441	119	847	16.5	58.8	0.96
1686	chr3	144425408	144426213	CpG: 75	805	75	414	18.6	51.4	1.42
1689	chr3	144824229	144824823	CpG: 48	594	48	379	16.2	63.8	0.79
1693	chr3	145281899	145282203	CpG: 30	304	30	192	19.7	63.2	1.03
1693	chr3	145355069	145355814	CpG: 65	745	65	477	17.4	64	0.86
1694	chr3	145359047	145359569	CpG: 51	522	51	356	19.5	68.2	0.84
1694	chr3	145464336	145465034	CpG: 88	698	88	500	25.2	71.6	0.98
1696	chr3	145629756	145630749	CpG: 83	993	83	619	16.7	62.3	0.86
1696	chr3	145643681	145644340	CpG: 89	659	89	486	27	73.7	0.99
1696	chr3	145693463	145694649	CpG: 156	1186	156	875	26.3	73.8	0.97
1697	chr3	145855527	145856063	CpG: 48	536	48	358	17.9	66.8	0.81
1698	chr3	145926568	145927178	CpG: 67	610	67	409	22	67	0.98
1698	chr3	145990492	145990764	CpG: 18	272	18	164	13.2	60.3	0.74
1699	chr3	146110160	146110820	CpG: 93	660	93	501	28.2	75.9	1.03
1700	chr3	146156141	146156407	CpG: 23	266	23	179	17.3	67.3	0.8
1700	chr3	146205057	146206211	CpG: 143	1154	143	797	24.8	69.1	1.04
1700	chr3	146226580	146227245	CpG: 75	665	75	455	22.6	68.4	0.99
1701	chr3	146390750	146391283	CpG: 41	533	41	314	15.4	58.9	0.9
1702	chr3	146518111	146519120	CpG: 104	1009	104	685	20.6	67.9	0.89
1718	chr3	148523108	148523481	CpG: 28	373	28	216	15	57.9	0.9
1718	chr3	148525242	148525587	CpG: 27	345	27	192	15.7	55.7	1.01
1719	chr3	148693266	148696280	CpG: 274	3014	274	1926	18.2	63.9	0.9
1743	chr3	151871286	151871670	CpG: 40	384	40	267	20.8	69.5	0.86
1744	chr3	151915322	151916806	CpG: 175	1484	175	991	23.6	66.8	1.06
1744	chr3	151971030	151971568	CpG: 54	538	54	357	20.1	66.4	0.94
1745	chr3	152045788	152046124	CpG: 37	336	37	220	22	65.5	1.03
1745	chr3	152051997	152052628	CpG: 63	631	63	340	20	53.9	1.38
1745	chr3	152101339	152102614	CpG: 187	1275	187	949	29.3	74.4	1.07
1746	chr3	152191741	152192342	CpG: 52	601	52	420	17.3	69.9	0.73
1747	chr3	152373250	152373731	CpG: 40	481	40	300	16.6	62.4	0.86
1747	chr3	152419693	152420240	CpG: 43	547	43	356	15.7	65.1	0.74
1755	chr3	153430368	153430883	CpG: 49	515	49	361	19	70.1	0.79
1756	chr3	153611256	153611708	CpG: 44	452	44	289	19.5	63.9	0.95
1757	chr3	153618491	153618765	CpG: 33	274	33	169	24.1	61.7	1.3
1757	chr3	153649889	153650223	CpG: 31	334	31	240	18.6	71.9	0.72
1757	chr3	153678966	153679378	CpG: 56	412	56	314	27.2	76.2	0.96
1760	chr3	154033701	154034457	CpG: 88	756	88	568	23.3	75.1	0.83
1760	chr3	154034939	154035672	CpG: 53	733	53	433	14.5	59.1	0.85
1762	chr3	154302265	154302841	CpG: 51	576	51	371	17.7	64.4	0.86
1766	chr3	154798835	154799258	CpG: 37	423	37	255	17.5	60.3	0.97
1777	chr3	156266530	156266785	CpG: 24	255	24	159	18.8	62.4	1.03
1777	chr3	156267123	156268003	CpG: 79	880	79	551	18	62.6	0.92
1784	chr3	157239677	157240461	CpG: 92	784	92	540	23.5	68.9	0.99
1784	chr3	157272398	157273476	CpG: 108	1078	108	740	20	68.6	0.85
1787	chr3	157652578	157653727	CpG: 124	1149	124	751	21.6	65.4	1.01
1788	chr3	157736968	157737467	CpG: 65	499	65	358	26.1	71.7	1.02
1788	chr3	157741936	157742571	CpG: 57	635	57	412	18	64.9	0.85
1792	chr3	158266939	158267941	CpG: 81	1002	81	675	16.2	67.4	0.71
609	chr4	3230990	3231230	CpG: 29	240	29	178	24.2	74.2	0.89
612	chr4	3574584	3575142	CpG: 57	558	57	356	20.4	63.8	1
613	chr4	3678102	3678705	CpG: 66	603	66	422	21.9	70	0.9
614	chr4	3835054	3835814	CpG: 87	760	87	497	22.9	65.4	1.07
614	chr4	3874952	3875274	CpG: 38	322	38	222	23.6	68.9	0.99
615	chr4	3937939	3939319	CpG: 110	1380	110	788	15.9	57.1	0.99
616	chr4	4138424	4138985	CpG: 60	561	60	376	21.4	67	0.96
621	chr4	4792494	4793005	CpG: 52	511	52	343	20.4	67.1	0.93
621	chr4	4793213	4793432	CpG: 20	219	20	157	18.3	71.7	0.72
628	chr4	5644083	5644644	CpG: 61	561	61	419	21.7	74.7	0.78
632	chr4	6190924	6191271	CpG: 40	347	40	252	23.1	72.6	0.89
633	chr4	6365530	6365937	CpG: 53	407	53	307	26	75.4	0.98
634	chr4	6453533	6454363	CpG: 90	830	90	548	21.7	66	1.01
638	chr4	6990149	6990841	CpG: 57	692	57	381	16.5	55.1	1.09
647	chr4	8238808	8239111	CpG: 31	303	31	183	20.5	60.4	1.13
650	chr4	8535470	8536325	CpG: 104	855	104	568	24.3	66.4	1.1
650	chr4	8647022	8647758	CpG: 85	736	85	487	23.1	66.2	1.06
651	chr4	8690003	8692237	CpG: 257	2234	257	1347	23	60.3	1.28
651	chr4	8751762	8752020	CpG: 20	258	20	160	15.5	62	0.81
652	chr4	8816961	8817396	CpG: 28	435	28	266	12.9	61.1	0.71
652	chr4	8911252	8911882	CpG: 60	630	60	459	19	72.9	0.72
653	chr4	8922101	8922303	CpG: 16	202	16	123	15.8	60.9	0.86
658	chr4	9668611	9669416	CpG: 71	805	71	499	17.6	62	0.92
660	chr4	9843693	9844772	CpG: 73	1079	73	674	13.5	62.5	0.69
660	chr4	9859435	9860095	CpG: 59	660	59	447	17.9	67.7	0.78
667	chr4	10874291	10875069	CpG: 81	778	81	513	20.8	65.9	0.96
668	chr4	11007046	11008230	CpG: 141	1184	141	816	23.8	68.9	1.02
669	chr4	11075962	11076272	CpG: 33	310	33	221	21.3	71.3	0.84
670	chr4	11156138	11156762	CpG: 71	624	71	446	22.8	71.5	0.9
670	chr4	11190408	11191788	CpG: 158	1380	158	912	22.9	66.1	1.05
670	chr4	11253680	11253942	CpG: 35	262	35	190	26.7	72.5	1.02
671	chr4	11321721	11322311	CpG: 63	590	63	412	21.4	69.8	0.92
671	chr4	11385344	11385695	CpG: 29	351	29	240	16.5	68.4	0.71
671	chr4	11387026	11388595	CpG: 110	1569	110	963	14	61.4	0.75
672	chr4	11485725	11486328	CpG: 58	603	58	392	19.2	65	0.91
673	chr4	11558866	11559184	CpG: 41	318	41	246	25.8	77.4	0.92
676	chr4	11965884	11966967	CpG: 115	1083	115	725	21.2	66.9	0.95
677	chr4	12087725	12087930	CpG: 16	205	16	124	15.6	60.5	0.89
677	chr4	12089288	12090122	CpG: 71	834	71	486	17	58.3	1.04
677	chr4	12140246	12141000	CpG: 63	754	63	436	16.7	57.8	1.03
677	chr4	12171401	12171897	CpG: 67	496	67	379	27	76.4	0.93
683	chr4	12906838	12907238	CpG: 29	400	29	274	14.5	68.5	0.62
689	chr4	13742984	13743844	CpG: 103	860	103	583	24	67.8	1.04
698	chr4	14826344	14826743	CpG: 44	399	44	268	22.1	67.2	0.98
698	chr4	14864148	14864524	CpG: 35	376	35	255	18.6	67.8	0.82
698	chr4	14930314	14930849	CpG: 94	535	94	437	35.1	81.7	1.06
700	chr4	15148892	15149129	CpG: 22	237	22	164	18.6	69.2	0.8
701	chr4	15265511	15266706	CpG: 141	1195	141	877	23.6	73.4	0.88
706	chr4	15945147	15945621	CpG: 39	474	39	313	16.5	66	0.76
706	chr4	15957831	15958459	CpG: 75	628	75	440	23.9	70.1	0.98
707	chr4	16013507	16014274	CpG: 79	767	79	494	20.6	64.4	0.99
708	chr4	16163132	16163963	CpG: 90	831	90	617	21.7	74.2	0.83
721	chr4	17853172	17853559	CpG: 41	387	41	264	21.2	68.2	0.96
734	chr4	19569570	19570166	CpG: 59	596	59	422	19.8	70.8	0.79
734	chr4	19574983	19575450	CpG: 47	467	47	316	20.1	67.7	0.88
735	chr4	19708571	19709296	CpG: 77	725	77	498	21.2	68.7	0.91
737	chr4	20008266	20008787	CpG: 64	521	64	378	24.6	72.6	0.94
737	chr4	20042037	20042363	CpG: 36	326	36	218	22.1	66.9	0.99
743	chr4	20778001	20778605	CpG: 59	604	59	415	19.5	68.7	0.83
750	chr4	21678219	21679876	CpG: 159	1657	159	1070	19.2	64.6	0.92
750	chr4	21685576	21685856	CpG: 32	280	32	193	22.9	68.9	0.97
750	chr4	21688426	21689258	CpG: 98	832	98	577	23.6	69.4	0.99
750	chr4	21727555	21727838	CpG: 29	283	29	187	20.5	66.1	0.94
751	chr4	21776184	21776712	CpG: 41	528	41	345	15.5	65.3	0.73
751	chr4	21847928	21848554	CpG: 58	626	58	377	18.5	60.2	1.05
751	chr4	21879600	21880128	CpG: 48	528	48	342	18.2	64.8	0.88
752	chr4	21931069	21931603	CpG: 74	534	74	416	27.7	77.9	0.91
755	chr4	22357541	22357945	CpG: 51	404	51	298	25.2	73.8	0.93
756	chr4	22477512	22477757	CpG: 24	245	24	168	19.6	68.6	0.85
756	chr4	22488055	22488306	CpG: 22	251	22	138	17.5	55	1.16
756	chr4	22489463	22490548	CpG: 76	1085	76	653	14	60.2	0.78
756	chr4	22491373	22491578	CpG: 18	205	18	118	17.6	57.6	1.06
756	chr4	22494892	22495125	CpG: 18	233	18	158	15.5	67.8	0.7
756	chr4	22498175	22498564	CpG: 31	389	31	239	15.9	61.4	0.85
771	chr4	24496201	24496880	CpG: 80	679	80	465	23.6	68.5	1.01
774	chr4	24850856	24851200	CpG: 48	344	48	255	27.9	74.1	1.03
774	chr4	24897928	24898446	CpG: 54	518	54	351	20.8	67.8	0.91
775	chr4	24966384	24966909	CpG: 63	525	63	345	24	65.7	1.11
777	chr4	25281505	25281928	CpG: 48	423	48	298	22.7	70.4	0.92
786	chr4	26346409	26346989	CpG: 56	580	56	401	19.3	69.1	0.82
804	chr4	28812868	28815750	CpG: 213	2882	213	1672	14.8	58	0.88
828	chr4	31937552	31937855	CpG: 25	303	25	208	16.5	68.6	0.72
828	chr4	31963386	31964438	CpG: 116	1052	116	675	22.1	64.2	1.07
830	chr4	32238406	32240295	CpG: 216	1889	216	1322	22.9	70	0.93
833	chr4	32615167	32615776	CpG: 61	609	61	414	20	68	0.87
834	chr4	32656954	32657532	CpG: 64	578	64	373	22.1	64.5	1.06
835	chr4	32799970	32800499	CpG: 51	529	51	342	19.3	64.7	0.93
836	chr4	32950491	32951079	CpG: 53	588	53	332	18	56.5	1.14
836	chr4	32983046	32984008	CpG: 86	962	86	575	17.9	59.8	1.02
837	chr4	33030828	33031959	CpG: 155	1131	155	786	27.4	69.5	1.14
838	chr4	33188856	33189680	CpG: 122	824	122	614	29.6	74.5	1.07
838	chr4	33209270	33209766	CpG: 42	496	42	347	16.9	70	0.73
838	chr4	33247482	33248746	CpG: 142	1264	142	889	22.5	70.3	0.91
839	chr4	33310153	33310655	CpG: 50	502	50	347	19.9	69.1	0.87
843	chr4	33923649	33924889	CpG: 137	1240	137	854	22.1	68.9	0.94
844	chr4	34049872	34050143	CpG: 27	271	27	188	19.9	69.4	0.83
848	chr4	34550434	34550910	CpG: 60	476	60	329	25.2	69.1	1.06
849	chr4	34614737	34615125	CpG: 41	388	41	264	21.1	68	0.91
849	chr4	34687020	34687476	CpG: 58	456	58	342	25.4	75	0.9
849	chr4	34716323	34716575	CpG: 20	252	20	141	15.9	56	1.02
849	chr4	34730084	34730315	CpG: 29	231	29	165	25.1	71.4	1
851	chr4	34882326	34883102	CpG: 87	776	87	479	22.4	61.7	1.18
851	chr4	34886675	34887068	CpG: 43	393	43	290	21.9	73.8	0.8
853	chr4	35157038	35157498	CpG: 36	460	36	295	15.7	64.1	0.76
853	chr4	35225353	35226204	CpG: 82	851	82	583	19.3	68.5	0.84
866	chr4	36950318	36950647	CpG: 38	329	38	240	23.1	72.9	0.9
866	chr4	36951345	36951711	CpG: 28	366	28	243	15.3	66.4	0.7
891	chr4	40143246	40143838	CpG: 53	592	53	415	17.9	70.1	0.73
892	chr4	40268291	40268700	CpG: 48	409	48	293	23.5	71.6	0.93
892	chr4	40269517	40269890	CpG: 33	373	33	242	17.7	64.9	0.84
892	chr4	40279112	40279475	CpG: 33	363	33	243	18.2	66.9	0.83
895	chr4	40703052	40703371	CpG: 25	319	25	184	15.7	57.7	0.96
895	chr4	40722233	40723250	CpG: 98	1017	98	679	19.3	66.8	0.87
895	chr4	40757483	40758008	CpG: 53	525	53	300	20.2	57.1	1.24
896	chr4	40853510	40854604	CpG: 106	1094	106	740	19.4	67.6	0.87
897	chr4	40947952	40948731	CpG: 67	779	67	480	17.2	61.6	0.92
897	chr4	40970626	40971509	CpG: 87	883	87	579	19.7	65.6	0.92
898	chr4	41098028	41098306	CpG: 30	278	30	192	21.6	69.1	0.9
898	chr4	41135419	41136326	CpG: 90	907	90	593	19.8	65.4	0.93
899	chr4	41275025	41275765	CpG: 54	740	54	418	14.6	56.5	0.91
900	chr4	41314333	41314990	CpG: 58	657	58	403	17.7	61.3	0.94
900	chr4	41348945	41349491	CpG: 46	546	46	370	16.8	67.8	0.87
901	chr4	41464556	41465299	CpG: 55	743	55	445	14.8	59.9	0.83
901	chr4	41497500	41499385	CpG: 161	1885	161	1150	17.1	61	0.92
901	chr4	41507017	41507326	CpG: 28	309	28	201	18.1	65	0.87
902	chr4	41568936	41569852	CpG: 89	916	89	611	19.4	66.7	0.88
902	chr4	41639925	41640445	CpG: 50	520	50	298	19.2	57.3	1.17
903	chr4	41683588	41683864	CpG: 46	276	46	232	33.3	84.1	0.96
903	chr4	41684719	41685006	CpG: 21	287	21	183	14.6	63.8	0.72
903	chr4	41695104	41696047	CpG: 122	943	122	631	25.9	66.9	1.22
903	chr4	41713321	41713777	CpG: 46	456	46	301	20.2	66	0.93
903	chr4	41722982	41723275	CpG: 24	293	24	181	16.4	61.8	0.88
903	chr4	41725709	41725947	CpG: 23	238	23	164	19.3	68.9	0.82
903	chr4	41731024	41731519	CpG: 44	495	44	345	17.8	69.7	0.73
903	chr4	41740724	41741402	CpG: 59	678	59	438	17.4	64.6	0.85
903	chr4	41755424	41755871	CpG: 39	447	39	289	17.4	64.7	0.84
903	chr4	41773153	41773799	CpG: 50	646	50	431	15.5	66.7	0.71
904	chr4	41942040	41942590	CpG: 44	550	44	375	16	68.2	0.72
905	chr4	42054170	42054740	CpG: 45	570	45	385	15.8	67.5	0.72
906	chr4	42153842	42154412	CpG: 46	570	46	388	16.1	68.1	0.73
906	chr4	42172559	42173502	CpG: 121	943	121	630	25.7	66.8	1.21
906	chr4	42184809	42185086	CpG: 46	277	46	233	33.2	84.1	0.95
907	chr4	42230839	42231059	CpG: 16	220	16	135	14.5	61.4	0.85
907	chr4	42294270	42294820	CpG: 44	550	44	375	16	68.2	0.72
908	chr4	42439381	42439931	CpG: 44	550	44	375	16	68.2	0.72
909	chr4	42551496	42552066	CpG: 45	570	45	385	15.8	67.5	0.72
910	chr4	42651001	42651571	CpG: 46	570	46	388	16.1	68.1	0.73
910	chr4	42669718	42670661	CpG: 121	943	121	630	25.7	66.8	1.21
910	chr4	42681968	42682245	CpG: 46	277	46	233	33.2	84.1	0.95
911	chr4	42734568	42735139	CpG: 41	571	41	383	14.4	67.1	0.67
912	chr4	42916954	42917600	CpG: 95	646	95	481	29.4	74.5	1.06
912	chr4	42949720	42950051	CpG: 34	331	34	202	20.5	61	1.17
913	chr4	42999712	43000650	CpG: 88	938	88	589	18.8	62.8	0.96
913	chr4	43010203	43010566	CpG: 27	363	27	235	14.9	64.7	0.71
913	chr4	43030893	43031551	CpG: 50	658	50	416	15.2	63.2	0.77
913	chr4	43040145	43040355	CpG: 19	210	19	154	18.1	73.3	0.73
913	chr4	43058854	43059515	CpG: 82	661	82	465	24.8	70.3	1.01
915	chr4	43371732	43371954	CpG: 16	222	16	134	14.4	60.4	0.84
915	chr4	43381789	43382217	CpG: 61	428	61	310	28.5	72.4	1.09
916	chr4	43416189	43416409	CpG: 17	220	17	146	15.5	66.4	0.7
916	chr4	43442128	43443399	CpG: 112	1271	112	820	17.6	64.5	0.86
916	chr4	43492789	43493730	CpG: 70	941	70	551	14.9	58.6	0.87
916	chr4	43499500	43499853	CpG: 41	353	41	231	23.2	65.4	1.09
917	chr4	43523272	43524543	CpG: 83	1271	83	826	13.1	65	0.62
917	chr4	43562057	43562784	CpG: 64	727	64	468	17.6	64.4	0.85
917	chr4	43578304	43579197	CpG: 81	893	81	602	18.1	67.4	0.8
917	chr4	43631364	43631799	CpG: 54	435	54	333	24.8	76.6	0.85
918	chr4	43656100	43656535	CpG: 41	435	41	302	18.9	69.4	0.79
918	chr4	43669222	43669461	CpG: 27	239	27	151	22.6	63.2	1.14
919	chr4	43875351	43875866	CpG: 61	515	61	353	23.7	68.5	1.01
920	chr4	43957358	43957645	CpG: 28	287	28	192	19.5	66.9	0.87
920	chr4	43957787	43958012	CpG: 17	225	17	149	15.1	66.2	0.7
920	chr4	44012680	44013073	CpG: 53	393	53	279	27	71	1.09
921	chr4	44072312	44072846	CpG: 63	534	63	380	23.6	71.2	0.95
921	chr4	44167370	44168501	CpG: 131	1131	131	722	23.2	63.8	1.16
922	chr4	44233352	44233608	CpG: 21	256	21	145	16.4	56.6	1.03
922	chr4	44234001	44234262	CpG: 35	261	35	210	26.8	80.5	0.83
923	chr4	44425180	44425727	CpG: 55	547	55	387	20.1	70.7	0.8
925	chr4	44664071	44664673	CpG: 67	602	67	390	22.3	64.8	1.07
926	chr4	44703124	44704717	CpG: 140	1593	140	1021	17.6	64.1	0.86
926	chr4	44710638	44711138	CpG: 39	500	39	306	15.6	61.2	0.83
926	chr4	44712905	44713335	CpG: 37	430	37	259	17.2	60.2	0.95
926	chr4	44756498	44756999	CpG: 52	501	52	340	20.8	67.9	0.91
928	chr4	45011741	45012423	CpG: 57	682	57	443	16.7	65	0.81
928	chr4	45018565	45018943	CpG: 27	378	27	231	14.3	61.1	0.77
928	chr4	45084142	45084782	CpG: 72	640	72	464	22.5	72.5	0.86
929	chr4	45107565	45108040	CpG: 35	475	35	286	14.7	60.2	0.82
929	chr4	45184551	45185385	CpG: 91	834	91	611	21.8	73.3	0.81
930	chr4	45320186	45320643	CpG: 53	457	53	311	23.2	68.1	1.05
930	chr4	45341989	45342797	CpG: 99	808	99	561	24.5	69.4	1.02
931	chr4	45399741	45400021	CpG: 26	280	26	173	18.6	61.8	0.97
931	chr4	45408355	45409059	CpG: 71	704	71	471	20.2	66.9	0.9
932	chr4	45529581	45531015	CpG: 149	1434	149	839	20.8	58.5	1.22
934	chr4	45799008	45799273	CpG: 25	265	25	173	18.9	65.3	0.89
934	chr4	45826357	45826936	CpG: 83	579	83	414	28.7	71.5	1.12
935	chr4	45883487	45883912	CpG: 29	425	29	243	13.6	57.2	0.88
935	chr4	45972128	45972847	CpG: 92	719	92	502	25.6	69.8	1.06
936	chr4	46039214	46039800	CpG: 58	586	58	403	19.8	68.8	0.84
937	chr4	46138271	46139050	CpG: 74	779	74	488	19	62.6	0.97
937	chr4	46195843	46196399	CpG: 66	556	66	388	23.7	69.8	0.98
938	chr4	46304810	46305266	CpG: 64	456	64	312	28.1	68.4	1.2
938	chr4	46343394	46345541	CpG: 237	2147	237	1402	22.1	65.3	1.04
938	chr4	46389088	46389594	CpG: 55	506	55	322	21.7	63.6	1.08
939	chr4	46450682	46452589	CpG: 248	1907	248	1358	26	71.2	1.03
939	chr4	46489157	46489721	CpG: 53	564	53	382	18.8	67.7	0.84
939	chr4	46506931	46507525	CpG: 72	594	72	398	24.2	67	1.08
940	chr4	46535837	46536076	CpG: 33	239	33	178	27.6	74.5	1.01
940	chr4	46601167	46602292	CpG: 102	1125	102	727	18.1	64.6	0.87
940	chr4	46614070	46614452	CpG: 26	382	26	245	13.6	64.1	0.66
940	chr4	46620419	46620741	CpG: 23	322	23	212	14.3	65.8	0.66
940	chr4	46649724	46650710	CpG: 96	986	96	638	19.5	64.7	0.93
941	chr4	46664594	46664942	CpG: 24	348	24	233	13.8	67	0.63
943	chr4	46991019	46992185	CpG: 143	1166	143	799	24.5	68.5	1.05
944	chr4	47056901	47057616	CpG: 76	715	76	444	21.3	62.1	1.12
944	chr4	47091911	47092433	CpG: 55	522	55	352	21.1	67.4	0.96
945	chr4	47208067	47208819	CpG: 76	752	76	518	20.2	68.9	0.85
945	chr4	47245426	47245761	CpG: 24	335	24	202	14.3	60.3	0.79
946	chr4	47352408	47353954	CpG: 143	1546	143	999	18.5	64.6	0.92
947	chr4	47473929	47474397	CpG: 48	468	48	306	20.5	65.4	0.97
951	chr4	48042872	48043491	CpG: 70	619	70	382	22.6	61.7	1.19
951	chr4	48044734	48045200	CpG: 36	466	36	271	15.5	58.2	0.92
951	chr4	48045439	48045725	CpG: 25	286	25	185	17.5	64.7	0.84
951	chr4	48051612	48052178	CpG: 48	566	48	396	17	70	0.72
952	chr4	48124848	48125340	CpG: 55	492	55	358	22.4	72.8	0.85
953	chr4	48279256	48280058	CpG: 61	802	61	526	15.2	65.6	0.71
954	chr4	48472917	48473545	CpG: 82	628	82	425	26.1	67.7	1.16
955	chr4	48539926	48540850	CpG: 112	924	112	637	24.2	68.9	1.03
955	chr4	48552522	48552845	CpG: 24	323	24	199	14.9	61.6	0.78
955	chr4	48584870	48585924	CpG: 134	1054	134	760	25.4	72.1	0.98
959	chr4	49059222	49059927	CpG: 56	705	56	432	15.9	61.3	0.85
962	chr4	49521030	49521279	CpG: 22	249	22	150	17.7	60.2	0.98
963	chr4	49596861	49597835	CpG: 89	974	89	673	18.3	69.1	0.77
963	chr4	49631849	49632463	CpG: 53	614	53	392	17.3	63.8	0.87
965	chr4	49844690	49845920	CpG: 104	1230	104	829	16.9	67.4	0.75
985	chr4	52438898	52439450	CpG: 43	552	43	325	15.6	58.9	0.91
989	chr4	53011803	53012331	CpG: 59	528	59	371	22.3	70.3	0.95
990	chr4	53159785	53160188	CpG: 40	403	40	262	19.9	65	0.94
992	chr4	53440003	53441019	CpG: 141	1016	141	756	27.8	74.4	1.02
994	chr4	53631316	53631968	CpG: 68	652	68	398	20.9	61	1.12
994	chr4	53714091	53714630	CpG: 54	539	54	349	20	64.7	0.96
995	chr4	53779616	53779874	CpG: 20	258	20	169	15.5	65.5	0.73
995	chr4	53826002	53826330	CpG: 36	328	36	228	22	69.5	0.91
1004	chr4	54945037	54945439	CpG: 42	402	42	277	20.9	68.9	0.88
1007	chr4	55349617	55350776	CpG: 135	1159	135	832	23.3	71.8	0.91
1008	chr4	55480373	55480669	CpG: 22	296	22	195	14.9	65.9	0.69
1008	chr4	55514807	55515178	CpG: 39	371	39	255	21	68.7	0.89
1008	chr4	55530171	55533292	CpG: 237	3121	237	1891	15.2	60.6	0.83
1009	chr4	55651120	55651739	CpG: 54	619	54	396	17.4	64	0.86
1017	chr4	56740665	56740940	CpG: 19	275	19	174	13.8	63.3	0.69
1018	chr4	56801922	56802802	CpG: 84	880	84	576	19.1	65.5	0.89
1018	chr4	56864599	56865514	CpG: 92	915	92	652	20.1	71.3	0.82
1019	chr4	56946691	56947530	CpG: 91	839	91	530	21.7	63.2	1.09
1019	chr4	56990050	56990520	CpG: 54	470	54	296	23	63	1.18
1020	chr4	57141905	57142146	CpG: 18	241	18	157	14.9	65.1	0.7
1020	chr4	57142826	57143840	CpG: 171	1014	171	821	33.7	81	1.04
1022	chr4	57299726	57300423	CpG: 73	697	73	437	20.9	62.7	1.07
1023	chr4	57433887	57434728	CpG: 73	841	73	527	17.4	62.7	0.89
1024	chr4	57567839	57568287	CpG: 54	448	54	335	24.1	74.8	0.86
1025	chr4	57782104	57782377	CpG: 26	273	26	198	19	72.5	0.75
1027	chr4	57955626	57956636	CpG: 77	1010	77	623	15.2	61.7	0.8
1029	chr4	58205842	58206499	CpG: 66	657	66	442	20.1	67.3	0.89
1031	chr4	58552973	58553456	CpG: 61	483	61	350	25.3	72.5	0.96
1034	chr4	58911438	58912955	CpG: 149	1517	149	863	19.6	56.9	1.22
1034	chr4	58943527	58943760	CpG: 25	233	25	134	21.5	57.5	1.31
1035	chr4	59002877	59003573	CpG: 85	696	85	477	24.4	68.5	1.04
1035	chr4	59035062	59035597	CpG: 68	535	68	400	25.4	74.8	0.91
1036	chr4	59189005	59189943	CpG: 117	938	117	635	24.9	67.7	1.1
1038	chr4	59437946	59438525	CpG: 60	579	60	373	20.7	64.4	1.01
1039	chr4	59548495	59549829	CpG: 147	1334	147	872	22	65.4	1.03
1039	chr4	59581259	59582026	CpG: 63	767	63	477	16.4	62.2	0.86
1039	chr4	59625909	59626857	CpG: 110	948	110	610	23.2	64.3	1.12
1041	chr4	59783410	59784041	CpG: 64	631	64	400	20.3	63.4	1.01
1041	chr4	59805711	59806548	CpG: 77	837	77	607	18.4	72.5	0.71
1058	chr4	62126556	62127029	CpG: 45	473	45	308	19	65.1	0.9
1059	chr4	62204528	62204956	CpG: 46	428	46	298	21.5	69.6	0.91
1060	chr4	62278438	62279023	CpG: 50	585	50	378	17.1	64.6	0.83
1060	chr4	62326908	62327227	CpG: 30	319	30	197	18.8	61.8	0.99
1060	chr4	62388990	62389253	CpG: 27	263	27	183	20.5	69.6	0.86
1061	chr4	62398222	62398710	CpG: 60	488	60	335	24.6	68.6	1.07
1061	chr4	62420269	62420548	CpG: 26	279	26	189	18.6	67.7	0.86
1061	chr4	62437831	62438413	CpG: 55	582	55	394	18.9	67.7	0.83
1061	chr4	62442932	62443810	CpG: 66	878	66	522	15	59.5	0.86
1061	chr4	62501624	62501922	CpG: 31	298	31	213	20.8	71.5	0.82
1064	chr4	62883502	62884199	CpG: 120	697	120	559	34.4	80.2	1.09
1066	chr4	63132199	63134252	CpG: 143	2053	143	1191	13.9	58	0.83
1068	chr4	63328613	63329045	CpG: 36	432	36	290	16.7	67.1	0.74
1068	chr4	63334541	63334784	CpG: 17	243	17	156	14	64.2	0.71
1068	chr4	63412861	63414221	CpG: 128	1360	128	860	18.8	63.2	0.95
1069	chr4	63463008	63463602	CpG: 52	594	52	393	17.5	66.2	0.8
1069	chr4	63476678	63477232	CpG: 48	554	48	322	17.3	58.1	1.03
1072	chr4	63935766	63936064	CpG: 23	298	23	183	15.4	61.4	0.83
1081	chr4	65042683	65043151	CpG: 41	468	41	257	17.5	54.9	1.19
1090	chr4	66321025	66321298	CpG: 25	273	25	169	18.3	61.9	0.96
1110	chr4	68872014	68872373	CpG: 32	359	32	230	17.8	64.1	0.9
1120	chr4	70167421	70167676	CpG: 29	255	29	171	22.7	67.1	1.02
1121	chr4	70328338	70328910	CpG: 53	572	53	369	18.5	64.5	0.9
1122	chr4	70452488	70453645	CpG: 120	1157	120	797	20.7	68.9	0.89
1135	chr4	72117882	72119496	CpG: 195	1614	195	1149	24.2	71.2	0.96
1147	chr4	73708791	73709379	CpG: 79	588	79	420	26.9	71.4	1.05
1149	chr4	73931798	73932199	CpG: 39	401	39	256	19.5	63.8	0.96
1150	chr4	74169958	74170675	CpG: 76	717	76	497	21.2	69.3	0.88
1158	chr4	75196298	75196635	CpG: 31	337	31	210	18.4	62.3	0.97
1167	chr4	76367580	76368224	CpG: 78	644	78	420	24.2	65.2	1.16
1181	chr4	78129945	78130253	CpG: 49	308	49	216	31.8	70.1	1.31
1201	chr4	80829422	80829835	CpG: 34	413	34	248	16.5	60	0.91
1205	chr4	81360675	81361181	CpG: 79	506	79	398	31.2	78.7	1.01
1213	chr4	82422583	82425178	CpG: 210	2595	210	1500	16.2	57.8	0.97
1213	chr4	82431395	82431736	CpG: 45	341	45	261	26.4	76.5	0.9
1216	chr4	82777457	82778038	CpG: 64	581	64	380	22	65.4	1.03
1220	chr4	83241835	83242573	CpG: 77	738	77	504	20.9	68.3	0.91
1220	chr4	83335759	83336401	CpG: 58	642	58	421	18.1	65.6	0.84
1221	chr4	83403895	83404934	CpG: 88	1039	88	582	16.9	56	1.09
1221	chr4	83443375	83443860	CpG: 51	485	51	277	21	57.1	1.29
1229	chr4	84463565	84463961	CpG: 43	396	43	246	21.7	62.1	1.13
1230	chr4	84592648	84594303	CpG: 164	1655	164	1053	19.8	63.6	0.98
1231	chr4	84802406	84803198	CpG: 96	792	96	546	24.2	68.9	1.02
1234	chr4	85123497	85124367	CpG: 86	870	86	603	19.8	69.3	0.84
1236	chr4	85432423	85432775	CpG: 30	352	30	247	17	70.2	0.69
1244	chr4	86493837	86494307	CpG: 52	470	52	308	22.1	65.5	1.03
1245	chr4	86529728	86530316	CpG: 54	588	54	381	18.4	64.8	0.9
1246	chr4	86666559	86667483	CpG: 98	924	98	665	21.2	72	0.83
1247	chr4	86774990	86775990	CpG: 85	1000	85	582	17	58.2	1
1247	chr4	86792270	86792957	CpG: 67	687	67	464	19.5	67.5	0.86
1249	chr4	87148384	87148825	CpG: 58	441	58	329	26.3	74.6	0.95
1256	chr4	87949836	87951767	CpG: 170	1931	170	1149	17.6	59.5	1
1256	chr4	88012733	88013306	CpG: 53	573	53	394	18.5	68.8	0.8
1261	chr4	88640137	88640910	CpG: 76	773	76	519	19.7	67.1	0.87
1261	chr4	88678687	88678904	CpG: 23	217	23	155	21.2	71.4	0.83
1261	chr4	88681600	88682117	CpG: 42	517	42	339	16.2	65.6	0.76
1261	chr4	88691907	88692218	CpG: 32	311	32	215	20.6	69.1	0.86
1261	chr4	88694835	88695146	CpG: 32	311	32	215	20.6	69.1	0.86
1261	chr4	88697763	88698074	CpG: 32	311	32	215	20.6	69.1	0.86
1261	chr4	88700699	88701010	CpG: 31	311	31	214	19.9	68.8	0.84
1261	chr4	88703622	88703933	CpG: 30	311	30	213	19.3	68.5	0.82
1261	chr4	88706545	88706770	CpG: 25	225	25	160	22.2	71.1	0.88
1261	chr4	88709463	88709688	CpG: 27	225	27	162	24	72	0.93
1261	chr4	88712400	88712711	CpG: 32	311	32	215	20.6	69.1	0.86
1261	chr4	88715310	88715535	CpG: 27	225	27	162	24	72	0.93
1261	chr4	88718233	88718544	CpG: 32	311	32	215	20.6	69.1	0.86
1261	chr4	88721167	88721478	CpG: 32	311	32	215	20.6	69.1	0.86
1261	chr4	88724099	88724410	CpG: 32	311	32	216	20.6	69.5	0.86
1262	chr4	88786343	88786692	CpG: 23	349	23	194	13.2	55.6	0.85
1262	chr4	88856289	88856931	CpG: 82	642	82	420	25.5	65.4	1.21
1264	chr4	89055596	89056127	CpG: 42	531	42	368	15.8	69.3	0.66
1265	chr4	89194909	89195205	CpG: 30	296	30	188	20.3	63.5	1.01
1265	chr4	89212369	89213790	CpG: 158	1421	158	961	22.2	67.6	0.99
1265	chr4	89225267	89225486	CpG: 19	219	19	146	17.4	66.7	0.78
1265	chr4	89228844	89229277	CpG: 48	433	48	308	22.2	71.1	0.88
1268	chr4	89576360	89577047	CpG: 77	687	77	476	22.4	69.3	0.94
1281	chr4	91259401	91260404	CpG: 123	1003	123	722	24.5	72	0.96
1281	chr4	91262884	91263360	CpG: 39	476	39	295	16.4	62	0.88
1281	chr4	91288805	91289108	CpG: 30	303	30	219	19.8	72.3	0.76
1296	chr4	93222960	93224008	CpG: 140	1048	140	798	26.7	76.1	0.92
1305	chr4	94444562	94445097	CpG: 61	535	61	316	22.8	59.1	1.31
1305	chr4	94490931	94491755	CpG: 85	824	85	551	20.6	66.9	0.93
1305	chr4	94502635	94502877	CpG: 26	242	26	157	21.5	64.9	1.03
1308	chr4	94866940	94867626	CpG: 61	686	61	407	17.8	59.3	1.04
1309	chr4	94938222	94941461	CpG: 257	3239	257	1960	15.9	60.5	0.87
1310	chr4	95049466	95049719	CpG: 38	253	38	205	30	81	0.95
1316	chr4	95855253	95855947	CpG: 82	694	82	494	23.6	71.2	0.93
1329	chr4	97634045	97634363	CpG: 27	318	27	191	17	60.1	0.95
1329	chr4	97639831	97640238	CpG: 30	407	30	251	14.7	61.7	0.78
1330	chr4	97660283	97660648	CpG: 29	365	29	225	15.9	61.6	0.84
1330	chr4	97665409	97667133	CpG: 159	1724	159	995	18.4	57.7	1.11
1334	chr4	98271165	98271506	CpG: 34	341	34	244	19.9	71.6	0.79
1334	chr4	98283906	98284451	CpG: 65	545	65	391	23.9	71.7	0.93
1338	chr4	98705285	98705999	CpG: 79	714	79	498	22.1	69.7	0.91
1338	chr4	98811049	98812781	CpG: 172	1732	172	1110	19.9	64.1	0.97
1340	chr4	99008575	99009390	CpG: 95	815	95	517	23.3	63.4	1.16
1342	chr4	99333701	99333980	CpG: 22	279	22	177	15.8	63.4	0.78
1344	chr4	99539133	99539806	CpG: 61	673	61	399	18.1	59.3	1.03
1344	chr4	99541600	99542192	CpG: 45	592	45	324	15.2	54.7	1.02
1344	chr4	99544148	99546187	CpG: 212	2039	212	1331	20.8	65.3	0.98
1344	chr4	99603588	99604128	CpG: 52	540	52	376	19.3	69.6	0.8
1345	chr4	99717318	99717752	CpG: 34	434	34	242	15.7	55.8	1.01
1346	chr4	99786577	99787360	CpG: 71	783	71	527	18.1	67.3	0.8
1347	chr4	99952952	99953623	CpG: 56	671	56	419	16.7	62.4	0.86
1352	chr4	100633629	100635205	CpG: 152	1576	152	1083	19.3	68.7	0.82
1355	chr4	100925985	100926945	CpG: 101	960	101	679	21	70.7	0.86
1356	chr4	101121728	101122518	CpG: 91	790	91	539	23	68.2	1
1356	chr4	101149306	101149673	CpG: 37	367	37	236	20.2	64.3	0.98
1356	chr4	101150171	101150567	CpG: 38	396	38	270	19.2	68.2	0.83
1357	chr4	101213251	101214128	CpG: 110	877	110	597	25.1	68.1	1.08
1357	chr4	101276335	101277723	CpG: 136	1388	136	920	19.6	66.3	0.9
1358	chr4	101353572	101354170	CpG: 71	598	71	426	23.7	71.2	0.94
1358	chr4	101366046	101366260	CpG: 17	214	17	143	15.9	66.8	0.71
1358	chr4	101407441	101408098	CpG: 56	657	56	425	17	64.7	0.85
1359	chr4	101504808	101505231	CpG: 41	423	41	285	19.4	67.4	0.88
1359	chr4	101574542	101574814	CpG: 27	272	27	188	19.9	69.1	0.84
1362	chr4	101944733	101945429	CpG: 71	696	71	482	20.4	69.3	0.88
1367	chr4	102616509	102616751	CpG: 25	242	25	169	20.7	69.8	0.85
1367	chr4	102617266	102617518	CpG: 19	252	19	168	15.1	66.7	0.78
1370	chr4	102971121	102972079	CpG: 91	958	91	566	19	59.1	1.09
1370	chr4	102976394	102977110	CpG: 117	716	117	570	32.7	79.6	1.03
1371	chr4	103071631	103072617	CpG: 117	986	117	708	23.7	71.8	0.93
1372	chr4	103170870	103171372	CpG: 45	502	45	305	17.9	60.8	0.98
1374	chr4	103476803	103477319	CpG: 48	516	48	350	18.6	67.8	0.83
1380	chr4	104224170	104225101	CpG: 114	931	114	687	24.5	73.8	0.91
1385	chr4	104966623	104967352	CpG: 58	729	58	421	15.9	57.8	0.96
1386	chr4	105014660	105015663	CpG: 90	1003	90	666	17.9	66.4	0.82
1392	chr4	105896790	105897002	CpG: 21	212	21	152	19.8	71.7	0.89
1395	chr4	106172913	106174142	CpG: 139	1229	139	823	22.6	67	1.01
1396	chr4	106321107	106321445	CpG: 27	338	27	220	16	65.1	0.76
1396	chr4	106418002	106418704	CpG: 79	702	79	462	22.5	65.8	1.04
1397	chr4	106479592	106480296	CpG: 53	704	53	478	15.1	67.9	0.65
1397	chr4	106496209	106496526	CpG: 27	317	27	209	17	65.9	0.8
1397	chr4	106508127	106508498	CpG: 29	371	29	231	15.6	62.3	0.81
1397	chr4	106535836	106536238	CpG: 37	402	37	258	18.4	64.2	0.91
1398	chr4	106685077	106685384	CpG: 33	307	33	215	21.5	70	0.89
1399	chr4	106696240	106697561	CpG: 104	1321	104	820	15.7	62.1	0.82
1399	chr4	106767914	106769714	CpG: 223	1800	223	1310	24.8	72.8	0.95
1400	chr4	106884222	106884538	CpG: 24	316	24	200	15.2	63.3	0.81
1400	chr4	106923709	106924644	CpG: 78	935	78	577	16.7	61.7	0.88
1401	chr4	107035419	107036546	CpG: 83	1127	83	684	14.7	60.7	0.8
1402	chr4	107110408	107111292	CpG: 81	884	81	553	18.3	62.6	0.98
1402	chr4	107171374	107171596	CpG: 21	222	21	135	18.9	60.8	1.02
1403	chr4	107224954	107225492	CpG: 45	538	45	354	16.7	65.8	0.78
1403	chr4	107291446	107293166	CpG: 138	1720	138	1054	16	61.3	0.86
1405	chr4	107540741	107541189	CpG: 36	448	36	302	16.1	67.4	0.72
1406	chr4	107659088	107661072	CpG: 178	1984	178	1319	17.9	66.5	0.82
1406	chr4	107703407	107703810	CpG: 52	403	52	290	25.8	72	1
1406	chr4	107711439	107711645	CpG: 18	206	18	123	17.5	59.7	0.98
1406	chr4	107736856	107737327	CpG: 43	471	43	279	18.3	59.2	1.05
1407	chr4	107746884	107747414	CpG: 49	530	49	339	18.5	64	0.92
1407	chr4	107780566	107780901	CpG: 32	335	32	237	19.1	70.7	0.76
1408	chr4	107878378	107878596	CpG: 15	218	15	136	13.8	62.4	0.71
1408	chr4	107888739	107889499	CpG: 85	760	85	556	22.4	73.2	0.84
1408	chr4	107975479	107975816	CpG: 33	337	33	216	19.6	64.1	0.96
1409	chr4	108022592	108022822	CpG: 31	230	31	166	27	72.2	1.07
1409	chr4	108074533	108075401	CpG: 75	868	75	507	17.3	58.4	1.03
1410	chr4	108157980	108158182	CpG: 21	202	21	150	20.8	74.3	0.77
1410	chr4	108185242	108185653	CpG: 35	411	35	270	17	65.7	0.82
1410	chr4	108240402	108240894	CpG: 54	492	54	347	22	70.5	0.89
1410	chr4	108263489	108264009	CpG: 49	520	49	355	18.8	68.3	0.81
1411	chr4	108316427	108317711	CpG: 101	1284	101	714	15.7	55.6	1.02
1411	chr4	108317847	108318053	CpG: 16	206	16	124	15.5	60.2	0.86
1412	chr4	108436435	108437008	CpG: 51	573	51	355	17.8	62	0.93
1412	chr4	108476849	108477587	CpG: 83	738	83	476	22.5	64.5	1.08
1413	chr4	108637242	108638247	CpG: 121	1005	121	715	24.1	71.1	0.96
1414	chr4	108690460	108690997	CpG: 45	537	45	318	16.8	59.2	0.96
1414	chr4	108705019	108705858	CpG: 86	839	86	552	20.5	65.8	0.95
1414	chr4	108736217	108736583	CpG: 30	366	30	254	16.4	69.4	0.68
1415	chr4	108857527	108858275	CpG: 58	748	58	425	15.5	56.8	0.96
1416	chr4	108975012	108975366	CpG: 29	354	29	238	16.4	67.2	0.73
1417	chr4	109059031	109059537	CpG: 45	506	45	330	17.8	65.2	0.85
1417	chr4	109137313	109138363	CpG: 87	1050	87	579	16.6	55.1	1.09
1418	chr4	109263880	109264530	CpG: 76	650	76	481	23.4	74	0.85
1419	chr4	109333231	109334118	CpG: 96	887	96	622	21.6	70.1	0.88
1420	chr4	109514333	109514916	CpG: 45	583	45	413	15.4	70.8	0.62
1420	chr4	109522874	109524370	CpG: 142	1496	142	1002	19	67	0.85
1420	chr4	109533485	109534362	CpG: 97	877	97	580	22.1	66.1	1.01
1422	chr4	109834529	109835812	CpG: 101	1283	101	795	15.7	62	0.82
1422	chr4	109837068	109837617	CpG: 69	549	69	396	25.1	72.1	0.97
1423	chr4	109838837	109841449	CpG: 216	2612	216	1601	16.5	61.3	0.88
1423	chr4	109908226	109908535	CpG: 34	309	34	215	22	69.6	0.92
1425	chr4	110208507	110209173	CpG: 72	666	72	455	21.6	68.3	0.93
1426	chr4	110254852	110255092	CpG: 25	240	25	164	20.8	68.3	0.9
1433	chr4	111271956	111272710	CpG: 75	754	75	511	19.9	67.8	0.87
1436	chr4	111577128	111577506	CpG: 42	378	42	283	22.2	74.9	0.83
1445	chr4	112836547	112837039	CpG: 45	492	45	338	18.3	68.7	0.78
1456	chr4	114263161	114264123	CpG: 122	962	122	759	25.4	78.9	0.85
1459	chr4	114678873	114679310	CpG: 43	437	43	279	19.7	63.8	0.97
1460	chr4	114700377	114700919	CpG: 46	542	46	337	17	62.2	0.88
1460	chr4	114759250	114759543	CpG: 28	293	28	192	19.1	65.5	0.89
1460	chr4	114759892	114760094	CpG: 19	202	19	118	18.8	58.4	1.14
1460	chr4	114764315	114766757	CpG: 190	2442	190	1421	15.6	58.2	0.92
1460	chr4	114782218	114783287	CpG: 148	1069	148	784	27.7	73.3	1.05
1461	chr4	114843894	114844502	CpG: 80	608	80	417	26.3	68.6	1.12
1461	chr4	114857148	114857606	CpG: 46	458	46	297	20.1	64.8	0.96
1461	chr4	114913578	114914415	CpG: 87	837	87	556	20.8	66.4	0.94
1461	chr4	114920331	114920820	CpG: 62	489	62	367	25.4	75.1	0.9
1466	chr4	115594759	115595272	CpG: 48	513	48	350	18.7	68.2	0.8
1467	chr4	115642020	115642578	CpG: 65	558	65	404	23.3	72.4	0.9
1467	chr4	115685133	115685462	CpG: 40	329	40	235	24.3	71.4	0.96
1467	chr4	115696230	115696622	CpG: 36	392	36	258	18.4	65.8	0.85
1468	chr4	115747697	115748072	CpG: 35	375	35	251	18.7	66.9	0.83
1468	chr4	115755163	115755752	CpG: 56	589	56	416	19	70.6	0.76
1468	chr4	115793400	115793609	CpG: 18	209	18	130	17.2	62.2	0.92
1468	chr4	115796115	115797406	CpG: 103	1291	103	799	16	61.9	0.86
1468	chr4	115801182	115801500	CpG: 35	318	35	221	22	69.5	0.93
1468	chr4	115820006	115820581	CpG: 63	575	63	364	21.9	63.3	1.09
1468	chr4	115836667	115836971	CpG: 37	304	37	212	24.3	69.7	1.01
1469	chr4	115874464	115875187	CpG: 73	723	73	501	20.2	69.3	0.85
1469	chr4	115910896	115911156	CpG: 24	260	24	161	18.5	61.9	0.97
1469	chr4	115932563	115933809	CpG: 132	1246	132	903	21.2	72.5	0.84
1470	chr4	116001531	116001878	CpG: 35	347	35	244	20.2	70.3	0.82
1470	chr4	116078040	116079035	CpG: 79	995	79	632	15.9	63.5	0.79
1472	chr4	116320858	116321587	CpG: 86	729	86	441	23.6	60.5	1.31
1472	chr4	116364625	116365165	CpG: 52	540	52	353	19.3	65.4	0.9
1473	chr4	116414229	116415315	CpG: 96	1086	96	696	17.7	64.1	0.87
1473	chr4	116454504	116454848	CpG: 30	344	30	221	17.4	64.2	0.85
1473	chr4	116484007	116484567	CpG: 48	560	48	362	17.1	64.6	0.83
1473	chr4	116508615	116508895	CpG: 21	280	21	182	15	65	0.71
1474	chr4	116542661	116543294	CpG: 60	633	60	398	19	62.9	0.96
1474	chr4	116577952	116578506	CpG: 43	554	43	368	15.5	66.4	0.71
1475	chr4	116664657	116665079	CpG: 41	422	41	262	19.4	62.1	1.02
1475	chr4	116678150	116678735	CpG: 46	585	46	368	15.7	62.9	0.8
1475	chr4	116681883	116682150	CpG: 24	267	24	167	18	62.5	0.95
1475	chr4	116697249	116697550	CpG: 33	301	33	211	21.9	70.1	0.89
1475	chr4	116734201	116735284	CpG: 150	1083	150	786	27.7	72.6	1.05
1476	chr4	116852551	116852978	CpG: 51	427	51	313	23.9	73.3	0.89
1476	chr4	116876466	116876871	CpG: 47	405	47	278	23.2	68.6	0.99
1477	chr4	116953055	116953534	CpG: 41	479	41	326	17.1	68.1	0.74
1477	chr4	116966592	116966808	CpG: 19	216	19	149	17.6	69	0.74
1477	chr4	116977796	116978544	CpG: 63	748	63	484	16.8	64.7	0.81
1477	chr4	116990596	116991235	CpG: 78	639	78	446	24.4	69.8	1
1477	chr4	117006063	117006276	CpG: 22	213	22	141	20.7	66.2	0.94
1477	chr4	117012706	117013431	CpG: 79	725	79	506	21.8	69.8	0.9
1478	chr4	117109054	117109309	CpG: 23	255	23	153	18	60	1.02
1478	chr4	117146184	117146669	CpG: 61	485	61	359	25.2	74	0.93
1478	chr4	117161386	117161743	CpG: 48	357	48	262	26.9	73.4	1.03
1480	chr4	117341620	117342158	CpG: 62	538	62	375	23	69.7	0.95
1480	chr4	117351556	117353906	CpG: 178	2350	178	1450	15.1	61.7	0.8
1480	chr4	117407412	117407833	CpG: 45	421	45	303	21.4	72	0.85
1481	chr4	117539111	117539600	CpG: 35	489	35	304	14.3	62.2	0.75
1482	chr4	117586581	117586786	CpG: 25	205	25	126	24.4	61.5	1.31
1482	chr4	117692536	117693930	CpG: 122	1394	122	902	17.5	64.7	0.84
1483	chr4	117725149	117725442	CpG: 21	293	21	183	14.3	62.5	0.74
1483	chr4	117740145	117740809	CpG: 92	664	92	533	27.7	80.3	0.86
1483	chr4	117744054	117744659	CpG: 64	605	64	427	21.2	70.6	0.85
1483	chr4	117748792	117749059	CpG: 24	267	24	167	18	62.5	0.97
1483	chr4	117772012	117772502	CpG: 51	490	51	328	20.8	66.9	0.93
1483	chr4	117783803	117784421	CpG: 68	618	68	438	22	70.9	0.9
1483	chr4	117786609	117787012	CpG: 32	403	32	279	15.9	69.2	0.66
1485	chr4	117991573	117992341	CpG: 84	768	84	558	21.9	72.7	0.83
1485	chr4	118069239	118069444	CpG: 17	205	17	121	16.6	59	0.96
1486	chr4	118118032	118118264	CpG: 24	232	24	165	20.7	71.1	0.82
1486	chr4	118147652	118148396	CpG: 109	744	109	583	29.3	78.4	0.98
1486	chr4	118217153	118217486	CpG: 43	333	43	250	25.8	75.1	0.92
1487	chr4	118266316	118266848	CpG: 48	532	48	358	18	67.3	0.83
1487	chr4	118294145	118294775	CpG: 62	630	62	401	19.7	63.7	0.98
1487	chr4	118343602	118343829	CpG: 19	227	19	150	16.7	66.1	0.77
1488	chr4	118399098	118399345	CpG: 20	247	20	163	16.2	66	0.75
1488	chr4	118477937	118478479	CpG: 43	542	43	328	15.9	60.5	0.9
1492	chr4	118965882	118966431	CpG: 68	549	68	394	24.8	71.8	0.96
1493	chr4	119031161	119031452	CpG: 31	291	31	195	21.3	67	0.95
1493	chr4	119052496	119052831	CpG: 34	335	34	199	20.3	59.4	1.16
1493	chr4	119089564	119090661	CpG: 92	1097	92	698	16.8	63.6	0.83
1493	chr4	119139385	119139586	CpG: 17	201	17	113	16.9	56.2	1.07
1494	chr4	119150880	119152191	CpG: 142	1311	142	840	21.7	64.1	1.06
1494	chr4	119177379	119177790	CpG: 40	411	40	261	19.5	63.5	0.98
1494	chr4	119272380	119272785	CpG: 40	405	40	274	19.8	67.7	0.86
1495	chr4	119279172	119280169	CpG: 83	997	83	624	16.6	62.6	0.85
1495	chr4	119349415	119349963	CpG: 60	548	60	333	21.9	60.8	1.19
1495	chr4	119378273	119378515	CpG: 23	242	23	150	19	62	0.99
1495	chr4	119396426	119397480	CpG: 137	1054	137	750	26	71.2	1.03
1497	chr4	119590752	119591530	CpG: 95	778	95	559	24.4	71.9	0.95
1498	chr4	119672011	119672302	CpG: 32	291	32	194	22	66.7	0.99
1499	chr4	119889582	119890440	CpG: 103	858	103	632	24	73.7	0.89
1500	chr4	120005932	120006221	CpG: 37	289	37	203	25.6	70.2	1.05
1501	chr4	120125143	120126370	CpG: 144	1227	144	872	23.5	71.1	0.93
1501	chr4	120139673	120140195	CpG: 49	522	49	348	18.8	66.7	0.85
1501	chr4	120144016	120145318	CpG: 157	1302	157	956	24.1	73.4	0.89
1502	chr4	120262189	120263173	CpG: 104	984	104	610	21.1	62	1.1
1503	chr4	120426728	120427901	CpG: 116	1173	116	796	19.8	67.9	0.86
1504	chr4	120506952	120507311	CpG: 43	359	43	264	24	73.5	0.89
1504	chr4	120523716	120524654	CpG: 76	938	76	530	16.2	56.5	1.02
1504	chr4	120555115	120555459	CpG: 26	344	26	219	15.1	63.7	0.82
1505	chr4	120588208	120588606	CpG: 34	398	34	252	17.1	63.3	0.86
1505	chr4	120603973	120604822	CpG: 114	849	114	614	26.9	72.3	1.04
1505	chr4	120682296	120683086	CpG: 95	790	95	558	24.1	70.6	0.97
1505	chr4	120711915	120712491	CpG: 61	576	61	413	21.2	71.7	0.82
1506	chr4	120808567	120809101	CpG: 66	534	66	397	24.7	74.3	0.93
1507	chr4	120873810	120874600	CpG: 68	790	68	533	17.2	67.5	0.76
1507	chr4	120896806	120897013	CpG: 22	207	22	140	21.3	67.6	0.97
1508	chr4	121071838	121072470	CpG: 56	632	56	383	17.7	60.6	1
1521	chr4	122779617	122779921	CpG: 29	304	29	202	19.1	66.4	0.87
1522	chr4	122854670	122855114	CpG: 45	444	45	303	20.3	68.2	0.91
1522	chr4	122889433	122890805	CpG: 134	1372	134	954	19.5	69.5	0.81
1522	chr4	122910317	122910685	CpG: 32	368	32	243	17.4	66	0.81
1523	chr4	122998411	122999436	CpG: 99	1025	99	688	19.3	67.1	0.86
1523	chr4	123010052	123011249	CpG: 110	1197	110	747	18.4	62.4	0.95
1524	chr4	123077102	123077461	CpG: 34	359	34	233	18.9	64.9	0.9
1524	chr4	123082834	123083038	CpG: 19	204	19	121	18.6	59.3	1.06
1524	chr4	123095115	123095418	CpG: 33	303	33	224	21.8	73.9	0.82
1524	chr4	123127401	123127873	CpG: 41	472	41	289	17.4	61.2	0.94
1524	chr4	123133250	123133643	CpG: 38	393	38	240	19.3	61.1	1.05
1524	chr4	123176400	123177556	CpG: 86	1156	86	666	14.9	57.6	0.9
1525	chr4	123216211	123217408	CpG: 112	1197	112	755	18.7	63.1	0.94
1525	chr4	123236096	123236883	CpG: 87	787	87	541	22.1	68.7	0.94
1525	chr4	123305203	123306234	CpG: 97	1031	97	743	18.8	72.1	0.73
1527	chr4	123557747	123559217	CpG: 163	1470	163	1000	22.2	68	0.97
1527	chr4	123580295	123581370	CpG: 135	1075	135	786	25.1	73.1	0.96
1528	chr4	123611942	123612178	CpG: 24	236	24	148	20.3	62.7	1.05
1528	chr4	123643529	123644394	CpG: 89	865	89	597	20.6	69	0.86
1529	chr4	123798563	123799324	CpG: 93	761	93	540	24.4	71	0.97
1529	chr4	123810927	123811904	CpG: 79	977	79	582	16.2	59.6	0.91
1530	chr4	123884517	123884738	CpG: 21	221	21	154	19	69.7	0.79
1531	chr4	124072481	124072714	CpG: 28	233	28	157	24	67.4	1.06
1534	chr4	124469003	124469669	CpG: 65	666	65	425	19.5	63.8	0.96
1535	chr4	124550575	124553553	CpG: 300	2978	300	1876	20.1	63	1.02
1535	chr4	124553701	124553990	CpG: 24	289	24	177	16.6	61.2	0.92
1535	chr4	124587153	124587396	CpG: 22	243	22	162	18.1	66.7	0.82
1535	chr4	124594476	124594791	CpG: 32	315	32	202	20.3	64.1	1.02
1535	chr4	124602780	124603036	CpG: 22	256	22	168	17.2	65.6	0.81
1535	chr4	124608446	124609152	CpG: 54	706	54	424	15.3	60.1	0.85
1535	chr4	124645108	124645873	CpG: 70	765	70	497	18.3	65	0.93
1536	chr4	124695911	124696518	CpG: 49	607	49	407	16.1	67.1	0.72
1536	chr4	124744026	124745267	CpG: 168	1241	168	920	27.1	74.1	0.99
1536	chr4	124755460	124756238	CpG: 107	778	107	576	27.5	74	1.01
1536	chr4	124775253	124775767	CpG: 40	514	40	342	15.6	66.5	0.72
1536	chr4	124776114	124776567	CpG: 38	453	38	289	16.8	63.8	0.84
1536	chr4	124779343	124779936	CpG: 48	593	48	383	16.2	64.6	0.78
1537	chr4	124788349	124788875	CpG: 73	526	73	397	27.8	75.5	0.99
1537	chr4	124830293	124830954	CpG: 55	661	55	384	16.6	58.1	0.99
1537	chr4	124880053	124880941	CpG: 84	888	84	565	18.9	63.6	0.97
1538	chr4	124923668	124924068	CpG: 47	400	47	269	23.5	67.2	1.07
1538	chr4	124960343	124960944	CpG: 61	601	61	371	20.3	61.7	1.07
1538	chr4	124978796	124979512	CpG: 66	716	66	420	18.4	58.7	1.09
1538	chr4	125021259	125021938	CpG: 60	679	60	411	17.7	60.5	0.97
1541	chr4	125383743	125385705	CpG: 194	1962	194	1322	19.8	67.4	0.88
1541	chr4	125397927	125398307	CpG: 33	380	33	231	17.4	60.8	0.95
1543	chr4	125623371	125623599	CpG: 19	228	19	122	16.7	53.5	1.16
1545	chr4	125940708	125941003	CpG: 35	295	35	206	23.7	69.8	0.97
1545	chr4	125952074	125952601	CpG: 44	527	44	312	16.7	59.2	0.96
1546	chr4	125990329	125990639	CpG: 32	310	32	210	20.6	67.7	0.91
1546	chr4	125997871	125998218	CpG: 36	347	36	245	20.7	70.6	0.84
1546	chr4	126042276	126043473	CpG: 98	1197	98	821	16.4	68.6	0.7
1546	chr4	126056464	126057130	CpG: 62	666	62	453	18.6	68	0.81
1547	chr4	126096194	126096816	CpG: 56	622	56	388	18	62.4	0.93
1547	chr4	126127957	126128281	CpG: 24	324	24	210	14.8	64.8	0.72
1547	chr4	126130688	126131027	CpG: 40	339	40	232	23.6	68.4	1.03
1547	chr4	126149552	126150410	CpG: 94	858	94	606	21.9	70.6	0.88
1547	chr4	126156022	126156368	CpG: 33	346	33	228	19.1	65.9	0.92
1547	chr4	126180395	126180909	CpG: 52	514	52	352	20.2	68.5	0.88
1547	chr4	126194905	126195342	CpG: 36	437	36	300	16.5	68.6	0.7
1547	chr4	126214934	126215708	CpG: 71	774	71	467	18.3	60.3	1.02
1548	chr4	126323017	126323615	CpG: 56	598	56	390	18.7	65.2	0.88
1549	chr4	126362196	126362641	CpG: 40	445	40	282	18	63.4	0.91
1549	chr4	126426632	126427503	CpG: 77	871	77	478	17.7	54.9	1.18
1549	chr4	126450492	126451215	CpG: 58	723	58	449	16	62.1	0.83
1550	chr4	126503400	126503935	CpG: 48	535	48	367	17.9	68.6	0.76
1550	chr4	126571345	126571691	CpG: 30	346	30	229	17.3	66.2	0.79
1551	chr4	126626214	126626522	CpG: 24	308	24	166	15.6	53.9	1.07
1551	chr4	126628979	126630099	CpG: 123	1120	123	808	22	72.1	0.86
1551	chr4	126646753	126647905	CpG: 93	1152	93	746	16.1	64.8	0.78
1552	chr4	126861329	126862070	CpG: 79	741	79	505	21.3	68.2	0.94
1553	chr4	126915104	126916297	CpG: 124	1193	124	790	20.8	66.2	0.98
1553	chr4	126954792	126955039	CpG: 26	247	26	169	21.1	68.4	0.9
1553	chr4	126970828	126971371	CpG: 47	543	47	336	17.3	61.9	0.92
1554	chr4	127019685	127020057	CpG: 32	372	32	240	17.2	64.5	0.85
1554	chr4	127062577	127063455	CpG: 91	878	91	601	20.7	68.5	0.89
1554	chr4	127108450	127108774	CpG: 29	324	29	230	17.9	71	0.74
1554	chr4	127127441	127127713	CpG: 26	272	26	198	19.1	72.8	0.75
1554	chr4	127129689	127130605	CpG: 88	916	88	617	19.2	67.4	0.85
1554	chr4	127137440	127137898	CpG: 42	458	42	312	18.3	68.1	0.79
1555	chr4	127207615	127207827	CpG: 22	212	22	150	20.8	70.8	0.83
1555	chr4	127219984	127220282	CpG: 22	298	22	175	14.8	58.7	0.86
1560	chr4	127865332	127865578	CpG: 25	246	25	168	20.3	68.3	0.89
1560	chr4	127881547	127881966	CpG: 47	419	47	268	22.4	64	1.1
1560	chr4	127882439	127882671	CpG: 21	232	21	168	18.1	72.4	0.7
1565	chr4	128524021	128524277	CpG: 25	256	25	166	19.5	64.8	1.12
1565	chr4	128548604	128548992	CpG: 55	388	55	290	28.4	74.7	1.03
1566	chr4	128621169	128622063	CpG: 104	894	104	580	23.3	64.9	1.11
1566	chr4	128660834	128661313	CpG: 37	479	37	301	15.4	62.8	0.79
1566	chr4	128699410	128700484	CpG: 145	1074	145	741	27	69	1.15
1567	chr4	128777265	128778388	CpG: 113	1123	113	765	20.1	68.1	0.87
1567	chr4	128818787	128819008	CpG: 20	221	20	137	18.1	62	0.95
1568	chr4	128855799	128856506	CpG: 52	707	52	406	14.7	57.4	0.9
1568	chr4	128886839	128887376	CpG: 46	537	46	342	17.1	63.7	0.86
1568	chr4	128942428	128943041	CpG: 48	613	48	406	15.7	66.2	0.72
1568	chr4	128951750	128952733	CpG: 114	983	114	643	23.2	65.4	1.09
1569	chr4	128999149	128999500	CpG: 38	351	38	254	21.7	72.4	0.84
1569	chr4	129014737	129015438	CpG: 53	701	53	461	15.1	65.8	0.7
1569	chr4	129082663	129083986	CpG: 123	1323	123	910	18.6	68.8	0.79
1570	chr4	129117192	129117455	CpG: 20	263	20	183	15.2	69.6	0.64
1570	chr4	129117576	129118251	CpG: 49	675	49	448	14.5	66.4	0.66
1570	chr4	129132618	129133153	CpG: 53	535	53	403	19.8	75.3	0.7
1570	chr4	129141882	129142519	CpG: 89	637	89	491	27.9	77.1	0.95
1570	chr4	129181353	129181718	CpG: 47	365	47	272	25.8	74.5	0.93
1570	chr4	129228398	129229788	CpG: 138	1390	138	885	19.9	63.7	0.98
1571	chr4	129270839	129271834	CpG: 100	995	100	617	20.1	62	1.05
1571	chr4	129355128	129355711	CpG: 40	583	40	366	13.7	62.8	0.75
1572	chr4	129384972	129385675	CpG: 62	703	62	497	17.6	70.7	0.72
1572	chr4	129394436	129394765	CpG: 30	329	30	231	18.2	70.2	0.77
1572	chr4	129407308	129408355	CpG: 120	1047	120	751	22.9	71.7	0.89
1572	chr4	129436090	129436745	CpG: 52	655	52	414	15.9	63.2	0.84
1572	chr4	129478950	129479203	CpG: 21	253	21	156	16.6	61.7	0.87
1572	chr4	129494119	129494672	CpG: 45	553	45	338	16.3	61.1	0.87
1573	chr4	129512686	129513010	CpG: 30	324	30	202	18.5	62.3	0.96
1573	chr4	129534325	129534988	CpG: 65	663	65	432	19.6	65.2	0.94
1573	chr4	129566085	129566619	CpG: 46	534	46	318	17.2	59.6	1
1573	chr4	129590330	129590797	CpG: 49	467	49	325	21	69.6	0.89
1574	chr4	129635072	129636622	CpG: 168	1550	168	1042	21.7	67.2	0.97
1574	chr4	129704631	129704863	CpG: 20	232	20	152	17.2	65.5	0.8
1574	chr4	129713560	129714713	CpG: 114	1153	114	676	19.8	58.6	1.17
1575	chr4	129878465	129880232	CpG: 164	1767	164	1152	18.6	65.2	0.9
1575	chr4	129881557	129882166	CpG: 51	609	51	390	16.7	64	0.82
1576	chr4	129900443	129900766	CpG: 27	323	27	226	16.7	70	0.7
1576	chr4	129941341	129941708	CpG: 33	367	33	275	18	74.9	0.65
1576	chr4	130001601	130001857	CpG: 19	256	19	136	14.8	53.1	1.05
1577	chr4	130032233	130032958	CpG: 51	725	51	479	14.1	66.1	0.64
1578	chr4	130168683	130169105	CpG: 44	422	44	280	20.9	66.4	0.95
1578	chr4	130201581	130201857	CpG: 22	276	22	170	15.9	61.6	0.88
1578	chr4	130202206	130202702	CpG: 37	496	37	304	14.9	61.3	0.81
1578	chr4	130253670	130254214	CpG: 51	544	51	348	18.8	64	0.92
1579	chr4	130297170	130297751	CpG: 94	581	94	465	32.4	80	1.02
1579	chr4	130390388	130391307	CpG: 84	919	84	538	18.3	58.5	1.07
1580	chr4	130519662	130520262	CpG: 84	600	84	407	28	67.8	1.22
1581	chr4	130589006	130589233	CpG: 23	227	23	149	20.3	65.6	0.94
1581	chr4	130677283	130677509	CpG: 25	226	25	147	22.1	65	1.1
1583	chr4	130901304	130901524	CpG: 17	220	17	113	15.5	51.4	1.19
1588	chr4	131546780	131546989	CpG: 18	209	18	137	17.2	65.6	0.81
1588	chr4	131563690	131563958	CpG: 26	268	26	195	19.4	72.8	0.74
1588	chr4	131564244	131565814	CpG: 158	1570	158	983	20.1	62.6	1.06
1588	chr4	131570697	131571179	CpG: 45	482	45	324	18.7	67.2	0.84
1589	chr4	131600702	131601694	CpG: 102	992	102	613	20.6	61.8	1.09
1589	chr4	131627725	131628144	CpG: 33	419	33	266	15.8	63.5	0.79
1589	chr4	131647510	131649663	CpG: 242	2153	242	1501	22.5	69.7	0.93
1590	chr4	131775709	131776582	CpG: 98	873	98	557	22.5	63.8	1.13
1590	chr4	131801986	131802783	CpG: 64	797	64	526	16.1	66	0.74
1590	chr4	131840813	131841291	CpG: 49	478	49	318	20.5	66.5	0.94
1591	chr4	131871446	131872039	CpG: 77	593	77	426	26	71.8	1.01
1591	chr4	131938525	131939685	CpG: 132	1160	132	728	22.8	62.8	1.15
1592	chr4	132001415	132001744	CpG: 35	329	35	214	21.3	65	1.02
1592	chr4	132030413	132030641	CpG: 27	228	27	156	23.7	68.4	1.03
1592	chr4	132035909	132036219	CpG: 26	310	26	185	16.8	59.7	0.95
1592	chr4	132056649	132057141	CpG: 44	492	44	322	17.9	65.4	0.84
1592	chr4	132072404	132073111	CpG: 86	707	86	491	24.3	69.4	1.01
1592	chr4	132080720	132081036	CpG: 35	316	35	205	22.2	64.9	1.06
1593	chr4	132149314	132150049	CpG: 72	735	72	514	19.6	69.9	0.8
1593	chr4	132191043	132191345	CpG: 29	302	29	186	19.2	61.6	1.03
1593	chr4	132237288	132237939	CpG: 68	651	68	446	20.9	68.5	0.89
1594	chr4	132260606	132261002	CpG: 35	396	35	213	17.7	53.8	1.22
1594	chr4	132262810	132263270	CpG: 52	460	52	327	22.6	71.1	0.95
1594	chr4	132366138	132366659	CpG: 51	521	51	340	19.6	65.3	0.92
1595	chr4	132495632	132496161	CpG: 56	529	56	344	21.2	65	1.05
1596	chr4	132523585	132523788	CpG: 19	203	19	137	18.7	67.5	0.82
1596	chr4	132570372	132570697	CpG: 30	325	30	214	18.5	65.8	0.88
1596	chr4	132611387	132612097	CpG: 71	710	71	478	20	67.3	0.89
1597	chr4	132649413	132650293	CpG: 100	880	100	593	22.7	67.4	1
1597	chr4	132738264	132739922	CpG: 145	1658	145	978	17.5	59	1.01
1597	chr4	132765809	132766951	CpG: 116	1142	116	743	20.3	65.1	0.96
1598	chr4	132788943	132789305	CpG: 25	362	25	241	13.8	66.6	0.64
1598	chr4	132857675	132858177	CpG: 52	502	52	336	20.7	66.9	0.96
1599	chr4	132927602	132927930	CpG: 22	328	22	216	13.4	65.9	0.63
1599	chr4	132939658	132940062	CpG: 53	404	53	303	26.2	75	0.94
1599	chr4	132948086	132948336	CpG: 24	250	24	176	19.2	70.4	0.81
1599	chr4	132968390	132968812	CpG: 50	422	50	311	23.7	73.7	0.88
1599	chr4	132978121	132978457	CpG: 24	336	24	203	14.3	60.4	0.78
1599	chr4	132978667	132978888	CpG: 27	221	27	154	24.4	69.7	1.02
1599	chr4	133004788	133005276	CpG: 57	488	57	324	23.4	66.4	1.07
1600	chr4	133066137	133066973	CpG: 84	836	84	569	20.1	68.1	0.87
1601	chr4	133195495	133195699	CpG: 19	204	19	142	18.6	69.6	0.77
1601	chr4	133207044	133207271	CpG: 17	227	17	134	15	59	0.86
1601	chr4	133207398	133207622	CpG: 22	224	22	157	19.6	70.1	0.82
1601	chr4	133213599	133214146	CpG: 38	547	38	331	13.9	60.5	0.76
1601	chr4	133225172	133225907	CpG: 72	735	72	467	19.6	63.5	0.97
1601	chr4	133246250	133246880	CpG: 71	630	71	429	22.5	68.1	0.99
1601	chr4	133272970	133273477	CpG: 66	507	66	366	26	72.2	1.01
1602	chr4	133302015	133302551	CpG: 58	536	58	369	21.6	68.8	0.91
1602	chr4	133311476	133312143	CpG: 57	667	57	428	17.1	64.2	0.83
1602	chr4	133326988	133327379	CpG: 45	391	45	279	23	71.4	0.9
1602	chr4	133328637	133328997	CpG: 26	360	26	217	14.4	60.3	0.82
1602	chr4	133360245	133360890	CpG: 87	645	87	474	27	73.5	1.01
1602	chr4	133399642	133400260	CpG: 74	618	74	454	23.9	73.5	0.89
1603	chr4	133479680	133481989	CpG: 235	2309	235	1432	20.4	62	1.06
1603	chr4	133483897	133484255	CpG: 30	358	30	229	16.8	64	0.82
1603	chr4	133540512	133541911	CpG: 142	1399	142	888	20.3	63.5	1.01
1604	chr4	133614706	133615346	CpG: 82	640	82	493	25.6	77	0.89
1604	chr4	133637880	133638527	CpG: 53	647	53	427	16.4	66	0.75
1605	chr4	133694464	133695736	CpG: 146	1272	146	887	23	69.7	0.95
1605	chr4	133728136	133728453	CpG: 33	317	33	203	20.8	64	1.02
1605	chr4	133800212	133800424	CpG: 20	212	20	138	18.9	65.1	0.9
1605	chr4	133809140	133809454	CpG: 30	314	30	217	19.1	69.1	0.8
1606	chr4	133829887	133830222	CpG: 33	335	33	223	19.7	66.6	0.89
1606	chr4	133855846	133856174	CpG: 35	328	35	234	21.3	71.3	0.84
1606	chr4	133913782	133914676	CpG: 82	894	82	575	18.3	64.3	0.89
1607	chr4	133972543	133973102	CpG: 49	559	49	354	17.5	63.3	0.88
1607	chr4	133977057	133977278	CpG: 27	221	27	145	24.4	65.6	1.14
1607	chr4	133978614	133979448	CpG: 82	834	82	539	19.7	64.6	0.94
1607	chr4	134013997	134015328	CpG: 148	1331	148	949	22.2	71.3	0.88
1607	chr4	134070322	134070802	CpG: 47	480	47	329	19.6	68.5	0.85
1608	chr4	134195584	134196469	CpG: 94	885	94	642	21.2	72.5	0.83
1609	chr4	134234243	134234453	CpG: 16	210	16	132	15.2	62.9	0.77
1609	chr4	134238247	134238607	CpG: 39	360	39	245	21.7	68.1	1.03
1609	chr4	134261712	134262805	CpG: 125	1093	125	781	22.9	71.5	0.9
1609	chr4	134279243	134279455	CpG: 40	212	40	181	37.7	85.4	1.06
1610	chr4	134430330	134432032	CpG: 176	1702	176	1178	20.7	69.2	0.87
1611	chr4	134494806	134495434	CpG: 68	628	68	434	21.7	69.1	0.91
1611	chr4	134579781	134581509	CpG: 198	1728	198	1146	22.9	66.3	1.04
1612	chr4	134641990	134642397	CpG: 51	407	51	283	25.1	69.5	1.04
1612	chr4	134650727	134651719	CpG: 123	992	123	659	24.8	66.4	1.12
1612	chr4	134658146	134658780	CpG: 58	634	58	427	18.3	67.4	0.82
1614	chr4	134879386	134880413	CpG: 130	1027	130	717	25.3	69.8	1.04
1614	chr4	134902635	134903133	CpG: 41	498	41	350	16.5	70.3	0.7
1614	chr4	134933437	134933864	CpG: 40	427	40	284	18.7	66.5	0.85
1614	chr4	134999494	135000539	CpG: 109	1045	109	697	20.9	66.7	0.94
1615	chr4	135079687	135081018	CpG: 122	1331	122	813	18.3	61.1	0.98
1615	chr4	135125395	135125675	CpG: 26	280	26	206	18.6	73.6	0.78
1616	chr4	135160878	135161651	CpG: 77	773	77	533	19.9	69	0.84
1616	chr4	135221922	135222510	CpG: 42	588	42	351	14.3	59.7	0.8
1617	chr4	135300608	135300912	CpG: 22	304	22	184	14.5	60.5	0.79
1619	chr4	135582902	135583919	CpG: 121	1017	121	680	23.8	66.9	1.07
1619	chr4	135584168	135584388	CpG: 18	220	18	115	16.4	52.3	1.25
1619	chr4	135600822	135601448	CpG: 55	626	55	403	17.6	64.4	0.85
1619	chr4	135644024	135644233	CpG: 15	209	15	128	14.4	61.2	0.77
1619	chr4	135647998	135648574	CpG: 49	576	49	363	17	63	0.87
1620	chr4	135673707	135674093	CpG: 31	386	31	253	16.1	65.5	0.76
1620	chr4	135690856	135691534	CpG: 57	678	57	445	16.8	65.6	0.78
1620	chr4	135699699	135700003	CpG: 35	304	35	219	23	72	0.96
1620	chr4	135714219	135714793	CpG: 82	574	82	422	28.6	73.5	1.06
1620	chr4	135724754	135724977	CpG: 20	223	20	138	17.9	61.9	0.94
1620	chr4	135748456	135749315	CpG: 86	859	86	558	20	65	0.96
1620	chr4	135779930	135780660	CpG: 60	730	60	458	16.4	62.7	0.85
1621	chr4	135809259	135809482	CpG: 22	223	22	155	19.7	69.5	0.84
1621	chr4	135862364	135862787	CpG: 40	423	40	297	18.9	70.2	0.77
1621	chr4	135870902	135872215	CpG: 93	1313	93	800	14.2	60.9	0.77
1621	chr4	135875111	135875391	CpG: 25	280	25	149	17.9	53.2	1.26
1621	chr4	135875722	135875967	CpG: 21	245	21	159	17.1	64.9	0.86
1621	chr4	135899576	135900528	CpG: 95	952	95	603	20	63.3	1
1622	chr4	135933712	135933974	CpG: 26	262	26	181	19.8	69.1	0.83
1622	chr4	135975232	135976017	CpG: 60	785	60	518	15.3	66	0.73
1622	chr4	136017504	136018147	CpG: 60	643	60	414	18.7	64.4	0.91
1622	chr4	136037780	136039048	CpG: 133	1268	133	890	21	70.2	0.85
1623	chr4	136151778	136152455	CpG: 66	677	66	496	19.5	73.3	0.74
1623	chr4	136170207	136170486	CpG: 20	279	20	159	14.3	57	0.94
1624	chr4	136189669	136190074	CpG: 43	405	43	269	21.2	66.4	0.96
1624	chr4	136197010	136198064	CpG: 115	1054	115	713	21.8	67.6	1
1625	chr4	136329356	136330217	CpG: 99	861	99	568	23	66	1.08
1625	chr4	136364558	136365370	CpG: 95	812	95	539	23.4	66.4	1.06
1625	chr4	136421111	136421347	CpG: 23	236	23	151	19.5	64	0.95
1626	chr4	136482867	136483159	CpG: 31	292	31	198	21.2	67.8	0.92
1626	chr4	136498248	136498858	CpG: 42	610	42	363	13.8	59.5	0.78
1626	chr4	136562233	136563696	CpG: 160	1463	160	1050	21.9	71.8	0.85
1627	chr4	136607798	136608049	CpG: 20	251	20	146	15.9	58.2	0.95
1627	chr4	136673081	136673612	CpG: 40	531	40	327	15.1	61.6	0.8
1627	chr4	136683988	136684456	CpG: 82	468	82	384	35	82.1	1.05
1628	chr4	136775430	136776191	CpG: 74	761	74	487	19.4	64	0.95
1630	chr4	137004093	137005422	CpG: 139	1329	139	872	20.9	65.6	0.98
1630	chr4	137023660	137024098	CpG: 37	438	37	280	16.9	63.9	0.83
1630	chr4	137084246	137085147	CpG: 116	901	116	677	25.7	75.1	0.91
1631	chr4	137115458	137115880	CpG: 40	422	40	264	19	62.6	0.97
1631	chr4	137195649	137195935	CpG: 26	286	26	198	18.2	69.2	0.78
1631	chr4	137196233	137196541	CpG: 32	308	32	224	20.8	72.7	0.8
1632	chr4	137245708	137246048	CpG: 24	340	24	211	14.1	62.1	0.73
1632	chr4	137305653	137306014	CpG: 32	361	32	235	17.7	65.1	0.87
1632	chr4	137320977	137322100	CpG: 96	1123	96	649	17.1	57.8	1.04
1633	chr4	137391921	137392270	CpG: 30	349	30	210	17.2	60.2	0.96
1633	chr4	137408838	137409207	CpG: 46	369	46	271	24.9	73.4	0.95
1633	chr4	137434659	137434963	CpG: 36	304	36	209	23.7	68.8	1.02
1634	chr4	137523177	137523794	CpG: 59	617	59	393	19.1	63.7	0.94
1634	chr4	137589301	137589925	CpG: 59	624	59	431	18.9	69.1	0.8
1635	chr4	137640758	137641247	CpG: 48	489	48	338	19.6	69.1	0.83
1635	chr4	137685297	137685505	CpG: 19	208	19	127	18.3	61.1	0.99
1635	chr4	137720244	137721656	CpG: 130	1412	130	843	18.4	59.7	1.04
1637	chr4	137943710	137944996	CpG: 178	1286	178	943	27.7	73.3	1.04
1637	chr4	137977477	137978115	CpG: 67	638	67	447	21	70.1	0.86
1637	chr4	137989442	137990087	CpG: 82	645	82	471	25.4	73	0.96
1638	chr4	138031965	138032599	CpG: 62	634	62	428	19.6	67.5	0.86
1638	chr4	138053061	138053668	CpG: 73	607	73	459	24.1	75.6	0.85
1638	chr4	138122198	138123872	CpG: 163	1674	163	1140	19.5	68.1	0.84
1639	chr4	138161833	138162313	CpG: 49	480	49	325	20.4	67.7	0.89
1639	chr4	138181310	138181695	CpG: 30	385	30	206	15.6	53.5	1.13
1639	chr4	138182022	138182900	CpG: 87	878	87	550	19.8	62.6	1.01
1642	chr4	138640733	138641166	CpG: 53	433	53	313	24.5	72.3	0.99
1643	chr4	138700523	138700755	CpG: 24	232	24	166	20.7	71.6	0.81
1643	chr4	138801379	138803043	CpG: 143	1664	143	1123	17.2	67.5	0.77
1644	chr4	138819794	138820553	CpG: 85	759	85	484	22.4	63.8	1.1
1644	chr4	138857465	138858466	CpG: 104	1001	104	639	20.8	63.8	1.05
1644	chr4	138919733	138920509	CpG: 82	776	82	575	21.1	74.1	0.77
1645	chr4	139037617	139038456	CpG: 86	839	86	593	20.5	70.7	0.82
1646	chr4	139073369	139073615	CpG: 24	246	24	167	19.5	67.9	0.86
1646	chr4	139079489	139080060	CpG: 58	571	58	393	20.3	68.8	0.86
1646	chr4	139107685	139108516	CpG: 83	831	83	532	20	64	0.97
1647	chr4	139301526	139303042	CpG: 138	1516	138	914	18.2	60.3	1.01
1648	chr4	139332286	139332509	CpG: 17	223	17	127	15.2	57	0.94
1648	chr4	139369320	139369547	CpG: 24	227	24	150	21.1	66.1	0.99
1648	chr4	139396364	139396649	CpG: 23	285	23	181	16.1	63.5	0.81
1649	chr4	139548460	139549204	CpG: 78	744	78	488	21	65.6	0.99
1649	chr4	139550908	139551552	CpG: 53	644	53	393	16.5	61	0.9
1649	chr4	139558816	139560856	CpG: 152	2040	152	1206	14.9	59.1	0.85
1650	chr4	139692876	139693148	CpG: 21	272	21	171	15.4	62.9	0.79
1651	chr4	139761736	139761968	CpG: 21	232	21	160	18.1	69	0.78
1651	chr4	139836611	139836892	CpG: 23	281	23	167	16.4	59.4	0.94
1652	chr4	139971724	139972085	CpG: 29	361	29	240	16.1	66.5	0.75
1652	chr4	139973540	139974265	CpG: 71	725	71	458	19.6	63.2	0.99
1654	chr4	140242347	140242736	CpG: 29	389	29	260	14.9	66.8	0.67
1655	chr4	140375846	140376113	CpG: 40	267	40	217	30	81.3	0.93
1656	chr4	140428567	140430393	CpG: 192	1826	192	1147	21	62.8	1.09
1657	chr4	140633566	140633850	CpG: 29	284	29	194	20.4	68.3	0.88
1658	chr4	140688532	140688980	CpG: 45	448	45	305	20.1	68.1	0.88
1658	chr4	140714068	140714556	CpG: 57	488	57	352	23.4	72.1	0.9
1658	chr4	140737849	140738086	CpG: 24	237	24	172	20.3	72.6	0.8
1658	chr4	140768893	140769116	CpG: 21	223	21	154	18.8	69.1	0.8
1659	chr4	140787416	140788444	CpG: 90	1028	90	652	17.5	63.4	0.88
1659	chr4	140805145	140805779	CpG: 61	634	61	420	19.2	66.2	0.88
1659	chr4	140866531	140867206	CpG: 58	675	58	467	17.2	69.2	0.74
1659	chr4	140875070	140875905	CpG: 91	835	91	560	21.8	67.1	0.97
1660	chr4	140974698	140974992	CpG: 21	294	21	184	14.3	62.6	0.74
1660	chr4	140975138	140975403	CpG: 38	265	38	200	28.7	75.5	1.01
1660	chr4	141018916	141019261	CpG: 41	345	41	248	23.8	71.9	0.93
1660	chr4	141028589	141029170	CpG: 59	581	59	393	20.3	67.6	0.9
1661	chr4	141035764	141036389	CpG: 44	625	44	381	14.1	61	0.76
1661	chr4	141095390	141095852	CpG: 62	462	62	364	26.8	78.8	0.87
1661	chr4	141109676	141109938	CpG: 25	262	25	177	19.1	67.6	0.86
1661	chr4	141153152	141153364	CpG: 17	212	17	141	16	66.5	0.73
1662	chr4	141171906	141172335	CpG: 63	429	63	334	29.4	77.9	0.99
1662	chr4	141191723	141191930	CpG: 16	207	16	136	15.5	65.7	0.72
1662	chr4	141200217	141200488	CpG: 19	271	19	178	14	65.7	0.65
1662	chr4	141204763	141205081	CpG: 22	318	22	179	13.8	56.3	0.88
1662	chr4	141205651	141206453	CpG: 60	802	60	494	15	61.6	0.79
1662	chr4	141263572	141266173	CpG: 235	2601	235	1566	18.1	60.2	1
1662	chr4	141272841	141274442	CpG: 154	1601	154	981	19.2	61.3	1.02
1663	chr4	141327033	141327322	CpG: 34	289	34	220	23.5	76.1	0.86
1663	chr4	141390900	141391685	CpG: 60	785	60	395	15.3	50.3	1.21
1664	chr4	141450085	141450848	CpG: 82	763	82	477	21.5	62.5	1.1
1664	chr4	141517634	141518275	CpG: 69	641	69	444	21.5	69.3	0.9
1664	chr4	141520700	141521340	CpG: 58	640	58	356	18.1	55.6	1.26
1665	chr4	141601943	141602343	CpG: 44	400	44	250	22	62.5	1.14
1666	chr4	141811144	141812003	CpG: 69	859	69	556	16.1	64.7	0.77
1668	chr4	141966138	141966833	CpG: 94	695	94	523	27.1	75.3	0.99
1669	chr4	142204377	142205497	CpG: 111	1120	111	754	19.8	67.3	0.87
1675	chr4	142888277	142888962	CpG: 86	685	86	460	25.1	67.2	1.11
1675	chr4	142938444	142939484	CpG: 116	1040	116	659	22.3	63.4	1.12
1676	chr4	143076565	143077303	CpG: 72	738	72	514	19.5	69.6	0.81
1676	chr4	143115941	143116193	CpG: 36	252	36	192	28.6	76.2	1.02
1676	chr4	143120876	143121423	CpG: 40	547	40	310	14.6	56.7	0.92
1688	chr4	144618825	144619448	CpG: 50	623	50	369	16.1	59.2	0.93
1688	chr4	144620066	144620417	CpG: 30	351	30	230	17.1	65.5	0.83
1690	chr4	144921389	144921699	CpG: 31	310	31	185	20	59.7	1.13
1691	chr4	144972970	144973391	CpG: 30	421	30	270	14.3	64.1	0.7
1692	chr4	145190111	145191007	CpG: 98	896	98	616	21.9	68.8	0.93
1693	chr4	145303660	145303897	CpG: 20	237	20	136	16.9	57.4	1.03
1694	chr4	145366854	145367867	CpG: 108	1013	108	677	21.3	66.8	0.96
1694	chr4	145456665	145456930	CpG: 24	265	24	157	18.1	59.2	1.04
1694	chr4	145471582	145472419	CpG: 110	837	110	606	26.3	72.4	1
1695	chr4	145500851	145501282	CpG: 48	431	48	330	22.3	76.6	0.76
1695	chr4	145563211	145564034	CpG: 93	823	93	562	22.6	68.3	0.97
1698	chr4	146003654	146004495	CpG: 86	841	86	538	20.5	64	1
1700	chr4	146161116	146161381	CpG: 24	265	24	157	18.1	59.2	1.04
1700	chr4	146175819	146176657	CpG: 112	838	112	608	26.7	72.6	1.02
1700	chr4	146199756	146200194	CpG: 39	438	39	289	17.8	66	0.82
1700	chr4	146262125	146262941	CpG: 89	816	89	554	21.8	67.9	0.95
1701	chr4	146334654	146335649	CpG: 106	995	106	660	21.3	66.3	0.97
1702	chr4	146492838	146493250	CpG: 44	412	44	317	21.4	76.9	0.72
1703	chr4	146559208	146560034	CpG: 92	826	92	563	22.3	68.2	0.96
1703	chr4	146649427	146649692	CpG: 23	265	23	157	17.4	59.2	1
1703	chr4	146664351	146665189	CpG: 111	838	111	607	26.5	72.4	1.01
1704	chr4	146688224	146688662	CpG: 38	438	38	288	17.4	65.8	0.8
1705	chr4	146834859	146835062	CpG: 19	203	19	124	18.7	61.1	1.01
1706	chr4	147016758	147017447	CpG: 74	689	74	466	21.5	67.6	0.94
1706	chr4	147026184	147027103	CpG: 99	919	99	617	21.5	67.1	0.96
1707	chr4	147171326	147171591	CpG: 22	265	22	159	16.6	60	0.93
1707	chr4	147186125	147186917	CpG: 89	792	89	490	22.5	61.9	1.17
1708	chr4	147209275	147209703	CpG: 45	428	45	330	21	77.1	0.71
1708	chr4	147271732	147272410	CpG: 70	678	70	446	20.6	65.8	0.95
1709	chr4	147359594	147360573	CpG: 109	979	109	661	22.3	67.5	0.98
1710	chr4	147491362	147492005	CpG: 79	643	79	438	24.6	68.1	1.06
1710	chr4	147527496	147527918	CpG: 47	422	47	318	22.3	75.4	0.79
1712	chr4	147822923	147823611	CpG: 81	688	81	469	23.5	68.2	1.01
1713	chr4	147952824	147953125	CpG: 25	301	25	193	16.6	64.1	0.81
1714	chr4	147988922	147989445	CpG: 50	523	50	361	19.1	69	0.81
1714	chr4	148020921	148021267	CpG: 38	346	38	248	22	71.7	0.87
1714	chr4	148025237	148026132	CpG: 106	895	106	662	23.7	74	0.87
1715	chr4	148122821	148123698	CpG: 73	877	73	580	16.6	66.1	0.77
1715	chr4	148172184	148172561	CpG: 40	377	40	244	21.2	64.7	1.02
1715	chr4	148215033	148215751	CpG: 72	718	72	494	20.1	68.8	0.9
1715	chr4	148224532	148225268	CpG: 58	736	58	458	15.8	62.2	0.82
1715	chr4	148236043	148236441	CpG: 51	398	51	298	25.6	74.9	0.94
1716	chr4	148244092	148245248	CpG: 80	1156	80	716	13.8	61.9	0.75
1716	chr4	148248664	148248975	CpG: 22	311	22	209	14.1	67.2	0.63
1716	chr4	148355899	148356587	CpG: 61	688	61	420	17.7	61	0.96
1716	chr4	148371912	148372714	CpG: 70	802	70	522	17.5	65.1	0.83
1718	chr4	148528765	148529287	CpG: 43	522	43	346	16.5	66.3	0.75
1718	chr4	148532654	148533325	CpG: 58	671	58	431	17.3	64.2	0.84
1719	chr4	148642850	148643350	CpG: 60	500	60	346	24	69.2	1
1719	chr4	148675631	148676517	CpG: 85	886	85	600	19.2	67.7	0.85
1719	chr4	148710730	148711613	CpG: 87	883	87	579	19.7	65.6	0.92
1720	chr4	148808836	148809042	CpG: 31	206	31	158	30.1	76.7	1.04
1720	chr4	148827194	148827416	CpG: 32	222	32	159	28.8	71.6	1.15
1720	chr4	148888613	148891569	CpG: 202	2956	202	1800	13.7	60.9	0.75
1721	chr4	148975435	148975959	CpG: 44	524	44	357	16.8	68.1	0.72
1721	chr4	148984781	148985981	CpG: 125	1200	125	716	20.8	59.7	1.17
1721	chr4	149023106	149023362	CpG: 22	256	22	176	17.2	68.8	0.75
1722	chr4	149036117	149037346	CpG: 101	1229	101	728	16.4	59.2	0.95
1723	chr4	149183973	149184386	CpG: 38	413	38	254	18.4	61.5	0.98
1723	chr4	149188519	149188873	CpG: 29	354	29	226	16.4	63.8	0.81
1723	chr4	149221740	149222171	CpG: 48	431	48	294	22.3	68.2	0.98
1723	chr4	149250712	149251436	CpG: 65	724	65	482	18	66.6	0.81
1724	chr4	149391549	149392683	CpG: 136	1134	136	789	24	69.6	0.99
1725	chr4	149510519	149511320	CpG: 73	801	73	557	18.2	69.5	0.76
1725	chr4	149529709	149530066	CpG: 27	357	27	223	15.1	62.5	0.79
1725	chr4	149541745	149542017	CpG: 25	272	25	173	18.4	63.6	0.91
1726	chr4	149569505	149570038	CpG: 51	533	51	364	19.1	68.3	0.82
1726	chr4	149602587	149603042	CpG: 74	455	74	369	32.5	81.1	1
1726	chr4	149670669	149672003	CpG: 142	1334	142	830	21.3	62.2	1.13
1727	chr4	149739838	149740073	CpG: 17	235	17	154	14.5	65.5	0.71
1727	chr4	149782873	149783112	CpG: 20	239	20	160	16.7	66.9	0.75
1728	chr4	149822123	149822697	CpG: 83	574	83	433	28.9	75.4	1.02
1728	chr4	149857937	149858861	CpG: 91	924	91	591	19.7	64	0.96
1729	chr4	150038608	150039804	CpG: 109	1196	109	801	18.2	67	0.83
1730	chr4	150093036	150093584	CpG: 56	548	56	330	20.4	60.2	1.15
1730	chr4	150133070	150133539	CpG: 41	469	41	284	17.5	60.6	0.95
1730	chr4	150171607	150172561	CpG: 79	954	79	637	16.6	66.8	0.76
1730	chr4	150185943	150186217	CpG: 22	274	22	173	16.1	63.1	0.81
1731	chr4	150321100	150321929	CpG: 71	829	71	545	17.1	65.7	0.79
1732	chr4	150365577	150366696	CpG: 93	1119	93	667	16.6	59.6	0.94
1732	chr4	150456232	150456713	CpG: 50	481	50	334	20.8	69.4	0.86
1734	chr4	150653706	150654481	CpG: 74	775	74	510	19.1	65.8	0.88
1734	chr4	150665609	150665983	CpG: 31	374	31	251	16.6	67.1	0.78
1735	chr4	150736431	150736647	CpG: 25	216	25	158	23.1	73.1	0.87
1736	chr4	150939320	150940139	CpG: 89	819	89	482	21.7	58.9	1.26
1736	chr4	150994003	150994532	CpG: 53	529	53	373	20	70.5	0.83
1737	chr4	150998705	150999190	CpG: 53	485	53	323	21.9	66.6	0.99
1738	chr4	151128766	151129516	CpG: 83	750	83	523	22.1	69.7	0.91
1738	chr4	151141900	151142670	CpG: 106	770	106	552	27.5	71.7	1.07
1738	chr4	151192080	151193356	CpG: 154	1276	154	840	24.1	65.8	1.15
1738	chr4	151213149	151214020	CpG: 70	871	70	551	16.1	63.3	0.8
1741	chr4	151570291	151570524	CpG: 20	233	20	129	17.2	55.4	1.13
1744	chr4	151945487	151947330	CpG: 203	1843	203	1244	22	67.5	0.98
1744	chr4	152018036	152019023	CpG: 105	987	105	684	21.3	69.3	0.89
1745	chr4	152073052	152073505	CpG: 46	453	46	325	20.3	71.7	0.79
1745	chr4	152079113	152081467	CpG: 278	2354	278	1638	23.6	69.6	0.99
1745	chr4	152093079	152094419	CpG: 161	1340	161	939	24	70.1	0.98
1745	chr4	152111813	152112291	CpG: 51	478	51	331	21.3	69.2	0.9
1745	chr4	152116799	152117118	CpG: 25	319	25	202	15.7	63.3	0.78
1745	chr4	152123692	152124482	CpG: 88	790	88	519	22.3	65.7	1.03
1745	chr4	152170930	152171609	CpG: 93	679	93	531	27.4	78.2	0.9
1746	chr4	152200478	152200735	CpG: 21	257	21	174	16.3	67.7	0.72
1746	chr4	152203985	152204293	CpG: 27	308	27	206	17.5	66.9	0.79
1746	chr4	152209550	152211102	CpG: 116	1552	116	982	14.9	63.3	0.75
1746	chr4	152215138	152216760	CpG: 129	1622	129	1064	15.9	65.6	0.74
1746	chr4	152222898	152223337	CpG: 39	439	39	295	17.8	67.2	0.79
1746	chr4	152236429	152236861	CpG: 49	432	49	318	22.7	73.6	0.84
1746	chr4	152238208	152238500	CpG: 22	292	22	172	15.1	58.9	0.88
1746	chr4	152243075	152243297	CpG: 18	222	18	155	16.2	69.8	0.67
1746	chr4	152244151	152244964	CpG: 61	813	61	509	15	62.6	0.77
1746	chr4	152262053	152263268	CpG: 111	1215	111	773	18.3	63.6	0.91
1747	chr4	152358328	152358975	CpG: 61	647	61	406	18.9	62.8	0.96
1747	chr4	152364369	152364625	CpG: 22	256	22	171	17.2	66.8	0.77
1747	chr4	152367316	152368077	CpG: 100	761	100	562	26.3	73.9	0.97
1747	chr4	152370681	152371676	CpG: 68	995	68	618	13.7	62.1	0.72
1747	chr4	152374702	152375187	CpG: 49	485	49	338	20.2	69.7	0.83
1747	chr4	152381400	152382041	CpG: 90	641	90	468	28.1	73	1.06
1747	chr4	152397513	152397863	CpG: 34	350	34	238	19.4	68	0.84
1747	chr4	152400219	152400558	CpG: 32	339	32	214	18.9	63.1	0.95
1747	chr4	152410121	152410731	CpG: 61	610	61	421	20	69	0.85
1747	chr4	152422801	152423885	CpG: 121	1084	121	732	22.3	67.5	0.99
1748	chr4	152447687	152447909	CpG: 17	222	17	124	15.3	55.9	0.98
1748	chr4	152561796	152562791	CpG: 85	995	85	644	17.1	64.7	0.82
1755	chr4	153458381	153458604	CpG: 16	223	16	132	14.3	59.2	0.82
1756	chr4	153566082	153567894	CpG: 195	1812	195	1219	21.5	67.3	0.95
1760	chr4	154041359	154042042	CpG: 80	683	80	501	23.4	73.4	0.87
1760	chr4	154059040	154060079	CpG: 96	1039	96	685	18.5	65.9	0.85
1760	chr4	154096141	154096973	CpG: 98	832	98	586	23.6	70.4	0.96
1761	chr4	154165726	154165983	CpG: 24	257	24	176	18.7	68.5	0.83
1761	chr4	154224139	154225062	CpG: 88	923	88	633	19.1	68.6	0.81
1761	chr4	154225930	154226186	CpG: 20	256	20	153	15.6	59.8	0.87
1761	chr4	154226692	154227078	CpG: 42	386	42	268	21.8	69.4	0.91
1761	chr4	154244754	154245551	CpG: 86	797	86	499	21.6	62.6	1.11
1761	chr4	154255192	154255655	CpG: 55	463	55	325	23.8	70.2	0.96
1762	chr4	154384159	154384693	CpG: 45	534	45	322	16.9	60.3	0.93
1763	chr4	154426016	154426279	CpG: 19	263	19	173	14.4	65.8	0.71
1765	chr4	154719239	154722454	CpG: 319	3215	319	2070	19.8	64.4	0.96
1766	chr4	154886592	154887069	CpG: 35	477	35	267	14.7	56	0.96
1767	chr4	154940107	154940921	CpG: 115	814	115	607	28.3	74.6	1.02
1767	chr4	155045074	155046159	CpG: 96	1085	96	647	17.7	59.6	1.01
1767	chr4	155048463	155049243	CpG: 79	780	79	497	20.3	63.7	1
1768	chr4	155068293	155068495	CpG: 19	202	19	140	18.8	69.3	0.78
1768	chr4	155127241	155127946	CpG: 84	705	84	512	23.8	72.6	0.91
1768	chr4	155151364	155151659	CpG: 38	295	38	210	25.8	71.2	1.02
1768	chr4	155170472	155171231	CpG: 81	759	81	513	21.3	67.6	0.94
1769	chr4	155234963	155235560	CpG: 66	597	66	426	22.1	71.4	0.87
1769	chr4	155305995	155308120	CpG: 261	2125	261	1454	24.6	68.4	1.06
1770	chr4	155334250	155334743	CpG: 52	493	52	345	21.1	70	0.87
1770	chr4	155445434	155446544	CpG: 115	1110	115	756	20.7	68.1	0.89
1771	chr4	155482107	155482702	CpG: 51	595	51	368	17.1	61.8	0.9
1771	chr4	155493558	155493796	CpG: 21	238	21	157	17.6	66	0.83
1771	chr4	155575492	155576979	CpG: 126	1487	126	848	16.9	57	1.06
1772	chr4	155648184	155648750	CpG: 63	566	63	400	22.3	70.7	0.9
1772	chr4	155685711	155686700	CpG: 88	989	88	673	17.8	68	0.77
1772	chr4	155708981	155709606	CpG: 70	625	70	401	22.4	64.2	1.09
1773	chr4	155737414	155737921	CpG: 48	507	48	341	18.9	67.3	0.84
1773	chr4	155739184	155739416	CpG: 24	232	24	156	20.7	67.2	0.93
1773	chr4	155753250	155753963	CpG: 66	713	66	471	18.5	66.1	0.85
1773	chr4	155778585	155779645	CpG: 124	1060	124	702	23.4	66.2	1.07
1773	chr4	155789418	155790231	CpG: 84	813	84	519	20.7	63.8	1.02
1773	chr4	155819809	155820052	CpG: 23	243	23	165	18.9	67.9	0.83
1773	chr4	155824179	155824525	CpG: 28	346	28	240	16.2	69.4	0.67
1774	chr4	155845228	155845669	CpG: 59	441	59	313	26.8	71	1.07
1774	chr4	155854559	155855248	CpG: 61	689	61	461	17.7	66.9	0.79
1774	chr4	155858724	155859172	CpG: 37	448	37	289	16.5	64.5	0.8
1774	chr4	155868654	155868975	CpG: 44	321	44	230	27.4	71.7	1.08
1774	chr4	155887853	155888409	CpG: 55	556	55	357	19.8	64.2	0.96
1774	chr4	155896613	155897493	CpG: 93	880	93	562	21.1	63.9	1.04
1774	chr4	155915748	155916593	CpG: 75	845	75	524	17.8	62	0.94
1774	chr4	155925481	155926431	CpG: 69	950	69	535	14.5	56.3	0.92
1774	chr4	155931850	155932501	CpG: 95	651	95	492	29.2	75.6	1.02
1774	chr4	155953743	155954510	CpG: 68	767	68	484	17.7	63.1	0.89
221	chr4	155975499	155977133	CpG: 165	1634	165	1051	20.2	64.3	0.98
1775	chr4	156028365	156028934	CpG: 69	569	69	385	24.3	67.7	1.08
1775	chr4	156046842	156047169	CpG: 25	327	25	224	15.3	68.5	0.65
1775	chr4	156076279	156077974	CpG: 215	1695	215	1171	25.4	69.1	1.06
1776	chr4	156119264	156119654	CpG: 30	390	30	251	15.4	64.4	0.75
1776	chr4	156162207	156162660	CpG: 43	453	43	319	19	70.4	0.77
1776	chr4	156194288	156194841	CpG: 53	553	53	366	19.2	66.2	0.92
1777	chr4	156281136	156282512	CpG: 134	1376	134	877	19.5	63.7	0.96
1777	chr4	156287518	156288301	CpG: 72	783	72	491	18.4	62.7	0.94
1777	chr4	156298755	156299032	CpG: 20	277	20	169	14.4	61	0.79
1777	chr4	156320294	156321816	CpG: 145	1522	145	944	19.1	62	1.11
1777	chr4	156367931	156368442	CpG: 37	511	37	356	14.5	69.7	0.6
1778	chr4	156389946	156391435	CpG: 174	1489	174	941	23.4	63.2	1.17
1778	chr4	156408182	156409684	CpG: 113	1502	113	954	15	63.5	0.75
585	chr4_JH584295v1_random	7	272	CpG: 21	265	21	174	15.8	65.7	0.78
585	chr4_JH584295v1_random	1299	1700	CpG: 30	401	30	238	15	59.4	0.88
610	chr5	3391065	3394607	CpG: 256	3542	256	2136	14.5	60.3	0.8
612	chr5	3593730	3594210	CpG: 70	480	70	358	29.2	74.6	1.05
612	chr5	3645971	3646682	CpG: 72	711	72	465	20.3	65.4	0.95
613	chr5	3697295	3698016	CpG: 74	721	74	476	20.5	66	0.94
614	chr5	3852402	3853640	CpG: 143	1238	143	852	23.1	68.8	0.98
615	chr5	3943719	3944106	CpG: 36	387	36	260	18.6	67.2	0.83
615	chr5	3978043	3978385	CpG: 39	342	39	213	22.8	62.3	1.18
616	chr5	4154119	4154867	CpG: 74	748	74	502	19.8	67.1	0.88
617	chr5	4242186	4242573	CpG: 36	387	36	260	18.6	67.2	0.83
621	chr5	4805938	4806186	CpG: 18	248	18	139	14.5	56	0.92
621	chr5	4806413	4808245	CpG: 169	1832	169	1198	18.4	65.4	0.86
626	chr5	5429912	5430844	CpG: 113	932	113	582	24.2	62.4	1.24
627	chr5	5564307	5565012	CpG: 69	705	69	444	19.6	63	1.01
627	chr5	5609359	5609621	CpG: 30	262	30	168	22.9	64.1	1.11
628	chr5	5713898	5714351	CpG: 40	453	40	295	17.7	65.1	0.83
628	chr5	5743744	5744312	CpG: 74	568	74	429	26.1	75.5	0.92
629	chr5	5799058	5799639	CpG: 68	581	68	420	23.4	72.3	0.9
641	chr5	7394519	7394993	CpG: 38	474	38	306	16	64.6	0.77
646	chr5	8106540	8106751	CpG: 24	211	24	153	22.7	72.5	0.89
649	chr5	8417113	8417320	CpG: 19	207	19	135	18.4	65.2	0.87
649	chr5	8417751	8418260	CpG: 50	509	50	348	19.6	68.4	0.84
649	chr5	8472144	8473171	CpG: 113	1027	113	700	22	68.2	0.95
651	chr5	8672267	8673253	CpG: 79	986	79	578	16	58.6	0.94
651	chr5	8710244	8710528	CpG: 23	284	23	195	16.2	68.7	0.69
652	chr5	8848261	8848594	CpG: 30	333	30	228	18	68.5	0.78
653	chr5	8943669	8944015	CpG: 50	346	50	270	28.9	78	0.97
653	chr5	8962765	8963010	CpG: 22	245	22	162	18	66.1	0.83
654	chr5	9046968	9047494	CpG: 48	526	48	363	18.3	69	0.77
654	chr5	9150472	9151453	CpG: 127	981	127	709	25.9	72.3	1
655	chr5	9211033	9212025	CpG: 114	992	114	704	23	71	0.92
656	chr5	9311108	9311384	CpG: 28	276	28	192	20.3	69.6	0.85
656	chr5	9315984	9316516	CpG: 61	532	61	393	22.9	73.9	0.84
679	chr5	12433329	12433550	CpG: 24	221	24	158	21.7	71.5	0.85
692	chr5	14075279	14075489	CpG: 20	210	20	131	19	62.4	0.99
696	chr5	14564782	14565566	CpG: 75	784	75	509	19.1	64.9	0.92
708	chr5	16139340	16140334	CpG: 108	994	108	617	21.7	62.1	1.13
720	chr5	17779437	17779841	CpG: 51	404	51	294	25.2	72.8	0.95
726	chr5	18564730	18565746	CpG: 137	1016	137	743	27	73.1	1.03
733	chr5	19431498	19431972	CpG: 46	474	46	321	19.4	67.7	0.92
733	chr5	19432390	19432745	CpG: 25	355	25	228	14.1	64.2	0.72
744	chr5	20906873	20907800	CpG: 104	927	104	651	22.4	70.2	0.91
745	chr5	21086473	21087769	CpG: 137	1296	137	793	21.1	61.2	1.13
746	chr5	21155946	21157074	CpG: 130	1128	130	756	23	67	1.03
747	chr5	21260179	21261415	CpG: 151	1236	151	911	24.4	73.7	0.91
748	chr5	21391151	21391503	CpG: 28	352	28	242	15.9	68.8	0.71
750	chr5	21630049	21630565	CpG: 46	516	46	323	17.8	62.6	0.92
751	chr5	21880770	21881018	CpG: 25	248	25	150	20.2	60.5	1.11
752	chr5	21906203	21906886	CpG: 63	683	63	418	18.4	61.2	0.99
752	chr5	21942168	21942406	CpG: 34	238	34	181	28.6	76.1	0.99
752	chr5	21989635	21990339	CpG: 66	704	66	484	18.8	68.8	0.8
752	chr5	21991618	21992052	CpG: 43	434	43	282	19.8	65	0.94
757	chr5	22549051	22550375	CpG: 150	1324	150	861	22.7	65	1.07
760	chr5	22950997	22951548	CpG: 41	551	41	311	14.9	56.4	0.94
765	chr5	23623353	23623580	CpG: 27	227	27	150	23.8	66.1	1.09
765	chr5	23637942	23639917	CpG: 156	1975	156	1226	15.8	62.1	0.82
767	chr5	23879894	23881462	CpG: 155	1568	155	967	19.8	61.7	1.05
767	chr5	23917266	23917810	CpG: 55	544	55	361	20.2	66.4	0.92
768	chr5	23988243	23988765	CpG: 54	522	54	279	20.7	53.4	1.46
768	chr5	23992653	23993001	CpG: 29	348	29	227	16.7	65.2	0.79
768	chr5	24036088	24036550	CpG: 52	462	52	296	22.5	64.1	1.1
768	chr5	24049073	24049316	CpG: 26	243	26	154	21.4	63.4	1.07
768	chr5	24055423	24055976	CpG: 59	553	59	380	21.3	68.7	0.91
769	chr5	24234956	24235610	CpG: 68	654	68	444	20.8	67.9	0.91
770	chr5	24305442	24306200	CpG: 74	758	74	473	19.5	62.4	1
770	chr5	24369869	24370337	CpG: 45	468	45	313	19.2	66.9	0.86
772	chr5	24529953	24530264	CpG: 28	311	28	201	18	64.6	0.87
772	chr5	24553316	24553833	CpG: 59	517	59	359	22.8	69.4	0.95
772	chr5	24556222	24556882	CpG: 89	660	89	477	27	72.3	1.05
772	chr5	24588416	24588727	CpG: 23	311	23	193	14.8	62.1	0.77
772	chr5	24592708	24593428	CpG: 76	720	76	504	21.1	70	0.87
772	chr5	24628488	24628798	CpG: 26	310	26	199	16.8	64.2	0.82
772	chr5	24630080	24630796	CpG: 63	716	63	431	17.6	60.2	1.01
773	chr5	24649879	24650353	CpG: 53	474	53	350	22.4	73.8	0.83
773	chr5	24652719	24652976	CpG: 24	257	24	175	18.7	68.1	0.82
773	chr5	24656608	24657627	CpG: 84	1019	84	513	16.5	50.3	1.33
773	chr5	24679309	24680209	CpG: 126	900	126	681	28	75.7	0.98
773	chr5	24687371	24687636	CpG: 23	265	23	190	17.4	71.7	0.68
773	chr5	24690136	24690416	CpG: 25	280	25	198	17.9	70.7	0.72
773	chr5	24730993	24732267	CpG: 154	1274	154	814	24.2	63.9	1.2
774	chr5	24781843	24782571	CpG: 69	728	69	479	19	65.8	0.96
774	chr5	24791483	24792024	CpG: 43	541	43	340	15.9	62.8	0.82
774	chr5	24803537	24803980	CpG: 42	443	42	307	19	69.3	0.81
774	chr5	24806554	24807749	CpG: 96	1195	96	741	16.1	62	0.84
774	chr5	24809590	24809968	CpG: 47	378	47	288	24.9	76.2	0.88
774	chr5	24890597	24891092	CpG: 48	495	48	338	19.4	68.3	0.87
775	chr5	24935094	24935840	CpG: 64	746	64	499	17.2	66.9	0.77
775	chr5	24955818	24956159	CpG: 30	341	30	227	17.6	66.6	0.79
776	chr5	25046867	25048252	CpG: 106	1385	106	717	15.3	51.8	1.14
776	chr5	25112874	25114061	CpG: 115	1187	115	763	19.4	64.3	0.94
778	chr5	25304567	25306215	CpG: 129	1648	129	1053	15.7	63.9	0.77
97	chr5	25427799	25428109	CpG: 56	310	56	243	36.1	78.4	1.2
781	chr5	25702705	25705019	CpG: 258	2314	258	1488	22.3	64.3	1.08
781	chr5	25734345	25735389	CpG: 98	1044	98	701	18.8	67.1	0.84
782	chr5	25910555	25910900	CpG: 42	345	42	237	24.3	68.7	1.05
783	chr5	25964909	25965229	CpG: 35	320	35	233	21.9	72.8	0.83
783	chr5	25973850	25974051	CpG: 30	201	30	144	29.9	71.6	1.28
784	chr5	26161752	26162212	CpG: 43	460	43	304	18.7	66.1	0.86
785	chr5	26275668	26276014	CpG: 29	346	29	217	16.8	62.7	0.86
791	chr5	27022536	27022884	CpG: 29	348	29	240	16.7	69	0.7
791	chr5	27109723	27109962	CpG: 17	239	17	124	14.2	51.9	1.07
792	chr5	27254329	27254812	CpG: 47	483	47	324	19.5	67.1	0.87
798	chr5	27995886	27996821	CpG: 116	935	116	659	24.8	70.5	1
800	chr5	28275973	28276792	CpG: 96	819	96	578	23.4	70.6	0.94
801	chr5	28370338	28372237	CpG: 213	1899	213	1246	22.4	65.6	1.05
801	chr5	28414587	28415385	CpG: 79	798	79	526	19.8	65.9	0.92
802	chr5	28521541	28522594	CpG: 142	1053	142	755	27	71.7	1.05
803	chr5	28662951	28664204	CpG: 131	1253	131	809	20.9	64.6	1
803	chr5	28664870	28665088	CpG: 24	218	24	150	22	68.8	0.93
803	chr5	28669452	28670438	CpG: 85	986	85	633	17.2	64.2	0.84
803	chr5	28671763	28672037	CpG: 28	274	28	179	20.4	65.3	0.96
809	chr5	29400491	29401291	CpG: 78	800	78	491	19.5	61.4	1.05
810	chr5	29583024	29583520	CpG: 55	496	55	335	22.2	67.5	0.97
811	chr5	29639641	29640393	CpG: 78	752	78	500	20.7	66.5	0.94
811	chr5	29672764	29673319	CpG: 61	555	61	382	22	68.8	0.93
811	chr5	29682530	29683782	CpG: 101	1252	101	754	16.1	60.2	0.9
812	chr5	29773975	29774793	CpG: 117	818	117	593	28.6	72.5	1.1
813	chr5	29940699	29941455	CpG: 68	756	68	452	18	59.8	1.01
816	chr5	30278223	30278682	CpG: 34	459	34	290	14.8	63.2	0.76
816	chr5	30309897	30310457	CpG: 51	560	51	357	18.2	63.8	0.9
816	chr5	30318934	30319936	CpG: 118	1002	118	677	23.6	67.6	1.03
816	chr5	30359812	30360702	CpG: 73	890	73	544	16.4	61.1	0.88
817	chr5	30437462	30438018	CpG: 60	556	60	358	21.6	64.4	1.06
819	chr5	30745516	30746387	CpG: 81	871	81	542	18.6	62.2	0.97
819	chr5	30779246	30780175	CpG: 81	929	81	570	17.4	61.4	0.93
820	chr5	30805212	30805718	CpG: 34	506	34	292	13.4	57.7	0.81
820	chr5	30824223	30824559	CpG: 33	336	33	230	19.6	68.5	0.84
820	chr5	30868716	30869331	CpG: 56	615	56	381	18.2	62	0.95
821	chr5	30971846	30972393	CpG: 48	547	48	323	17.6	59	1.01
821	chr5	31026793	31027337	CpG: 60	544	60	384	22.1	70.6	0.93
821	chr5	31044984	31045350	CpG: 27	366	27	214	14.8	58.5	0.87
821	chr5	31046087	31046824	CpG: 61	737	61	477	16.6	64.7	0.8
822	chr5	31064721	31065302	CpG: 59	581	59	369	20.3	63.5	1.01
822	chr5	31078742	31079057	CpG: 29	315	29	212	18.4	67.3	0.83
822	chr5	31102650	31102930	CpG: 34	280	34	214	24.3	76.4	0.85
822	chr5	31107222	31107442	CpG: 19	220	19	145	17.3	65.9	0.83
822	chr5	31117305	31117767	CpG: 55	462	55	308	23.8	66.7	1.11
823	chr5	31205601	31206053	CpG: 44	452	44	305	19.5	67.5	0.86
823	chr5	31212068	31212546	CpG: 48	478	48	329	20.1	68.8	0.86
823	chr5	31225799	31226400	CpG: 40	601	40	376	13.3	62.6	0.68
823	chr5	31250020	31250996	CpG: 100	976	100	707	20.5	72.4	0.78
823	chr5	31251600	31251836	CpG: 17	236	17	129	14.4	54.7	0.97
823	chr5	31252200	31252996	CpG: 58	796	58	489	14.6	61.4	0.78
823	chr5	31294653	31294937	CpG: 23	284	23	188	16.2	66.2	0.75
823	chr5	31295392	31295969	CpG: 58	577	58	390	20.1	67.6	0.88
824	chr5	31336918	31337609	CpG: 66	691	66	416	19.1	60.2	1.06
824	chr5	31350030	31351122	CpG: 85	1092	85	696	15.6	63.7	0.77
824	chr5	31357757	31357965	CpG: 19	208	19	141	18.3	67.8	0.82
824	chr5	31359342	31359700	CpG: 34	358	34	216	19	60.3	1.11
824	chr5	31377657	31378164	CpG: 62	507	62	368	24.5	72.6	0.93
824	chr5	31398090	31398864	CpG: 90	774	90	542	23.3	70	0.96
824	chr5	31409108	31409494	CpG: 33	386	33	260	17.1	67.4	0.76
824	chr5	31448358	31448668	CpG: 31	310	31	182	20	58.7	1.17
824	chr5	31452799	31453277	CpG: 45	478	45	305	18.8	63.8	0.94
826	chr5	31609706	31609922	CpG: 17	216	17	131	15.7	60.6	0.89
826	chr5	31651941	31652327	CpG: 34	386	34	241	17.6	62.4	0.92
826	chr5	31684298	31684994	CpG: 50	696	50	424	14.4	60.9	0.77
827	chr5	31771274	31771579	CpG: 34	305	34	213	22.3	69.8	0.93
828	chr5	31854783	31855583	CpG: 83	800	83	544	20.8	68	0.91
831	chr5	32290563	32290941	CpG: 34	378	34	255	18	67.5	0.79
831	chr5	32292427	32294182	CpG: 174	1755	174	1035	19.8	59	1.14
833	chr5	32616134	32616816	CpG: 72	682	72	427	21.1	62.6	1.12
835	chr5	32768203	32769191	CpG: 118	988	118	716	23.9	72.5	0.91
835	chr5	32871119	32871768	CpG: 55	649	55	382	16.9	58.9	0.98
836	chr5	32942725	32943147	CpG: 46	422	46	293	21.8	69.4	0.92
836	chr5	33011386	33011751	CpG: 38	365	38	263	20.8	72.1	0.87
836	chr5	33020737	33021286	CpG: 48	549	48	366	17.5	66.7	0.8
838	chr5	33175759	33176787	CpG: 108	1028	108	618	21	60.1	1.16
838	chr5	33261554	33261957	CpG: 33	403	33	258	16.4	64	0.8
840	chr5	33431457	33432713	CpG: 111	1256	111	761	17.7	60.6	0.97
840	chr5	33492443	33493602	CpG: 106	1159	106	757	18.3	65.3	0.86
840	chr5	33535795	33536344	CpG: 54	549	54	353	19.7	64.3	0.95
841	chr5	33587783	33592896	CpG: 393	5113	393	3114	15.4	60.9	0.83
841	chr5	33600253	33600815	CpG: 49	562	49	371	17.4	66	0.81
842	chr5	33697601	33697898	CpG: 23	297	23	159	15.5	53.5	1.08
842	chr5	33786359	33787294	CpG: 117	935	117	661	25	70.7	1
842	chr5	33809215	33810152	CpG: 89	937	89	624	19	66.6	0.86
842	chr5	33814921	33816179	CpG: 97	1258	97	779	15.4	61.9	0.8
843	chr5	33849862	33850117	CpG: 20	255	20	161	15.7	63.1	0.79
843	chr5	33852611	33853186	CpG: 70	575	70	430	24.3	74.8	0.87
843	chr5	33878936	33881253	CpG: 207	2317	207	1515	17.9	65.4	0.84
843	chr5	33939576	33940227	CpG: 72	651	72	463	22.1	71.1	0.87
844	chr5	33977230	33979058	CpG: 235	1828	235	1214	25.7	66.4	1.17
845	chr5	34093198	34094037	CpG: 96	839	96	560	22.9	66.7	1.04
845	chr5	34140468	34141483	CpG: 106	1015	106	682	20.9	67.2	0.94
845	chr5	34153083	34155030	CpG: 214	1947	214	1308	22	67.2	0.97
845	chr5	34158151	34158483	CpG: 25	332	25	209	15.1	63	0.76
846	chr5	34326575	34327052	CpG: 45	477	45	316	18.9	66.2	0.9
847	chr5	34344389	34345592	CpG: 117	1203	117	780	19.5	64.8	0.93
847	chr5	34444533	34446070	CpG: 138	1537	138	974	18	63.4	0.9
848	chr5	34484291	34484645	CpG: 26	354	26	233	14.7	65.8	0.68
848	chr5	34493370	34494384	CpG: 102	1014	102	648	20.1	63.9	1.01
848	chr5	34526924	34528048	CpG: 109	1124	109	608	19.4	54.1	1.33
849	chr5	34670827	34671455	CpG: 63	628	63	429	20.1	68.3	0.89
849	chr5	34683050	34683477	CpG: 31	427	31	294	14.5	68.9	0.65
849	chr5	34706872	34707141	CpG: 28	269	28	200	20.8	74.3	0.76
849	chr5	34707254	34707483	CpG: 18	229	18	156	15.7	68.1	0.68
849	chr5	34730756	34731526	CpG: 79	770	79	552	20.5	71.7	0.81
850	chr5	34774019	34774225	CpG: 15	206	15	118	14.6	57.3	0.89
850	chr5	34817207	34818262	CpG: 92	1055	92	633	17.4	60	0.97
851	chr5	34918925	34919195	CpG: 31	270	31	184	23	68.1	0.99
852	chr5	35106648	35107257	CpG: 75	609	75	449	24.6	73.7	0.91
853	chr5	35214131	35214703	CpG: 44	572	44	312	15.4	54.5	1.03
854	chr5	35262767	35263167	CpG: 33	400	33	264	16.5	66	0.81
855	chr5	35436173	35438391	CpG: 244	2218	244	1457	22	65.7	1.02
856	chr5	35545743	35546585	CpG: 94	842	94	580	22.3	68.9	0.95
856	chr5	35548937	35549984	CpG: 98	1047	98	577	18.7	55.1	1.23
856	chr5	35554333	35555474	CpG: 92	1141	92	710	16.1	62.2	0.83
856	chr5	35557024	35557438	CpG: 49	414	49	289	23.7	69.8	0.98
857	chr5	35731945	35732530	CpG: 49	585	49	352	16.8	60.2	0.93
858	chr5	35836316	35836765	CpG: 55	449	55	326	24.5	72.6	0.93
859	chr5	35915052	35915874	CpG: 72	822	72	557	17.5	67.8	0.76
860	chr5	36050514	36050941	CpG: 42	427	42	299	19.7	70	0.8
863	chr5	36554762	36555575	CpG: 78	813	78	482	19.2	59.3	1.1
864	chr5	36622038	36622865	CpG: 66	827	66	518	16	62.6	0.81
864	chr5	36641019	36642288	CpG: 152	1269	152	860	24	67.8	1.05
864	chr5	36687637	36687943	CpG: 23	306	23	204	15	66.7	0.68
865	chr5	36738867	36739814	CpG: 77	947	77	611	16.3	64.5	0.8
866	chr5	36852819	36853683	CpG: 82	864	82	511	19	59.1	1.09
866	chr5	36905307	36906071	CpG: 87	764	87	500	22.8	65.4	1.07
866	chr5	36953424	36954247	CpG: 105	823	105	544	25.5	66.1	1.2
867	chr5	36987828	36988074	CpG: 29	246	29	181	23.6	73.6	0.88
867	chr5	37025719	37027541	CpG: 145	1822	145	1139	15.9	62.5	0.82
868	chr5	37124203	37124526	CpG: 23	323	23	197	14.2	61	0.77
868	chr5	37145879	37146768	CpG: 73	889	73	585	16.4	65.8	0.76
868	chr5	37185517	37186654	CpG: 98	1137	98	730	17.2	64.2	0.84
869	chr5	37248527	37248970	CpG: 46	443	46	288	20.8	65	0.99
869	chr5	37320227	37320840	CpG: 67	613	67	440	21.9	71.8	0.88
870	chr5	37399127	37399959	CpG: 110	832	110	584	26.4	70.2	1.07
870	chr5	37403306	37403768	CpG: 40	462	40	325	17.3	70.3	0.71
871	chr5	37493864	37494318	CpG: 45	454	45	314	19.8	69.2	0.83
871	chr5	37495717	37495989	CpG: 26	272	26	190	19.1	69.9	0.79
874	chr5	37974369	37974930	CpG: 41	561	41	375	14.6	66.8	0.67
874	chr5	37978636	37978949	CpG: 27	313	27	200	17.3	63.9	0.85
874	chr5	37981050	37982151	CpG: 99	1101	99	768	18	69.8	0.74
874	chr5	37983919	37984898	CpG: 65	979	65	575	13.3	58.7	0.77
875	chr5	38051072	38051342	CpG: 22	270	22	153	16.3	56.7	1.03
876	chr5	38196307	38196899	CpG: 51	592	51	365	17.2	61.7	0.92
877	chr5	38316354	38317124	CpG: 96	770	96	553	24.9	71.8	0.97
877	chr5	38377332	38378152	CpG: 87	820	87	553	21.2	67.4	0.93
878	chr5	38417617	38417968	CpG: 33	351	33	219	18.8	62.4	0.97
878	chr5	38434730	38435168	CpG: 49	438	49	309	22.4	70.5	0.9
878	chr5	38476583	38477270	CpG: 74	687	74	475	21.5	69.1	0.9
880	chr5	38718357	38719229	CpG: 110	872	110	627	25.2	71.9	0.98
881	chr5	38841556	38842199	CpG: 78	643	78	422	24.3	65.6	1.13
888	chr5	39801745	39802245	CpG: 41	500	41	280	16.4	56	1.06
904	chr5	41865099	41865630	CpG: 49	531	49	374	18.5	70.4	0.75
904	chr5	41919001	41919532	CpG: 45	531	45	311	16.9	58.6	0.99
904	chr5	41920663	41921740	CpG: 100	1077	100	749	18.6	69.5	0.78
905	chr5	42001193	42001945	CpG: 66	752	66	469	17.6	62.4	0.9
916	chr5	43390007	43392738	CpG: 290	2731	290	1759	21.2	64.4	1.03
920	chr5	43938964	43939817	CpG: 107	853	107	569	25.1	66.7	1.13
920	chr5	43965427	43965648	CpG: 30	221	30	154	27.1	69.7	1.13
922	chr5	44257866	44258767	CpG: 63	901	63	577	14	64	0.69
923	chr5	44383301	44384792	CpG: 170	1491	170	965	22.8	64.7	1.09
932	chr5	45607241	45607989	CpG: 69	748	69	485	18.4	64.8	0.9
933	chr5	45650516	45651109	CpG: 73	593	73	422	24.6	71.2	0.97
933	chr5	45677560	45678076	CpG: 48	516	48	341	18.6	66.1	0.85
934	chr5	45796416	45796883	CpG: 43	467	43	294	18.4	63	0.93
934	chr5	45826761	45827664	CpG: 90	903	90	594	19.9	65.8	0.93
936	chr5	46013712	46015352	CpG: 135	1640	135	923	16.5	56.3	1.04
952	chr5	48140309	48141308	CpG: 83	999	83	652	16.6	65.3	0.79
952	chr5	48143463	48143732	CpG: 31	269	31	180	23	66.9	1.03
955	chr5	48529673	48529912	CpG: 20	239	20	136	16.7	56.9	1.06
964	chr5	49681874	49682157	CpG: 24	283	24	187	17	66.1	0.78
968	chr5	50215601	50216570	CpG: 95	969	95	545	19.6	56.2	1.26
983	chr5	52270320	52271666	CpG: 107	1346	107	783	15.9	58.2	0.94
983	chr5	52272031	52272426	CpG: 36	395	36	262	18.2	66.3	0.85
984	chr5	52347295	52348087	CpG: 100	792	100	568	25.3	71.7	1
985	chr5	52525664	52526283	CpG: 55	619	55	415	17.8	67	0.8
986	chr5	52628497	52629000	CpG: 51	503	51	342	20.3	68	0.89
987	chr5	52723344	52723776	CpG: 70	432	70	348	32.4	80.6	1.02
987	chr5	52775910	52776121	CpG: 25	211	25	143	23.7	67.8	1.04
988	chr5	52826755	52827154	CpG: 54	399	54	284	27.1	71.2	1.09
988	chr5	52898873	52899337	CpG: 68	464	68	350	29.3	75.4	1.05
988	chr5	52940318	52940633	CpG: 37	315	37	221	23.5	70.2	0.97
989	chr5	52991375	52991620	CpG: 30	245	30	171	24.5	69.8	1.01
990	chr5	53206427	53206767	CpG: 38	340	38	236	22.4	69.4	0.93
992	chr5	53370274	53371097	CpG: 72	823	72	476	17.5	57.8	1.06
992	chr5	53424322	53424748	CpG: 42	426	42	289	19.7	67.8	0.87
995	chr5	53746337	53748570	CpG: 212	2233	212	1369	19	61.3	1.02
996	chr5	53966872	53967085	CpG: 22	213	22	145	20.7	68.1	0.89
998	chr5	54152715	54152963	CpG: 33	248	33	175	26.6	70.6	1.07
998	chr5	54155535	54156508	CpG: 119	973	119	647	24.5	66.5	1.11
1000	chr5	54493345	54493557	CpG: 15	212	15	128	14.2	60.4	0.79
1026	chr5	57873175	57873547	CpG: 36	372	36	243	19.4	65.3	0.92
1026	chr5	57874581	57877842	CpG: 260	3261	260	1911	15.9	58.6	0.93
1065	chr5	62923189	62923873	CpG: 102	684	102	522	29.8	76.3	1.03
1071	chr5	63806585	63807801	CpG: 106	1216	106	796	17.4	65.5	0.81
1073	chr5	63969572	63970004	CpG: 52	432	52	301	24.1	69.7	0.99
1074	chr5	64125695	64126479	CpG: 86	784	86	568	21.9	72.4	0.85
1075	chr5	64250192	64250679	CpG: 45	487	45	336	18.5	69	0.78
1075	chr5	64316699	64317835	CpG: 83	1136	83	722	14.6	63.6	0.72
1076	chr5	64387438	64388061	CpG: 75	623	75	459	24.1	73.7	0.89
1076	chr5	64414081	64414351	CpG: 21	270	21	168	15.6	62.2	0.8
1080	chr5	64959981	64961656	CpG: 170	1675	170	1124	20.3	67.1	0.9
1080	chr5	64979323	64979613	CpG: 22	290	22	191	15.2	65.9	0.72
1081	chr5	65127280	65127781	CpG: 57	501	57	341	22.8	68.1	0.98
1082	chr5	65264696	65265465	CpG: 67	769	67	474	17.4	61.6	0.92
1084	chr5	65492698	65493142	CpG: 45	444	45	288	20.3	64.9	0.97
1085	chr5	65536947	65537295	CpG: 25	348	25	203	14.4	58.3	0.85
1085	chr5	65548351	65549032	CpG: 72	681	72	441	21.1	64.8	1.01
1085	chr5	65592646	65593410	CpG: 79	764	79	516	20.7	67.5	0.91
1085	chr5	65649763	65650657	CpG: 93	894	93	571	20.8	63.9	1.02
1086	chr5	65694275	65695347	CpG: 101	1072	101	670	18.8	62.5	0.99
1087	chr5	65854079	65855999	CpG: 242	1920	242	1315	25.2	68.5	1.08
1087	chr5	65920670	65922210	CpG: 170	1540	170	983	22.1	63.8	1.09
1089	chr5	66183826	66184534	CpG: 52	708	52	421	14.7	59.5	0.84
1091	chr5	66417292	66417658	CpG: 37	366	37	254	20.2	69.4	0.84
1094	chr5	66775190	66776257	CpG: 102	1067	102	672	19.1	63	0.97
1094	chr5	66777525	66777918	CpG: 32	393	32	242	16.3	61.6	0.89
1094	chr5	66833798	66834332	CpG: 48	534	48	360	18	67.4	0.82
1095	chr5	66902929	66903731	CpG: 75	802	75	558	18.7	69.6	0.78
1098	chr5	67253285	67253888	CpG: 46	603	46	353	15.3	58.5	0.89
1098	chr5	67254903	67255187	CpG: 24	284	24	173	16.9	60.9	0.91
1099	chr5	67373817	67374052	CpG: 28	235	28	178	23.8	75.7	0.86
1099	chr5	67387862	67388148	CpG: 30	286	30	180	21	62.9	1.06
1099	chr5	67417822	67418688	CpG: 72	866	72	531	16.6	61.3	0.89
1099	chr5	67463950	67464820	CpG: 90	870	90	593	20.7	68.2	0.89
1100	chr5	67521955	67522204	CpG: 22	249	22	145	17.7	58.2	1.28
1100	chr5	67583987	67585500	CpG: 114	1513	114	781	15.1	51.6	1.13
1102	chr5	67764588	67766092	CpG: 142	1504	142	984	18.9	65.4	0.88
1103	chr5	68004462	68004971	CpG: 64	509	64	383	25.1	75.2	0.89
1115	chr5	69497713	69499043	CpG: 124	1330	124	884	18.6	66.5	0.85
1116	chr5	69714098	69714661	CpG: 67	563	67	394	23.8	70	0.97
1117	chr5	69749353	69749704	CpG: 32	351	32	233	18.2	66.4	0.83
1128	chr5	71253132	71253481	CpG: 34	349	34	229	19.5	65.6	0.92
1132	chr5	71815097	71815418	CpG: 39	321	39	225	24.3	70.1	1
1133	chr5	71858153	71858561	CpG: 33	408	33	252	16.2	61.8	0.85
1136	chr5	72325165	72325586	CpG: 34	421	34	264	16.2	62.7	0.84
1139	chr5	72660999	72661775	CpG: 56	776	56	498	14.4	64.2	0.71
1139	chr5	72716373	72717266	CpG: 84	893	84	567	18.8	63.5	0.94
1139	chr5	72737633	72738483	CpG: 81	850	81	554	19.1	65.2	0.9
1139	chr5	72744317	72744951	CpG: 53	634	53	433	16.7	68.3	0.72
1142	chr5	73025706	73026161	CpG: 37	455	37	234	16.3	51.4	1.24
1142	chr5	73071296	73072522	CpG: 129	1226	129	866	21	70.6	0.85
1143	chr5	73164279	73164862	CpG: 52	583	52	399	17.8	68.4	0.78
1143	chr5	73170785	73171486	CpG: 78	701	78	503	22.3	71.8	0.86
1144	chr5	73290605	73290841	CpG: 19	236	19	134	16.1	56.8	1
1145	chr5	73412747	73414187	CpG: 164	1440	164	956	22.8	66.4	1.04
1145	chr5	73449976	73450540	CpG: 50	564	50	356	17.7	63.1	0.9
1146	chr5	73563515	73563929	CpG: 38	414	38	285	18.4	68.8	0.79
1146	chr5	73647902	73649979	CpG: 169	2077	169	1408	16.3	67.8	0.76
1148	chr5	73804684	73805230	CpG: 50	546	50	351	18.3	64.3	0.91
1148	chr5	73808497	73808928	CpG: 43	431	43	288	20	66.8	0.9
1151	chr5	74228676	74229428	CpG: 88	752	88	552	23.4	73.4	0.87
1151	chr5	74253573	74254181	CpG: 54	608	54	415	17.8	68.3	0.77
1152	chr5	74355517	74356417	CpG: 93	900	93	624	20.7	69.3	0.86
1154	chr5	74691799	74692484	CpG: 60	685	60	433	17.5	63.2	0.88
1154	chr5	74696054	74696693	CpG: 73	639	73	436	22.8	68.2	0.98
1155	chr5	74780671	74780965	CpG: 24	294	24	182	16.3	61.9	0.86
1158	chr5	75204841	75205616	CpG: 69	775	69	398	17.8	51.4	1.35
1159	chr5	75236139	75236783	CpG: 57	644	57	428	17.7	66.5	0.8
1159	chr5	75237736	75237941	CpG: 18	205	18	116	17.6	56.6	1.1
1159	chr5	75311892	75312098	CpG: 17	206	17	131	16.5	63.6	0.84
1159	chr5	75313484	75314002	CpG: 52	518	52	333	20.1	64.3	1.07
1159	chr5	75316902	75317470	CpG: 48	568	48	367	16.9	64.6	0.83
1162	chr5	75735480	75736665	CpG: 109	1185	109	801	18.4	67.6	0.82
1165	chr5	76138319	76138575	CpG: 19	256	19	171	14.8	66.8	0.67
1165	chr5	76138770	76139317	CpG: 47	547	47	363	17.2	66.4	0.78
1167	chr5	76288036	76288482	CpG: 55	446	55	310	24.7	69.5	1.02
1167	chr5	76331642	76332371	CpG: 75	729	75	471	20.6	64.6	0.99
1168	chr5	76451559	76452951	CpG: 157	1392	157	876	22.6	62.9	1.16
1170	chr5	76677152	76677499	CpG: 29	347	29	229	16.7	66	0.77
1170	chr5	76736441	76737043	CpG: 81	602	81	433	26.9	71.9	1.04
1170	chr5	76805381	76806247	CpG: 101	866	101	611	23.3	70.6	0.94
1172	chr5	77004611	77006352	CpG: 124	1741	124	1062	14.2	61	0.78
1172	chr5	77053142	77053494	CpG: 41	352	41	242	23.3	68.8	0.99
1173	chr5	77098903	77099869	CpG: 86	966	86	633	17.8	65.5	0.83
1173	chr5	77122198	77122965	CpG: 67	767	67	459	17.5	59.8	0.98
1174	chr5	77242603	77243229	CpG: 59	626	59	430	18.8	68.7	0.8
1175	chr5	77413334	77414592	CpG: 139	1258	139	811	22.1	64.5	1.07
1175	chr5	77456884	77458703	CpG: 159	1819	159	1095	17.5	60.2	0.97
1176	chr5	77555265	77556086	CpG: 86	821	86	512	21	62.4	1.08
1204	chr5	81167430	81168469	CpG: 84	1039	84	557	16.2	53.6	1.13
1204	chr5	81169177	81169690	CpG: 39	513	39	310	15.2	60.4	0.84
1210	chr5	81942324	81942827	CpG: 35	503	35	304	13.9	60.4	0.77
1230	chr5	84564022	84564361	CpG: 29	339	29	224	17.1	66.1	0.78
1242	chr5	86213027	86213688	CpG: 60	661	60	416	18.2	62.9	1.02
1243	chr5	86320413	86320893	CpG: 49	480	49	314	20.4	65.4	0.95
1248	chr5	86951890	86952787	CpG: 77	897	77	478	17.2	53.3	1.23
1261	chr5	88701620	88702577	CpG: 93	957	93	569	19.4	59.5	1.1
1261	chr5	88712534	88713723	CpG: 157	1189	157	833	26.4	70.1	1.08
1262	chr5	88822954	88824327	CpG: 176	1373	176	1015	25.6	73.9	0.94
1263	chr5	88868554	88869727	CpG: 103	1173	103	839	17.6	71.5	0.72
1263	chr5	88912696	88913322	CpG: 67	626	67	443	21.4	70.8	0.87
1264	chr5	89034423	89035609	CpG: 118	1186	118	735	19.9	62	1.04
1270	chr5	89832225	89832444	CpG: 16	219	16	144	14.6	65.8	0.68
1271	chr5	90030326	90030560	CpG: 21	234	21	163	17.9	69.7	0.75
1271	chr5	90031007	90031559	CpG: 56	552	56	342	20.3	62	1.06
1274	chr5	90371454	90371956	CpG: 50	502	50	346	19.9	68.9	0.84
1275	chr5	90513100	90513505	CpG: 29	405	29	268	14.3	66.2	0.75
1275	chr5	90513635	90514746	CpG: 117	1111	117	705	21.1	63.5	1.05
1279	chr5	91078979	91079388	CpG: 56	409	56	284	27.4	69.4	1.15
1281	chr5	91287286	91287701	CpG: 46	415	46	287	22.2	69.2	0.94
1284	chr5	91665472	91665843	CpG: 33	371	33	249	17.8	67.1	0.79
1287	chr5	92110447	92111038	CpG: 59	591	59	372	20	62.9	1.01
1288	chr5	92190248	92190948	CpG: 51	700	51	433	14.6	61.9	0.77
1288	chr5	92230725	92231817	CpG: 114	1092	114	723	20.9	66.2	0.97
1289	chr5	92285485	92286279	CpG: 83	794	83	548	20.9	69	0.88
1290	chr5	92424765	92425015	CpG: 19	250	19	142	15.2	56.8	0.95
1290	chr5	92425556	92425900	CpG: 34	344	34	228	19.8	66.3	0.91
1290	chr5	92457413	92457977	CpG: 50	564	50	361	17.7	64	0.87
1291	chr5	92540199	92540497	CpG: 21	298	21	151	14.1	50.7	1.22
1291	chr5	92582402	92583168	CpG: 63	766	63	490	16.4	64	0.81
1291	chr5	92653055	92653728	CpG: 69	673	69	464	20.5	68.9	0.86
1292	chr5	92750836	92751433	CpG: 46	597	46	407	15.4	68.2	0.67
1293	chr5	92822893	92823385	CpG: 46	492	46	309	18.7	62.8	0.95
1293	chr5	92830655	92831070	CpG: 31	415	31	240	14.9	57.8	0.91
1293	chr5	92831255	92831612	CpG: 24	357	24	217	13.4	60.8	0.73
1294	chr5	93045594	93046187	CpG: 82	593	82	432	27.7	72.8	1.05
1295	chr5	93089397	93090944	CpG: 163	1547	163	1095	21.1	70.8	0.84
161	chr5	93191644	93193475	CpG: 151	1831	151	1223	16.5	66.8	0.74
1296	chr5	93240665	93242024	CpG: 106	1359	106	883	15.6	65	0.75
1297	chr5	93353624	93354698	CpG: 111	1074	111	657	20.7	61.2	1.13
1297	chr5	93415352	93416465	CpG: 93	1113	93	736	16.7	66.1	0.76
1319	chr5	96308779	96310576	CpG: 171	1797	171	1015	19	56.5	1.2
1320	chr5	96357791	96358172	CpG: 28	381	28	219	14.7	57.5	0.9
1321	chr5	96521894	96522716	CpG: 83	822	83	576	20.2	70.1	0.82
1326	chr5	97144911	97145960	CpG: 117	1049	117	631	22.3	60.2	1.23
1327	chr5	97259150	97259582	CpG: 40	432	40	273	18.5	63.2	0.93
1329	chr5	97539825	97540260	CpG: 36	435	36	279	16.6	64.1	0.82
1334	chr5	98178382	98179182	CpG: 71	800	71	548	17.8	68.5	0.76
1335	chr5	98315046	98315636	CpG: 50	590	50	413	16.9	70	0.7
1335	chr5	98329174	98329437	CpG: 18	263	18	161	13.7	61.2	0.74
1335	chr5	98332990	98334574	CpG: 156	1584	156	950	19.7	60	1.1
1335	chr5	98401733	98402529	CpG: 76	796	76	523	19.1	65.7	0.89
1336	chr5	98477097	98477408	CpG: 35	311	35	214	22.5	68.8	0.95
1340	chr5	99002606	99003278	CpG: 68	672	68	466	20.2	69.3	0.84
1341	chr5	99184630	99185294	CpG: 84	664	84	458	25.3	69	1.06
1343	chr5	99400311	99401092	CpG: 86	781	86	549	22	70.3	0.9
168	chr5	99876610	99877116	CpG: 54	506	54	368	21.3	72.7	0.82
1348	chr5	100054102	100054472	CpG: 41	370	41	262	22.2	70.8	0.88
1348	chr5	100125578	100126143	CpG: 45	565	45	345	15.9	61.1	0.92
1348	chr5	100126562	100127325	CpG: 91	763	91	498	23.9	65.3	1.12
1349	chr5	100186292	100188181	CpG: 205	1889	205	1271	21.7	67.3	0.96
1350	chr5	100306654	100307445	CpG: 68	791	68	445	17.2	56.3	1.09
1352	chr5	100563795	100564430	CpG: 79	635	79	452	24.9	71.2	0.98
1352	chr5	100577051	100577786	CpG: 61	735	61	454	16.6	61.8	0.87
1352	chr5	100646174	100646424	CpG: 22	250	22	157	17.6	62.8	0.89
1352	chr5	100647737	100648768	CpG: 139	1031	139	746	27	72.4	1.05
1353	chr5	100665980	100666793	CpG: 62	813	62	491	15.3	60.4	0.84
1354	chr5	100821670	100822187	CpG: 68	517	68	390	26.3	75.4	0.92
1354	chr5	100867275	100867553	CpG: 30	278	30	201	21.6	72.3	0.83
1355	chr5	100946043	100946780	CpG: 73	737	73	489	19.8	66.4	0.91
1355	chr5	100968409	100968912	CpG: 60	503	60	354	23.9	70.4	0.97
1355	chr5	100993827	100994758	CpG: 70	931	70	605	15	65	0.72
1361	chr5	101795457	101796297	CpG: 55	840	55	485	13.1	57.7	0.79
1361	chr5	101806879	101807703	CpG: 66	824	66	459	16	55.7	1.03
1361	chr5	101811175	101813629	CpG: 195	2454	195	1423	15.9	58	0.94
1362	chr5	101912661	101913535	CpG: 118	874	118	637	27	72.9	1.02
1363	chr5	102030279	102030516	CpG: 18	237	18	147	15.2	62	0.81
1363	chr5	102085204	102085421	CpG: 18	217	18	128	16.6	59	0.96
1364	chr5	102216875	102218259	CpG: 145	1384	145	949	21	68.6	0.9
1375	chr5	103572533	103573655	CpG: 127	1122	127	799	22.6	71.2	0.9
1376	chr5	103803216	103803684	CpG: 45	468	45	323	19.2	69	0.81
1377	chr5	103840061	103840858	CpG: 66	797	66	490	16.6	61.5	0.88
1377	chr5	103901536	103902448	CpG: 103	912	103	648	22.6	71.1	0.91
1378	chr5	104058627	104059230	CpG: 66	603	66	364	21.9	60.4	1.21
1379	chr5	104194373	104195064	CpG: 80	691	80	472	23.2	68.3	0.99
1383	chr5	104607326	104608287	CpG: 112	961	112	649	23.3	67.5	1.02
1383	chr5	104656162	104656718	CpG: 76	556	76	394	27.3	70.9	1.1
1390	chr5	105563307	105564168	CpG: 100	861	100	615	23.2	71.4	0.91
1390	chr5	105628725	105629096	CpG: 26	371	26	211	14	56.9	0.88
1391	chr5	105666998	105667807	CpG: 86	809	86	568	21.3	70.2	0.86
1392	chr5	105847587	105848676	CpG: 138	1089	138	820	25.3	75.3	0.89
1392	chr5	105879809	105880300	CpG: 45	491	45	346	18.3	70.5	0.74
1393	chr5	106024237	106025075	CpG: 90	838	90	523	21.5	62.4	1.11
1396	chr5	106329751	106329968	CpG: 20	217	20	122	18.4	56.2	1.17
1398	chr5	106596101	106596512	CpG: 40	411	40	268	19.5	65.2	0.92
1398	chr5	106599708	106599975	CpG: 22	267	22	173	16.5	64.8	0.79
1398	chr5	106601296	106601606	CpG: 32	310	32	210	20.6	67.7	0.91
1398	chr5	106605463	106607384	CpG: 167	1921	167	1179	17.4	61.4	0.92
1399	chr5	106709033	106709385	CpG: 33	352	33	227	18.8	64.5	0.9
1399	chr5	106722183	106722811	CpG: 82	628	82	474	26.1	75.5	0.93
1400	chr5	106843786	106844682	CpG: 122	896	122	662	27.2	73.9	1.03
1401	chr5	107073607	107074211	CpG: 60	604	60	338	19.9	56	1.29
1402	chr5	107112002	107112680	CpG: 72	678	72	449	21.2	66.2	0.97
1404	chr5	107436688	107437529	CpG: 96	841	96	577	22.8	68.6	0.97
175	chr5	107478879	107479110	CpG: 23	231	23	156	19.9	67.5	0.88
1405	chr5	107551154	107551768	CpG: 59	614	59	374	19.2	60.9	1.04
1405	chr5	107585651	107586071	CpG: 47	420	47	304	22.4	72.4	0.87
1407	chr5	107745166	107745834	CpG: 60	668	60	460	18	68.9	0.79
1407	chr5	107835792	107836076	CpG: 25	284	25	163	17.6	57.4	1.07
1407	chr5	107868959	107869872	CpG: 88	913	88	626	19.3	68.6	0.82
1407	chr5	107871127	107871940	CpG: 62	813	62	511	15.3	62.9	0.77
1408	chr5	107872551	107874737	CpG: 143	2186	143	1296	13.1	59.3	0.74
1409	chr5	108016214	108017253	CpG: 109	1039	109	658	21	63.3	1.06
1409	chr5	108048331	108048870	CpG: 59	539	59	374	21.9	69.4	0.91
1410	chr5	108134594	108135322	CpG: 114	728	114	571	31.3	78.4	1.02
1410	chr5	108213367	108213774	CpG: 43	407	43	269	21.1	66.1	0.97
1411	chr5	108279951	108280855	CpG: 84	904	84	586	18.6	64.8	0.88
1412	chr5	108416563	108417195	CpG: 76	632	76	450	24.1	71.2	0.95
1412	chr5	108460415	108460978	CpG: 52	563	52	373	18.5	66.3	0.85
1412	chr5	108514452	108515995	CpG: 177	1543	177	1074	22.9	69.6	0.95
1413	chr5	108581859	108582368	CpG: 37	509	37	308	14.5	60.5	0.82
1413	chr5	108596496	108596772	CpG: 22	276	22	170	15.9	61.6	0.86
1413	chr5	108608832	108609485	CpG: 60	653	60	451	18.4	69.1	0.8
1414	chr5	108697307	108697968	CpG: 56	661	56	420	16.9	63.5	0.86
1414	chr5	108777269	108777917	CpG: 70	648	70	429	21.6	66.2	1
1415	chr5	108808433	108808738	CpG: 33	305	33	224	21.6	73.4	0.8
1415	chr5	108817067	108817342	CpG: 30	275	30	181	21.8	65.8	1.01
1415	chr5	108825458	108825702	CpG: 19	244	19	156	15.6	63.9	0.89
1415	chr5	108841810	108843029	CpG: 112	1219	112	722	18.4	59.2	1.06
1416	chr5	108922648	108923076	CpG: 37	428	37	268	17.3	62.6	0.88
1416	chr5	109051092	109051581	CpG: 60	489	60	343	24.5	70.1	1
1421	chr5	109704810	109705021	CpG: 23	211	23	150	21.8	71.1	0.9
1426	chr5	110249207	110249785	CpG: 42	578	42	372	14.5	64.4	0.74
1426	chr5	110254878	110256242	CpG: 112	1364	112	851	16.4	62.4	0.86
1426	chr5	110283580	110284065	CpG: 45	485	45	323	18.6	66.6	0.84
1426	chr5	110324362	110324947	CpG: 43	585	43	362	14.7	61.9	0.78
1427	chr5	110378716	110379361	CpG: 84	645	84	466	26	72.2	1
1427	chr5	110417300	110417851	CpG: 61	551	61	385	22.1	69.9	0.92
1427	chr5	110433804	110434477	CpG: 77	673	77	463	22.9	68.8	0.97
1427	chr5	110490289	110490911	CpG: 52	622	52	410	16.7	65.9	0.77
1428	chr5	110510894	110511728	CpG: 97	834	97	600	23.3	71.9	0.9
1428	chr5	110525898	110526249	CpG: 28	351	28	191	16	54.4	1.08
1428	chr5	110534310	110535188	CpG: 88	878	88	597	20	68	0.87
1428	chr5	110579544	110579867	CpG: 23	323	23	217	14.2	67.2	0.69
1428	chr5	110595514	110596647	CpG: 100	1133	100	648	17.7	57.2	1.09
1429	chr5	110628522	110629045	CpG: 41	523	41	321	15.7	61.4	0.85
1429	chr5	110692016	110692749	CpG: 97	733	97	540	26.5	73.7	0.98
1430	chr5	110800675	110801964	CpG: 119	1289	119	797	18.5	61.8	0.97
1431	chr5	110917917	110919003	CpG: 142	1086	142	774	26.2	71.3	1.03
1431	chr5	110928090	110928532	CpG: 46	442	46	278	20.8	62.9	1.05
1431	chr5	110957444	110958088	CpG: 63	644	63	375	19.6	58.2	1.15
1431	chr5	110987283	110987722	CpG: 39	439	39	280	17.8	63.8	0.88
1432	chr5	111027436	111027990	CpG: 63	554	63	332	22.7	59.9	1.27
1432	chr5	111126993	111127697	CpG: 99	704	99	538	28.1	76.4	0.97
1434	chr5	111330830	111331076	CpG: 19	246	19	154	15.4	62.6	0.79
1434	chr5	111371181	111371410	CpG: 18	229	18	150	15.7	65.5	0.75
1435	chr5	111424948	111425262	CpG: 29	314	29	210	18.5	66.9	0.83
1435	chr5	111432974	111433182	CpG: 16	208	16	133	15.4	63.9	0.76
1435	chr5	111478275	111478927	CpG: 74	652	74	441	22.7	67.6	1.01
1436	chr5	111564405	111568395	CpG: 358	3990	358	2601	17.9	65.2	0.85
1438	chr5	111900805	111901008	CpG: 14	203	14	132	13.8	65	0.71
1440	chr5	112105703	112105946	CpG: 23	243	23	150	18.9	61.7	0.99
1441	chr5	112301648	112301858	CpG: 32	210	32	154	30.5	73.3	1.14
1442	chr5	112375256	112375669	CpG: 33	413	33	271	16	65.6	0.74
1442	chr5	112376413	112377050	CpG: 56	637	56	421	17.6	66.1	0.81
1442	chr5	112424161	112424966	CpG: 86	805	86	562	21.4	69.8	0.89
1442	chr5	112455457	112456101	CpG: 55	644	55	426	17.1	66.1	0.78
1443	chr5	112473984	112474433	CpG: 53	449	53	301	23.6	67	1.06
1443	chr5	112490725	112491175	CpG: 67	450	67	328	29.8	72.9	1.13
1443	chr5	112542443	112542898	CpG: 67	455	67	337	29.5	74.1	1.09
1444	chr5	112712931	112713138	CpG: 16	207	16	111	15.5	53.6	1.09
1445	chr5	112724397	112724834	CpG: 46	437	46	298	21.1	68.2	0.91
1448	chr5	113163240	113163483	CpG: 35	243	35	164	28.8	67.5	1.31
1449	chr5	113285631	113286710	CpG: 70	1079	70	700	13	64.9	0.62
1449	chr5	113368445	113369302	CpG: 105	857	105	597	24.5	69.7	1.02
1450	chr5	113434978	113435394	CpG: 40	416	40	276	19.2	66.3	0.9
1450	chr5	113458244	113458859	CpG: 53	615	53	418	17.2	68	0.77
1451	chr5	113521297	113521515	CpG: 16	218	16	119	14.7	54.6	0.99
1451	chr5	113638369	113638658	CpG: 27	289	27	186	18.7	64.4	0.9
1452	chr5	113725775	113726166	CpG: 30	391	30	243	15.3	62.1	0.8
1452	chr5	113752253	113752597	CpG: 23	344	23	208	13.4	60.5	0.8
1453	chr5	113873607	113874160	CpG: 59	553	59	352	21.3	63.7	1.05
1453	chr5	113876872	113877137	CpG: 20	265	20	154	15.1	58.1	0.9
1454	chr5	113909217	113911075	CpG: 180	1858	180	1111	19.4	59.8	1.08
1455	chr5	114046154	114047224	CpG: 123	1070	123	789	23	73.7	0.87
1455	chr5	114131600	114132084	CpG: 61	484	61	330	25.2	68.2	1.09
1456	chr5	114229193	114229545	CpG: 28	352	28	249	15.9	70.7	0.64
1456	chr5	114238171	114238791	CpG: 69	620	69	419	22.3	67.6	0.97
1456	chr5	114265501	114266346	CpG: 66	845	66	539	15.6	63.8	0.78
1456	chr5	114268405	114269699	CpG: 140	1294	140	895	21.6	69.2	0.9
1457	chr5	114411705	114412483	CpG: 63	778	63	472	16.2	60.7	0.88
1458	chr5	114518129	114519202	CpG: 94	1073	94	659	17.5	61.4	0.94
1459	chr5	114581821	114582543	CpG: 56	722	56	457	15.5	63.3	0.78
1460	chr5	114705187	114706495	CpG: 146	1308	146	899	22.3	68.7	0.95
1460	chr5	114709629	114709897	CpG: 31	268	31	175	23.1	65.3	1.09
1460	chr5	114748917	114749240	CpG: 27	323	27	210	16.7	65	0.81
1460	chr5	114796109	114796681	CpG: 66	572	66	411	23.1	71.9	0.93
1460	chr5	114805551	114806000	CpG: 36	449	36	270	16	60.1	0.89
1461	chr5	114828861	114829231	CpG: 56	370	56	285	30.3	77	1.03
1461	chr5	114845825	114846067	CpG: 33	242	33	170	27.3	70.2	1.14
1461	chr5	114887336	114887654	CpG: 28	318	28	201	17.6	63.2	0.88
1461	chr5	114910871	114913415	CpG: 192	2544	192	1450	15.1	57	0.93
1462	chr5	114951765	114952211	CpG: 47	446	47	311	21.1	69.7	0.87
1462	chr5	114961287	114961749	CpG: 47	462	47	325	20.3	70.3	0.83
1462	chr5	114967057	114967302	CpG: 18	245	18	151	14.7	61.6	0.78
1462	chr5	115080273	115080497	CpG: 22	224	22	144	19.6	64.3	0.99
1463	chr5	115148744	115150003	CpG: 146	1259	146	801	23.2	63.6	1.15
1464	chr5	115257066	115257321	CpG: 22	255	22	180	17.3	70.6	0.69
1464	chr5	115265050	115265457	CpG: 31	407	31	222	15.2	54.5	1.05
1464	chr5	115272499	115273126	CpG: 66	627	66	449	21.1	71.6	0.82
1464	chr5	115295793	115296956	CpG: 103	1163	103	750	17.7	64.5	0.85
1464	chr5	115331414	115332506	CpG: 141	1092	141	823	25.8	75.4	0.91
1465	chr5	115373412	115373934	CpG: 54	522	54	344	20.7	65.9	0.95
1465	chr5	115375984	115376479	CpG: 60	495	60	299	24.2	60.4	1.35
1465	chr5	115410208	115410942	CpG: 75	734	75	462	20.4	62.9	1.06
1465	chr5	115417667	115417951	CpG: 36	284	36	196	25.4	69	1.07
1465	chr5	115438445	115439268	CpG: 76	823	76	496	18.5	60.3	1.02
1465	chr5	115465054	115466016	CpG: 87	962	87	500	18.1	52	1.35
1466	chr5	115478877	115479535	CpG: 70	658	70	436	21.3	66.3	0.97
1466	chr5	115486611	115487438	CpG: 86	827	86	541	20.8	65.4	0.98
1466	chr5	115536493	115536804	CpG: 26	311	26	178	16.7	57.2	1.02
1466	chr5	115567354	115569026	CpG: 168	1672	168	1135	20.1	67.9	0.87
1466	chr5	115574553	115574964	CpG: 38	411	38	287	18.5	69.8	0.76
1466	chr5	115585060	115585284	CpG: 16	224	16	144	14.3	64.3	0.73
1467	chr5	115620856	115621165	CpG: 23	309	23	183	14.9	59.2	0.86
1467	chr5	115627985	115628310	CpG: 31	325	31	195	19.1	60	1.07
1467	chr5	115629991	115630363	CpG: 25	372	25	226	13.4	60.8	0.73
1467	chr5	115644622	115645115	CpG: 68	493	68	380	27.6	77.1	0.96
1467	chr5	115697322	115698137	CpG: 78	815	78	533	19.1	65.4	0.9
1467	chr5	115703182	115703763	CpG: 83	581	83	442	28.6	76.1	1.01
1468	chr5	115769490	115770518	CpG: 92	1028	92	567	17.9	55.2	1.2
1468	chr5	115800715	115800920	CpG: 20	205	20	134	19.5	65.4	0.92
1469	chr5	115868972	115870919	CpG: 244	1947	244	1382	25.1	71	1
1471	chr5	116162226	116162785	CpG: 65	559	65	374	23.3	66.9	1.04
1475	chr5	116729400	116729949	CpG: 47	549	47	350	17.1	63.8	0.87
1479	chr5	117253604	117254222	CpG: 84	618	84	436	27.2	70.6	1.09
1479	chr5	117257820	117258862	CpG: 91	1042	91	659	17.5	63.2	0.91
1480	chr5	117425371	117425787	CpG: 49	416	49	290	23.6	69.7	0.97
1481	chr5	117456967	117458097	CpG: 105	1130	105	697	18.6	61.7	0.98
1481	chr5	117495597	117495824	CpG: 24	227	24	171	21.1	75.3	0.75
1481	chr5	117526665	117527311	CpG: 59	646	59	401	18.3	62.1	0.95
1481	chr5	117551664	117552417	CpG: 64	753	64	418	17	55.5	1.12
1485	chr5	117979858	117980476	CpG: 49	618	49	403	15.9	65.2	0.75
1486	chr5	118114733	118115417	CpG: 83	684	83	516	24.3	75.4	0.85
1486	chr5	118165565	118167159	CpG: 153	1594	153	980	19.2	61.5	1.02
1487	chr5	118293049	118293590	CpG: 64	541	64	390	23.7	72.1	0.92
1487	chr5	118307246	118308283	CpG: 112	1037	112	674	21.6	65	1.03
1487	chr5	118309775	118310054	CpG: 36	279	36	204	25.8	73.1	0.98
1488	chr5	118382918	118383490	CpG: 59	572	59	392	20.6	68.5	0.88
1488	chr5	118466151	118466383	CpG: 17	232	17	122	14.7	52.6	1.06
1489	chr5	118518867	118519068	CpG: 23	201	23	130	22.9	64.7	1.16
1490	chr5	118697736	118699523	CpG: 184	1787	184	1004	20.6	56.2	1.3
186	chr5	119144097	119144489	CpG: 27	392	27	250	13.8	63.8	0.68
1499	chr5	119808158	119809466	CpG: 105	1308	105	732	16.1	56	1.02
1499	chr5	119818472	119819082	CpG: 62	610	62	426	20.3	69.8	0.84
1499	chr5	119820772	119821019	CpG: 22	247	22	165	17.8	66.8	0.82
1500	chr5	119934575	119934908	CpG: 26	333	26	219	15.6	65.8	0.72
1500	chr5	119941371	119942270	CpG: 73	899	73	513	16.2	57.1	1
1500	chr5	119942796	119943139	CpG: 24	343	24	205	14	59.8	0.8
1500	chr5	119983062	119983287	CpG: 19	225	19	124	16.9	55.1	1.12
1500	chr5	120004973	120005192	CpG: 17	219	17	124	15.5	56.6	0.97
1502	chr5	120254446	120254741	CpG: 32	295	32	195	21.7	66.1	1.01
1503	chr5	120440367	120440747	CpG: 47	380	47	267	24.7	70.3	1.01
1504	chr5	120565674	120566026	CpG: 32	352	32	206	18.2	58.5	1.06
1504	chr5	120569876	120570536	CpG: 66	660	66	425	20	64.4	0.96
1504	chr5	120573410	120574578	CpG: 85	1168	85	722	14.6	61.8	0.76
1504	chr5	120576133	120576429	CpG: 32	296	32	199	21.6	67.2	0.96
1504	chr5	120577915	120578541	CpG: 62	626	62	422	19.8	67.4	0.9
1505	chr5	120641318	120641785	CpG: 53	467	53	347	22.7	74.3	0.83
1505	chr5	120649151	120649534	CpG: 31	383	31	248	16.2	64.8	0.77
1506	chr5	120750585	120751538	CpG: 85	953	85	605	17.8	63.5	0.9
1506	chr5	120769295	120769506	CpG: 25	211	25	140	23.7	66.4	1.09
1506	chr5	120786763	120787610	CpG: 61	847	61	575	14.4	67.9	0.63
1506	chr5	120832479	120833169	CpG: 67	690	67	444	19.4	64.3	0.97
1507	chr5	120848802	120849853	CpG: 90	1051	90	668	17.1	63.6	0.85
1510	chr5	121328915	121329683	CpG: 87	768	87	504	22.7	65.6	1.06
1510	chr5	121342559	121343065	CpG: 42	506	42	320	16.6	63.2	0.85
1510	chr5	121358196	121359298	CpG: 102	1102	102	646	18.5	58.6	1.08
1512	chr5	121523350	121523758	CpG: 55	408	55	315	27	77.2	0.92
1512	chr5	121535922	121536490	CpG: 78	568	78	401	27.5	70.6	1.1
1512	chr5	121590167	121590858	CpG: 67	691	67	396	19.4	57.3	1.18
1513	chr5	121639990	121640195	CpG: 19	205	19	133	18.5	64.9	0.88
1513	chr5	121658142	121658347	CpG: 19	205	19	133	18.5	64.9	0.88
1513	chr5	121683169	121684111	CpG: 98	942	98	587	20.8	62.3	1.07
1513	chr5	121731225	121731538	CpG: 37	313	37	222	23.6	70.9	0.97
1513	chr5	121756955	121757219	CpG: 36	264	36	197	27.3	74.6	0.99
1514	chr5	121798409	121799223	CpG: 75	814	75	461	18.4	56.6	1.15
1514	chr5	121849366	121851239	CpG: 242	1873	242	1395	25.8	74.5	0.94
1515	chr5	121966470	121967137	CpG: 67	667	67	400	20.1	60	1.13
1515	chr5	121974396	121975620	CpG: 116	1224	116	778	19	63.6	0.94
1515	chr5	121976604	121977168	CpG: 42	564	42	364	14.9	64.5	0.72
1515	chr5	121980842	121981141	CpG: 29	299	29	203	19.4	67.9	0.85
1515	chr5	121986857	121987348	CpG: 64	491	64	356	26.1	72.5	0.99
1515	chr5	121990606	121991232	CpG: 58	626	58	429	18.5	68.5	0.79
1515	chr5	122007128	122007663	CpG: 40	535	40	333	15	62.2	0.77
1516	chr5	122086433	122086986	CpG: 39	553	39	324	14.1	58.6	0.82
1517	chr5	122187449	122188588	CpG: 135	1139	135	757	23.7	66.5	1.08
1518	chr5	122296069	122296799	CpG: 73	730	73	431	20	59	1.15
1519	chr5	122422302	122423488	CpG: 116	1186	116	675	19.6	56.9	1.21
1519	chr5	122492067	122492981	CpG: 98	914	98	611	21.4	66.8	0.97
1519	chr5	122509775	122510761	CpG: 95	986	95	629	19.3	63.8	0.95
1519	chr5	122529843	122530208	CpG: 39	365	39	239	21.4	65.5	1
1520	chr5	122560188	122560996	CpG: 66	808	66	477	16.3	59	0.94
1520	chr5	122639313	122640812	CpG: 186	1499	186	973	24.8	64.9	1.18
1521	chr5	122752163	122752661	CpG: 57	498	57	348	22.9	69.9	0.94
1522	chr5	122845580	122846003	CpG: 47	423	47	302	22.2	71.4	0.87
1522	chr5	122901823	122902090	CpG: 19	267	19	175	14.2	65.5	0.69
1522	chr5	122916944	122917778	CpG: 96	834	96	556	23	66.7	1.04
1523	chr5	122958978	122959399	CpG: 45	421	45	290	21.4	68.9	0.91
1523	chr5	122987969	122988688	CpG: 67	719	67	447	18.6	62.2	0.96
1523	chr5	123018381	123018583	CpG: 18	202	18	135	17.8	66.8	0.83
1523	chr5	123037557	123038815	CpG: 156	1258	156	863	24.8	68.6	1.05
1524	chr5	123090233	123090669	CpG: 49	436	49	315	22.5	72.2	0.87
1524	chr5	123125583	123125874	CpG: 25	291	25	179	17.2	61.5	0.92
1524	chr5	123126211	123126705	CpG: 38	494	38	326	15.4	66	0.72
1524	chr5	123127175	123127466	CpG: 31	291	31	194	21.3	66.7	1.01
1524	chr5	123152906	123153868	CpG: 103	962	103	652	21.4	67.8	0.93
1524	chr5	123167277	123167539	CpG: 19	262	19	162	14.5	61.8	0.77
1524	chr5	123195915	123196308	CpG: 41	393	41	245	20.9	62.3	1.08
1525	chr5	123214243	123214833	CpG: 52	590	52	394	17.6	66.8	0.79
1525	chr5	123270336	123270549	CpG: 22	213	22	153	20.7	71.8	0.8
1525	chr5	123273498	123273779	CpG: 19	281	19	180	13.5	64.1	0.66
1525	chr5	123276760	123277384	CpG: 56	624	56	426	17.9	68.3	0.77
1525	chr5	123279199	123279456	CpG: 25	257	25	160	19.5	62.3	1.03
1525	chr5	123279743	123280976	CpG: 105	1233	105	725	17	58.8	0.99
1525	chr5	123298891	123299130	CpG: 20	239	20	152	16.7	63.6	0.83
1526	chr5	123366261	123366548	CpG: 33	287	33	189	23	65.9	1.09
1527	chr5	123482135	123483758	CpG: 154	1623	154	945	19	58.2	1.12
1527	chr5	123509153	123509363	CpG: 18	210	18	115	17.1	54.8	1.14
1527	chr5	123511278	123511505	CpG: 21	227	21	137	18.5	60.4	1.02
1527	chr5	123532641	123533450	CpG: 78	809	78	505	19.3	62.4	1
1528	chr5	123627336	123627541	CpG: 19	205	19	132	18.5	64.4	0.91
1528	chr5	123646298	123646997	CpG: 62	699	62	475	17.7	68	0.77
1528	chr5	123661583	123662766	CpG: 128	1183	128	812	21.6	68.6	0.92
1528	chr5	123710777	123711142	CpG: 43	365	43	252	23.6	69	0.99
1529	chr5	123821762	123822615	CpG: 110	853	110	611	25.8	71.6	1.01
1529	chr5	123858236	123858989	CpG: 70	753	70	443	18.6	58.8	1.08
1530	chr5	123887208	123887776	CpG: 44	568	44	312	15.5	54.9	1.03
1531	chr5	124045128	124045549	CpG: 53	421	53	305	25.2	72.4	0.96
1531	chr5	124068557	124069017	CpG: 56	460	56	311	24.3	67.6	1.07
1531	chr5	124111681	124112374	CpG: 96	693	96	502	27.7	72.4	1.06
1532	chr5	124169988	124170487	CpG: 43	499	43	289	17.2	57.9	1.06
1532	chr5	124227974	124228223	CpG: 20	249	20	161	16.1	64.7	0.77
1532	chr5	124233541	124234135	CpG: 49	594	49	404	16.5	68	0.72
1532	chr5	124249992	124250539	CpG: 57	547	57	354	20.8	64.7	1
1532	chr5	124253971	124254762	CpG: 71	791	71	517	18	65.4	0.84
1533	chr5	124259396	124259642	CpG: 22	246	22	166	17.9	67.5	0.8
1533	chr5	124261587	124261798	CpG: 16	211	16	142	15.2	67.3	0.67
191	chr5	124387278	124388300	CpG: 134	1022	134	687	26.2	67.2	1.16
1534	chr5	124465664	124466290	CpG: 64	626	64	410	20.4	65.5	0.95
1534	chr5	124491542	124492887	CpG: 174	1345	174	946	25.9	70.3	1.05
1535	chr5	124562918	124564225	CpG: 121	1307	121	806	18.5	61.7	0.97
1535	chr5	124577884	124578451	CpG: 40	567	40	359	14.1	63.3	0.71
1535	chr5	124583354	124584253	CpG: 111	899	111	617	24.7	68.6	1.05
1535	chr5	124615919	124616495	CpG: 46	576	46	355	16	61.6	0.85
1535	chr5	124621172	124621676	CpG: 43	504	43	300	17.1	59.5	1.01
1536	chr5	124668661	124669545	CpG: 98	884	98	621	22.2	70.2	0.9
1536	chr5	124678611	124679603	CpG: 118	992	118	628	23.8	63.3	1.19
1536	chr5	124690628	124691253	CpG: 64	625	64	411	20.5	65.8	0.95
1536	chr5	124716986	124717300	CpG: 45	314	45	218	28.7	69.4	1.19
1536	chr5	124767197	124767436	CpG: 25	239	25	171	20.9	71.5	0.84
1537	chr5	124802116	124802406	CpG: 28	290	28	186	19.3	64.1	0.95
1538	chr5	124938697	124940778	CpG: 231	2081	231	1419	22.2	68.2	0.96
1539	chr5	125088375	125088643	CpG: 22	268	22	184	16.4	68.7	0.72
1539	chr5	125103731	125104148	CpG: 34	417	34	241	16.3	57.8	1.03
1540	chr5	125243371	125243712	CpG: 53	341	53	266	31.1	78	1.5
1540	chr5	125254854	125256740	CpG: 182	1886	182	1271	19.3	67.4	0.86
1541	chr5	125322826	125323058	CpG: 17	232	17	142	14.7	61.2	0.78
1541	chr5	125417870	125418151	CpG: 24	281	24	198	17.1	70.5	0.69
1542	chr5	125466292	125467164	CpG: 98	872	98	591	22.5	67.8	0.99
1542	chr5	125510880	125511322	CpG: 46	442	46	303	20.8	68.6	0.89
1542	chr5	125518776	125519165	CpG: 53	389	53	291	27.2	74.8	0.98
1542	chr5	125542755	125543037	CpG: 24	282	24	181	17	64.2	0.83
1542	chr5	125552741	125553225	CpG: 46	484	46	298	19	61.6	1.01
1543	chr5	125609438	125609883	CpG: 75	445	75	361	33.7	81.1	1.03
1556	chr5	127318506	127319912	CpG: 127	1406	127	943	18.1	67.1	0.81
1559	chr5	127693740	127694568	CpG: 100	828	100	557	24.2	67.3	1.07
1559	chr5	127709256	127709821	CpG: 48	565	48	385	17	68.1	0.74
1565	chr5	128509553	128510121	CpG: 77	568	77	432	27.1	76.1	0.94
1566	chr5	128677013	128677645	CpG: 45	632	45	386	14.2	61.1	0.79
1566	chr5	128677910	128679159	CpG: 123	1249	123	836	19.7	66.9	0.88
1567	chr5	128813100	128813412	CpG: 22	312	22	194	14.1	62.2	0.74
1568	chr5	128858786	128859173	CpG: 27	387	27	249	14	64.3	0.67
1569	chr5	129085403	129085703	CpG: 28	300	28	164	18.7	54.7	1.29
1569	chr5	129096737	129098037	CpG: 174	1300	174	920	26.8	70.8	1.07
1571	chr5	129302908	129303199	CpG: 22	291	22	175	15.1	60.1	0.85
1573	chr5	129577999	129579234	CpG: 116	1235	116	794	18.8	64.3	0.91
1574	chr5	129660889	129662389	CpG: 132	1500	132	970	17.6	64.7	0.84
1574	chr5	129746934	129747258	CpG: 35	324	35	218	21.6	67.3	0.96
1575	chr5	129792449	129792777	CpG: 25	328	25	204	15.2	62.2	0.79
1575	chr5	129801988	129802569	CpG: 70	581	70	415	24.1	71.4	0.95
1575	chr5	129864091	129864585	CpG: 47	494	47	317	19	64.2	0.93
1576	chr5	129915913	129916146	CpG: 27	233	27	155	23.2	66.5	1.09
1576	chr5	129924422	129924848	CpG: 37	426	37	265	17.4	62.2	0.9
1576	chr5	129937268	129937682	CpG: 46	414	46	279	22.2	67.4	0.98
1576	chr5	129970369	129971465	CpG: 111	1096	111	700	20.3	63.9	1
1577	chr5	130031426	130031638	CpG: 24	212	24	147	22.6	69.3	0.95
1577	chr5	130058095	130058356	CpG: 33	261	33	184	25.3	70.5	1.03
1577	chr5	130108110	130108697	CpG: 73	587	73	384	24.9	65.4	1.16
1578	chr5	130173051	130174044	CpG: 74	993	74	591	14.9	59.5	0.84
1578	chr5	130200288	130201093	CpG: 97	805	97	542	24.1	67.3	1.07
1578	chr5	130250963	130251506	CpG: 80	543	80	386	29.5	71.1	1.17
1578	chr5	130283954	130284472	CpG: 48	518	48	313	18.5	60.4	1.02
1580	chr5	130477835	130478698	CpG: 69	863	69	551	16	63.8	0.79
1587	chr5	131335170	131336801	CpG: 133	1631	133	1044	16.3	64	0.8
1588	chr5	131468306	131468747	CpG: 35	441	35	270	15.9	61.2	0.86
1588	chr5	131469124	131469483	CpG: 26	359	26	207	14.5	57.7	0.87
1588	chr5	131566030	131567786	CpG: 164	1756	164	1180	18.7	67.2	0.83
1589	chr5	131645236	131645587	CpG: 29	351	29	213	16.5	60.7	0.9
1596	chr5	132570432	132572952	CpG: 190	2520	190	1434	15.1	56.9	0.93
1603	chr5	133503926	133504173	CpG: 24	247	24	145	19.4	58.7	1.13
1608	chr5	134128464	134128953	CpG: 50	489	50	327	20.4	66.9	0.92
1608	chr5	134205147	134205665	CpG: 61	518	61	328	23.6	63.3	1.18
1608	chr5	134212785	134213490	CpG: 87	705	87	474	24.7	67.2	1.09
1609	chr5	134250584	134251084	CpG: 43	500	43	326	17.2	65.2	0.81
1609	chr5	134342297	134343904	CpG: 158	1607	158	1048	19.7	65.2	0.93
1611	chr5	134551554	134551807	CpG: 22	253	22	173	17.4	68.4	0.75
1611	chr5	134580724	134581425	CpG: 82	701	82	497	23.4	70.9	0.93
1612	chr5	134611464	134611788	CpG: 32	324	32	217	19.8	67	0.88
1612	chr5	134667372	134668499	CpG: 121	1127	121	728	21.5	64.6	1.05
1612	chr5	134717076	134717993	CpG: 84	917	84	589	18.3	64.2	0.89
1613	chr5	134775936	134776149	CpG: 17	213	17	144	16	67.6	0.7
1614	chr5	134961167	134961430	CpG: 21	263	21	176	16	66.9	0.72
1614	chr5	134974983	134975270	CpG: 24	287	24	182	16.7	63.4	0.84
1615	chr5	135015140	135016037	CpG: 81	897	81	585	18.1	65.2	0.85
1615	chr5	135037720	135038686	CpG: 64	966	64	584	13.3	60.5	0.74
1615	chr5	135052239	135052916	CpG: 57	677	57	448	16.8	66.2	0.77
1615	chr5	135070822	135071048	CpG: 17	226	17	140	15	61.9	0.79
1615	chr5	135092668	135093767	CpG: 103	1099	103	677	18.7	61.6	1
1615	chr5	135106630	135107430	CpG: 77	800	77	533	19.2	66.6	0.89
1615	chr5	135118542	135118904	CpG: 38	362	38	261	21	72.1	0.81
1616	chr5	135135717	135136207	CpG: 52	490	52	324	21.2	66.1	0.97
1616	chr5	135177985	135178801	CpG: 75	816	75	550	18.4	67.4	0.82
1616	chr5	135197055	135197867	CpG: 81	812	81	518	20	63.8	1
1616	chr5	135215542	135217042	CpG: 158	1500	158	1005	21.1	67	0.94
1617	chr5	135279082	135280341	CpG: 128	1259	128	799	20.3	63.5	1.01
1617	chr5	135305423	135305714	CpG: 33	291	33	203	22.7	69.8	0.93
1617	chr5	135378705	135379009	CpG: 34	304	34	202	22.4	66.4	1.02
1618	chr5	135398713	135399199	CpG: 46	486	46	301	18.9	61.9	1.01
1618	chr5	135422737	135423494	CpG: 100	757	100	538	26.4	71.1	1.05
1619	chr5	135573780	135574154	CpG: 31	374	31	245	16.6	65.5	0.81
1620	chr5	135661522	135661825	CpG: 33	303	33	220	21.8	72.6	0.83
1620	chr5	135717509	135718320	CpG: 71	811	71	536	17.5	66.1	0.82
1620	chr5	135762436	135763461	CpG: 73	1025	73	682	14.2	66.5	0.65
1620	chr5	135772691	135773219	CpG: 41	528	41	323	15.5	61.2	0.83
1621	chr5	135806744	135808006	CpG: 99	1262	99	764	15.7	60.5	0.86
1621	chr5	135881006	135881239	CpG: 26	233	26	167	22.3	71.7	0.87
1621	chr5	135885852	135886074	CpG: 27	222	27	163	24.3	73.4	0.9
1621	chr5	135896708	135898168	CpG: 138	1460	138	1000	18.9	68.5	0.85
1621	chr5	135916917	135917242	CpG: 42	325	42	230	25.8	70.8	1.04
1622	chr5	135932462	135932663	CpG: 16	201	16	129	15.9	64.2	0.8
1622	chr5	135939865	135940535	CpG: 52	670	52	404	15.5	60.3	0.85
1622	chr5	135962952	135963562	CpG: 61	610	61	407	20	66.7	0.9
1622	chr5	135991433	135992107	CpG: 61	674	61	460	18.1	68.2	0.83
1622	chr5	135994376	135994725	CpG: 24	349	24	233	13.8	66.8	0.64
1622	chr5	136023646	136024051	CpG: 36	405	36	282	17.8	69.6	0.77
1623	chr5	136112662	136113000	CpG: 28	338	28	236	16.6	69.8	0.7
1623	chr5	136131147	136131501	CpG: 32	354	32	225	18.1	63.6	0.93
1623	chr5	136145319	136145843	CpG: 53	524	53	344	20.2	65.6	0.96
1623	chr5	136164492	136165127	CpG: 58	635	58	396	18.3	62.4	0.94
1624	chr5	136199364	136199592	CpG: 29	228	29	174	25.4	76.3	0.89
1624	chr5	136227380	136227905	CpG: 47	525	47	335	17.9	63.8	0.88
1624	chr5	136260501	136261160	CpG: 58	659	58	428	17.6	64.9	0.83
1624	chr5	136272707	136272993	CpG: 23	286	23	193	16.1	67.5	0.71
1624	chr5	136273258	136274060	CpG: 82	802	82	540	20.4	67.3	0.92
1624	chr5	136303628	136304251	CpG: 63	623	63	438	20.2	70.3	0.82
1627	chr5	136594293	136597913	CpG: 304	3620	304	2223	16.8	61.4	0.89
1629	chr5	136887816	136888131	CpG: 24	315	24	213	15.2	67.6	0.7
1629	chr5	136910385	136912096	CpG: 122	1711	122	1080	14.3	63.1	0.72
1629	chr5	136948046	136948336	CpG: 25	290	25	171	17.2	59	1
1630	chr5	137015718	137016698	CpG: 82	980	82	602	16.7	61.4	0.9
1630	chr5	137058879	137061861	CpG: 230	2982	230	1768	15.4	59.3	0.88
1631	chr5	137222989	137223312	CpG: 35	323	35	232	21.7	71.8	0.85
1632	chr5	137286215	137286714	CpG: 41	499	41	284	16.4	56.9	1.02
1632	chr5	137287322	137287526	CpG: 15	204	15	127	14.7	62.3	0.77
1632	chr5	137292677	137292903	CpG: 19	226	19	153	16.8	67.7	0.74
1632	chr5	137305259	137306024	CpG: 78	765	78	492	20.4	64.3	0.99
1632	chr5	137331730	137332352	CpG: 48	622	48	395	15.4	63.5	0.77
1632	chr5	137348324	137348634	CpG: 30	310	30	218	19.4	70.3	0.86
1632	chr5	137352579	137352803	CpG: 17	224	17	138	15.2	61.6	0.8
1632	chr5	137356015	137356219	CpG: 18	204	18	135	17.6	66.2	0.81
1633	chr5	137431223	137431477	CpG: 19	254	19	155	15	61	0.8
1634	chr5	137500507	137501276	CpG: 72	769	72	496	18.7	64.5	0.9
1634	chr5	137508467	137509618	CpG: 122	1151	122	742	21.2	64.5	1.02
1634	chr5	137529015	137530259	CpG: 86	1244	86	835	13.8	67.1	0.61
1634	chr5	137551662	137551985	CpG: 37	323	37	227	22.9	70.3	0.93
1634	chr5	137572905	137573108	CpG: 20	203	20	136	19.7	67	0.88
1634	chr5	137594989	137595191	CpG: 21	202	21	137	20.8	67.8	1.43
1634	chr5	137598517	137599340	CpG: 56	823	56	516	13.6	62.7	0.7
1635	chr5	137627192	137627834	CpG: 51	642	51	422	15.9	65.7	0.74
1635	chr5	137643370	137643747	CpG: 41	377	41	255	21.8	67.6	0.95
1635	chr5	137682423	137683293	CpG: 69	870	69	561	15.9	64.5	0.84
1635	chr5	137739499	137740136	CpG: 57	637	57	444	17.9	69.7	0.74
1636	chr5	137777023	137778015	CpG: 87	992	87	579	17.5	58.4	1.04
1636	chr5	137783867	137785212	CpG: 127	1345	127	861	18.9	64	0.95
1636	chr5	137785902	137786772	CpG: 60	870	60	496	13.8	57	0.88
1638	chr5	138115096	138115416	CpG: 29	320	29	206	18.1	64.4	0.89
1639	chr5	138153639	138153873	CpG: 22	234	22	150	18.8	64.1	0.92
1639	chr5	138169140	138170450	CpG: 101	1310	101	785	15.4	59.9	0.88
1639	chr5	138192630	138193338	CpG: 58	708	58	472	16.4	66.7	0.74
1639	chr5	138253803	138254123	CpG: 27	320	27	191	16.9	59.7	0.95
1639	chr5	138261683	138262372	CpG: 69	689	69	496	20	72	0.77
1639	chr5	138273747	138274308	CpG: 38	561	38	356	13.5	63.5	0.69
1639	chr5	138278132	138278844	CpG: 67	712	67	448	18.8	62.9	0.97
1641	chr5	138439710	138440116	CpG: 35	406	35	267	17.2	65.8	0.8
1642	chr5	138617706	138618032	CpG: 31	326	31	224	19	68.7	0.84
1643	chr5	138740190	138741852	CpG: 184	1662	184	1188	22.1	71.5	0.87
1644	chr5	138806637	138807189	CpG: 52	552	52	368	18.8	66.7	0.87
1645	chr5	138978675	138981976	CpG: 278	3301	278	2099	16.8	63.6	0.83
1645	chr5	138982971	138983486	CpG: 46	515	46	321	17.9	62.3	0.92
1645	chr5	139037211	139037418	CpG: 16	207	16	114	15.5	55.1	1.02
1646	chr5	139115247	139115467	CpG: 24	220	24	161	21.8	73.2	0.83
1646	chr5	139135635	139136606	CpG: 111	971	111	647	22.9	66.6	1.06
1646	chr5	139186126	139187031	CpG: 101	905	101	638	22.3	70.5	0.9
1647	chr5	139237783	139238514	CpG: 93	731	93	505	25.4	69.1	1.07
1647	chr5	139310747	139311473	CpG: 112	726	112	571	30.9	78.7	1
1648	chr5	139330864	139331083	CpG: 24	219	24	146	21.9	66.7	0.99
1648	chr5	139357810	139358075	CpG: 33	265	33	189	24.9	71.3	0.98
1648	chr5	139366181	139366773	CpG: 65	592	65	418	22	70.6	0.9
1648	chr5	139378582	139378785	CpG: 14	203	14	123	13.8	60.6	0.75
1648	chr5	139446125	139446480	CpG: 32	355	32	241	18	67.9	0.8
1649	chr5	139469941	139470368	CpG: 35	427	35	266	16.4	62.3	0.87
1649	chr5	139526060	139527453	CpG: 94	1393	94	761	13.5	54.6	0.91
1649	chr5	139529338	139530696	CpG: 110	1358	110	827	16.2	60.9	0.88
1649	chr5	139532268	139533567	CpG: 118	1299	118	855	18.2	65.8	0.84
1649	chr5	139534609	139534831	CpG: 16	222	16	118	14.4	53.2	1.06
1649	chr5	139538918	139539207	CpG: 26	289	26	199	18	68.9	0.76
1650	chr5	139605123	139605449	CpG: 31	326	31	186	19	57.1	1.19
1650	chr5	139721685	139722129	CpG: 39	444	39	299	17.6	67.3	0.78
1651	chr5	139761055	139761492	CpG: 46	437	46	294	21.1	67.3	0.93
1651	chr5	139777121	139777940	CpG: 91	819	91	555	22.2	67.8	1
1651	chr5	139785953	139786171	CpG: 17	218	17	136	15.6	62.4	0.81
1651	chr5	139812328	139812778	CpG: 36	450	36	280	16	62.2	0.83
1652	chr5	139893681	139895023	CpG: 129	1342	129	876	19.2	65.3	0.91
1652	chr5	139898268	139898853	CpG: 54	585	54	364	18.5	62.2	0.95
1652	chr5	139957182	139957400	CpG: 19	218	19	137	17.4	62.8	0.89
1652	chr5	139957789	139958063	CpG: 20	274	20	168	14.6	61.3	0.8
1652	chr5	139958894	139959250	CpG: 28	356	28	239	15.7	67.1	0.74
1655	chr5	140307058	140307527	CpG: 49	469	49	312	20.9	66.5	0.94
1655	chr5	140317461	140317765	CpG: 28	304	28	193	18.4	63.5	0.92
1655	chr5	140374727	140375224	CpG: 52	497	52	356	20.9	71.6	0.83
1656	chr5	140404264	140404579	CpG: 29	315	29	186	18.4	59	1.06
1656	chr5	140404956	140405632	CpG: 87	676	87	484	25.7	71.6	1.03
1656	chr5	140491246	140491515	CpG: 26	269	26	162	19.3	60.2	1.21
1657	chr5	140509818	140510434	CpG: 47	616	47	369	15.3	59.9	0.86
1657	chr5	140592159	140592375	CpG: 19	216	19	156	17.6	72.2	0.68
1657	chr5	140592732	140593614	CpG: 95	882	95	603	21.5	68.4	0.92
1657	chr5	140634422	140634824	CpG: 42	402	42	251	20.9	62.4	1.08
1658	chr5	140687653	140688184	CpG: 56	531	56	369	21.1	69.5	0.87
1658	chr5	140690187	140690992	CpG: 68	805	68	515	16.9	64	0.84
1658	chr5	140721266	140721554	CpG: 26	288	26	200	18.1	69.4	0.76
1659	chr5	140815653	140816389	CpG: 84	736	84	476	22.8	64.7	1.09
1662	chr5	141226700	141227958	CpG: 133	1258	133	800	21.1	63.6	1.05
1671	chr5	142353069	142353625	CpG: 68	556	68	387	24.5	69.6	1.01
1671	chr5	142449568	142450031	CpG: 47	463	47	322	20.3	69.5	0.87
1672	chr5	142515529	142515962	CpG: 52	433	52	306	24	70.7	0.97
1672	chr5	142536233	142537145	CpG: 94	912	94	634	20.6	69.5	0.85
1672	chr5	142594362	142594619	CpG: 24	257	24	180	18.7	70	0.77
1673	chr5	142614948	142615844	CpG: 104	896	104	573	23.2	64	1.14
1673	chr5	142687722	142688297	CpG: 66	575	66	426	23	74.1	0.86
1673	chr5	142704248	142704588	CpG: 24	340	24	210	14.1	61.8	0.74
1674	chr5	142759601	142759849	CpG: 19	248	19	168	15.3	67.7	0.67
1674	chr5	142800757	142804416	CpG: 269	3659	269	2122	14.7	58	0.88
1674	chr5	142805997	142806220	CpG: 21	223	21	148	18.8	66.4	0.86
1674	chr5	142806652	142806915	CpG: 18	263	18	163	13.7	62	0.71
1675	chr5	142872432	142872677	CpG: 19	245	19	163	15.5	66.5	0.7
1675	chr5	142891331	142892601	CpG: 129	1270	129	820	20.3	64.6	0.98
1675	chr5	142914914	142915164	CpG: 33	250	33	172	26.4	68.8	1.12
1675	chr5	142945989	142947030	CpG: 121	1041	121	704	23.2	67.6	1.02
1675	chr5	142947578	142948125	CpG: 45	547	45	382	16.5	69.8	0.68
1676	chr5	143098020	143098835	CpG: 94	815	94	549	23.1	67.4	1.03
1677	chr5	143142980	143143379	CpG: 39	399	39	266	19.5	66.7	0.89
1677	chr5	143166127	143166509	CpG: 36	382	36	268	18.8	70.2	0.78
1677	chr5	143220883	143221303	CpG: 50	420	50	300	23.8	71.4	0.95
1677	chr5	143238757	143241010	CpG: 279	2253	279	1575	24.8	69.9	1.02
1677	chr5	143255227	143255860	CpG: 44	633	44	354	13.9	55.9	0.89
1678	chr5	143273508	143274036	CpG: 49	528	49	358	18.6	67.8	0.81
1678	chr5	143278977	143279465	CpG: 43	488	43	292	17.6	59.8	0.99
1678	chr5	143300868	143301342	CpG: 60	474	60	328	25.3	69.2	1.06
1678	chr5	143314708	143315109	CpG: 44	401	44	265	21.9	66.1	1.01
1678	chr5	143343331	143343628	CpG: 25	297	25	208	16.8	70	0.69
1678	chr5	143349928	143350268	CpG: 25	340	25	218	14.7	64.1	0.72
1678	chr5	143355779	143356012	CpG: 28	233	28	169	24	72.5	0.91
1678	chr5	143358770	143359013	CpG: 35	243	35	178	28.8	73.3	1.08
1678	chr5	143372973	143373261	CpG: 25	288	25	194	17.4	67.4	0.8
1678	chr5	143389399	143390085	CpG: 87	686	87	482	25.4	70.3	1.03
1679	chr5	143450282	143450622	CpG: 40	340	40	232	23.5	68.2	1.04
1679	chr5	143513246	143514062	CpG: 76	816	76	492	18.6	60.3	1.02
1680	chr5	143534430	143534934	CpG: 58	504	58	357	23	70.8	0.92
1680	chr5	143608135	143608777	CpG: 77	642	77	465	24	72.4	0.93
1681	chr5	143717260	143718529	CpG: 170	1269	170	983	26.8	77.5	0.89
1681	chr5	143743915	143744119	CpG: 20	204	20	135	19.6	66.2	0.9
1682	chr5	143803388	143804044	CpG: 58	656	58	411	17.7	62.7	0.9
1682	chr5	143846264	143847113	CpG: 69	849	69	527	16.3	62.1	0.85
1683	chr5	143951399	143951737	CpG: 32	338	32	206	18.9	60.9	1.02
1683	chr5	144037295	144037826	CpG: 51	531	51	300	19.2	56.5	1.3
1684	chr5	144110474	144110676	CpG: 15	202	15	127	14.9	62.9	0.75
1684	chr5	144128015	144128300	CpG: 23	285	23	177	16.1	62.1	0.84
1684	chr5	144160253	144160746	CpG: 52	493	52	324	21.1	65.7	0.99
1685	chr5	144192010	144192773	CpG: 87	763	87	543	22.8	71.2	0.9
1685	chr5	144294413	144295409	CpG: 88	996	88	670	17.7	67.3	0.79
1687	chr5	144482204	144483574	CpG: 154	1370	154	926	22.5	67.6	0.98
1687	chr5	144484937	144485178	CpG: 20	241	20	156	16.6	64.7	0.81
1688	chr5	144698270	144698472	CpG: 21	202	21	140	20.8	69.3	0.87
1689	chr5	144704845	144705637	CpG: 75	792	75	518	18.9	65.4	0.9
1689	chr5	144787832	144788067	CpG: 17	235	17	146	14.5	62.1	0.76
1690	chr5	144902000	144902371	CpG: 37	371	37	250	19.9	67.4	0.93
1691	chr5	145020511	145020885	CpG: 39	374	39	250	20.9	66.8	0.95
1691	chr5	145050905	145051710	CpG: 78	805	78	571	19.4	70.9	0.77
1691	chr5	145076400	145077639	CpG: 86	1239	86	698	13.9	56.3	0.88
1692	chr5	145103769	145104510	CpG: 64	741	64	455	17.3	61.4	0.92
1692	chr5	145138259	145138751	CpG: 33	492	33	286	13.4	58.1	0.8
1692	chr5	145168250	145169085	CpG: 89	835	89	584	21.3	69.9	0.87
1692	chr5	145217407	145217679	CpG: 21	272	21	172	15.4	63.2	0.79
1700	chr5	146158004	146158378	CpG: 46	374	46	253	24.6	67.6	1.08
1700	chr5	146167697	146168694	CpG: 112	997	112	618	22.5	62	1.19
1701	chr5	146321945	146322403	CpG: 64	458	64	354	27.9	77.3	0.94
1702	chr5	146521497	146521933	CpG: 41	436	41	267	18.8	61.2	1
1704	chr5	146731228	146732054	CpG: 101	826	101	567	24.5	68.6	1.05
1704	chr5	146769639	146770282	CpG: 64	643	64	423	19.9	65.8	0.92
1704	chr5	146781757	146782393	CpG: 54	636	54	409	17	64.3	0.82
1705	chr5	146885302	146885833	CpG: 57	531	57	342	21.5	64.4	1.04
1705	chr5	146900327	146900617	CpG: 26	290	26	187	17.9	64.5	0.86
1706	chr5	146966030	146966242	CpG: 21	212	21	141	19.8	66.5	0.9
1706	chr5	147013020	147014598	CpG: 121	1578	121	999	15.3	63.3	0.77
1706	chr5	147049471	147050158	CpG: 59	687	59	417	17.2	60.7	1.02
1707	chr5	147122638	147123030	CpG: 28	392	28	230	14.3	58.7	0.84
1707	chr5	147125421	147126261	CpG: 88	840	88	593	21	70.6	0.84
1707	chr5	147126625	147127079	CpG: 37	454	37	283	16.3	62.3	0.84
1708	chr5	147206947	147207289	CpG: 27	342	27	231	15.8	67.5	0.7
1708	chr5	147211407	147211631	CpG: 22	224	22	161	19.6	71.9	0.76
1708	chr5	147241300	147241971	CpG: 48	671	48	405	14.3	60.4	0.79
1708	chr5	147242946	147244162	CpG: 104	1216	104	741	17.1	60.9	0.92
1709	chr5	147336716	147337363	CpG: 60	647	60	452	18.5	69.9	0.78
1709	chr5	147366694	147368267	CpG: 155	1573	155	919	19.7	58.4	1.15
1711	chr5	147661789	147663442	CpG: 148	1653	148	1103	17.9	66.7	0.81
1711	chr5	147688487	147688748	CpG: 22	261	22	181	16.9	69.3	0.7
1712	chr5	147797187	147797893	CpG: 70	706	70	473	19.8	67	0.88
1712	chr5	147799227	147799506	CpG: 21	279	21	162	15.1	58.1	0.9
1712	chr5	147831333	147831869	CpG: 45	536	45	335	16.8	62.5	0.86
1713	chr5	147893997	147894816	CpG: 80	819	80	570	19.5	69.6	0.81
1716	chr5	148336028	148336820	CpG: 88	792	88	535	22.2	67.6	0.98
1717	chr5	148488990	148489792	CpG: 94	802	94	565	23.4	70.4	0.95
1720	chr5	148865192	148866036	CpG: 79	844	79	572	18.7	67.8	0.82
1721	chr5	148952305	148952669	CpG: 24	364	24	224	13.2	61.5	0.7
1721	chr5	148968108	148968422	CpG: 25	314	25	203	15.9	64.6	0.76
1721	chr5	148988103	148990406	CpG: 246	2303	246	1405	21.4	61	1.16
1722	chr5	149120923	149121690	CpG: 63	767	63	469	16.4	61.1	0.88
1723	chr5	149165897	149166257	CpG: 36	360	36	238	20	66.1	0.92
1723	chr5	149224273	149224607	CpG: 26	334	26	182	15.6	54.5	1.07
1726	chr5	149559301	149560276	CpG: 71	975	71	582	14.6	59.7	0.82
1726	chr5	149601599	149602357	CpG: 97	758	97	538	25.6	71	1.02
1729	chr5	150042004	150042612	CpG: 51	608	51	386	16.8	63.5	0.84
1732	chr5	150446018	150446373	CpG: 44	355	44	226	24.8	63.7	1.22
1733	chr5	150517118	150518164	CpG: 114	1046	114	728	21.8	69.6	0.9
1733	chr5	150588595	150589157	CpG: 45	562	45	343	16	61	0.88
1733	chr5	150597047	150597970	CpG: 89	923	89	501	19.3	54.3	1.32
1736	chr5	150876282	150876956	CpG: 68	674	68	461	20.2	68.4	0.87
1738	chr5	151156951	151157309	CpG: 39	358	39	252	21.8	70.4	0.89
1739	chr5	151291887	151292475	CpG: 68	588	68	401	23.1	68.2	1
613	chr6	3763576	3763862	CpG: 29	286	29	202	20.3	70.6	0.82
620	chr6	4600767	4601624	CpG: 112	857	112	676	26.1	78.9	0.84
621	chr6	4747208	4748412	CpG: 110	1204	110	679	18.3	56.4	1.16
622	chr6	4902881	4904019	CpG: 111	1138	111	733	19.5	64.4	0.94
625	chr6	5298135	5298518	CpG: 47	383	47	279	24.5	72.8	0.97
626	chr6	5496015	5496279	CpG: 24	264	24	180	18.2	68.2	0.79
628	chr6	5725672	5725924	CpG: 28	252	28	185	22.2	73.4	0.83
630	chr6	6005797	6006428	CpG: 42	631	42	371	13.3	58.8	0.77
632	chr6	6216759	6217226	CpG: 45	467	45	331	19.3	70.9	0.77
635	chr6	6578294	6578726	CpG: 56	432	56	303	25.9	70.1	1.06
635	chr6	6598145	6598347	CpG: 15	202	15	140	14.9	69.3	0.62
637	chr6	6860760	6860971	CpG: 17	211	17	111	16.1	52.6	1.21
637	chr6	6862725	6862995	CpG: 21	270	21	164	15.6	60.7	0.84
637	chr6	6863683	6863976	CpG: 34	293	34	215	23.2	73.4	0.94
637	chr6	6879318	6879580	CpG: 25	262	25	164	19.1	62.6	0.98
637	chr6	6880043	6880255	CpG: 19	212	19	135	17.9	63.7	0.88
637	chr6	6881412	6881925	CpG: 51	513	51	337	19.9	65.7	0.94
638	chr6	6955842	6956234	CpG: 37	392	37	244	18.9	62.2	0.97
642	chr6	7554903	7555232	CpG: 31	329	31	205	18.8	62.3	0.97
643	chr6	7692982	7693332	CpG: 38	350	38	244	21.7	69.7	0.89
644	chr6	7844531	7845321	CpG: 102	790	102	561	25.8	71	1.03
647	chr6	8209077	8209710	CpG: 85	633	85	471	26.9	74.4	0.99
648	chr6	8258938	8259647	CpG: 72	709	72	466	20.3	65.7	0.94
649	chr6	8509075	8510376	CpG: 141	1301	141	790	21.7	60.7	1.19
651	chr6	8777792	8778320	CpG: 53	528	53	366	20.1	69.3	0.84
653	chr6	8948489	8949356	CpG: 65	867	65	492	15	56.7	0.93
653	chr6	8951048	8951510	CpG: 36	462	36	264	15.6	57.1	0.98
675	chr6	11907681	11907954	CpG: 24	273	24	157	17.6	57.5	1.07
675	chr6	11925807	11926507	CpG: 51	700	51	399	14.6	57	0.9
682	chr6	12749175	12749435	CpG: 21	260	21	191	16.2	73.5	0.6
684	chr6	13069761	13070108	CpG: 46	347	46	263	26.5	75.8	0.92
688	chr6	13607562	13608140	CpG: 68	578	68	413	23.5	71.5	0.92
689	chr6	13677458	13677783	CpG: 33	325	33	210	20.3	64.6	0.97
690	chr6	13838657	13839074	CpG: 32	417	32	257	15.3	61.6	0.84
698	chr6	14901454	14901979	CpG: 61	525	61	364	23.2	69.3	0.98
704	chr6	15720721	15721403	CpG: 63	682	63	447	18.5	65.5	0.86
715	chr6	17064999	17065542	CpG: 58	543	58	377	21.4	69.4	0.89
716	chr6	17281161	17281478	CpG: 33	317	33	223	20.8	70.3	0.86
718	chr6	17463386	17464160	CpG: 80	774	80	552	20.7	71.3	0.82
719	chr6	17636839	17637603	CpG: 99	764	99	577	25.9	75.5	0.93
89	chr6	17693884	17694906	CpG: 131	1022	131	692	25.6	67.7	1.12
721	chr6	17840454	17840717	CpG: 27	263	27	174	20.5	66.2	0.94
722	chr6	18030270	18030636	CpG: 40	366	40	250	21.9	68.3	0.95
726	chr6	18514211	18514424	CpG: 16	213	16	141	15	66.2	0.69
726	chr6	18514613	18515057	CpG: 61	444	61	320	27.5	72.1	1.07
728	chr6	18848476	18848737	CpG: 32	261	32	177	24.5	67.8	1.07
746	chr6	21214450	21215804	CpG: 95	1354	95	724	14	53.5	0.98
751	chr6	21851580	21852124	CpG: 53	544	53	372	19.5	68.4	0.84
752	chr6	21949378	21950306	CpG: 77	928	77	486	16.6	52.4	1.21
755	chr6	22355659	22356334	CpG: 87	675	87	466	25.8	69	1.09
759	chr6	22875316	22875917	CpG: 57	601	57	383	19	63.7	0.95
761	chr6	23158860	23159125	CpG: 21	265	21	144	15.8	54.3	1.09
761	chr6	23166212	23166477	CpG: 21	265	21	145	15.8	54.7	1.08
762	chr6	23247533	23249804	CpG: 156	2271	156	1344	13.7	59.2	0.79
762	chr6	23253712	23254095	CpG: 28	383	28	234	14.6	61.1	0.78
766	chr6	23838725	23839660	CpG: 125	935	125	614	26.7	65.7	1.24
772	chr6	24527062	24527823	CpG: 55	761	55	447	14.5	58.7	0.85
773	chr6	24664465	24665432	CpG: 100	967	100	646	20.7	66.8	0.93
775	chr6	24955204	24956138	CpG: 87	934	87	566	18.6	60.6	1.01
97	chr6	25689920	25690220	CpG: 23	300	23	190	15.3	63.3	0.77
799	chr6	28133665	28133917	CpG: 20	252	20	180	15.9	71.4	0.67
799	chr6	28134947	28135313	CpG: 44	366	44	259	24	70.8	0.96
800	chr6	28215243	28215798	CpG: 89	555	89	417	32.1	75.1	1.15
800	chr6	28260939	28262309	CpG: 167	1370	167	880	24.4	64.2	1.18
801	chr6	28397694	28398015	CpG: 26	321	26	194	16.2	60.4	0.89
801	chr6	28421426	28421797	CpG: 28	371	28	247	15.1	66.6	0.68
801	chr6	28423697	28424036	CpG: 34	339	34	233	20.1	68.7	0.85
802	chr6	28479814	28480664	CpG: 72	850	72	545	16.9	64.1	0.83
804	chr6	28832066	28833706	CpG: 166	1640	166	1051	20.2	64.1	0.98
806	chr6	28980916	28981693	CpG: 60	777	60	465	15.4	59.8	0.86
806	chr6	29059953	29060169	CpG: 17	216	17	140	15.7	64.8	0.75
807	chr6	29164555	29164851	CpG: 28	296	28	182	18.9	61.5	1.03
807	chr6	29170250	29171277	CpG: 99	1027	99	729	19.3	71	0.77
807	chr6	29178972	29179685	CpG: 71	713	71	454	19.9	63.7	0.99
807	chr6	29211958	29212552	CpG: 50	594	50	334	16.8	56.2	1.07
807	chr6	29215983	29216354	CpG: 47	371	47	277	25.3	74.7	0.91
808	chr6	29272505	29272923	CpG: 37	418	37	267	17.7	63.9	0.87
808	chr6	29347828	29348443	CpG: 55	615	55	401	17.9	65.2	0.84
809	chr6	29396378	29396630	CpG: 21	252	21	173	16.7	68.7	0.71
809	chr6	29402790	29403102	CpG: 32	312	32	222	20.5	71.2	0.82
809	chr6	29433047	29433738	CpG: 69	691	69	457	20	66.1	0.92
809	chr6	29473990	29474401	CpG: 29	411	29	283	14.1	68.9	0.61
810	chr6	29496439	29496641	CpG: 19	202	19	135	18.8	66.8	0.84
810	chr6	29507707	29508069	CpG: 39	362	39	259	21.5	71.5	0.84
810	chr6	29526397	29527187	CpG: 72	790	72	458	18.2	58	1.09
810	chr6	29609122	29609956	CpG: 66	834	66	526	15.8	63.1	0.82
811	chr6	29694116	29694501	CpG: 56	385	56	300	29.1	77.9	0.96
811	chr6	29735415	29736540	CpG: 107	1125	107	757	19	67.3	0.86
812	chr6	29768094	29769234	CpG: 94	1140	94	687	16.5	60.3	0.92
813	chr6	29916911	29917527	CpG: 58	616	58	394	18.8	64	0.94
813	chr6	29985113	29985526	CpG: 42	413	42	266	20.3	64.4	0.99
814	chr6	30047620	30048886	CpG: 123	1266	123	738	19.4	58.3	1.15
815	chr6	30173224	30174427	CpG: 96	1203	96	752	16	62.5	0.82
815	chr6	30175630	30176219	CpG: 52	589	52	386	17.7	65.5	0.83
815	chr6	30205723	30205931	CpG: 22	208	22	149	21.2	71.6	0.83
816	chr6	30303904	30304609	CpG: 58	705	58	408	16.5	57.9	0.98
816	chr6	30401584	30402418	CpG: 67	834	67	510	16.1	61.2	0.86
817	chr6	30459848	30460175	CpG: 27	327	27	214	16.5	65.4	0.77
819	chr6	30693407	30693967	CpG: 50	560	50	386	17.9	68.9	0.76
819	chr6	30737906	30738498	CpG: 55	592	55	376	18.6	63.5	0.92
820	chr6	30873301	30873889	CpG: 78	588	78	452	26.5	76.9	0.9
821	chr6	30934748	30936198	CpG: 137	1450	137	927	18.9	63.9	0.93
822	chr6	31193079	31193281	CpG: 17	202	17	131	16.8	64.9	0.8
822	chr6	31193485	31193915	CpG: 53	430	53	307	24.7	71.4	0.99
822	chr6	31194715	31194921	CpG: 18	206	18	134	17.5	65	0.83
102	chr6	31195080	31195290	CpG: 19	210	19	135	18.1	64.3	0.88
824	chr6	31375641	31376330	CpG: 81	689	81	484	23.5	70.2	0.96
825	chr6	31527988	31528192	CpG: 17	204	17	116	16.7	56.9	1.1
825	chr6	31540312	31540867	CpG: 67	555	67	391	24.1	70.5	0.98
833	chr6	32563943	32565040	CpG: 94	1097	94	638	17.1	58.2	1.01
837	chr6	33036822	33037243	CpG: 38	421	38	275	18.1	65.3	0.85
838	chr6	33247741	33247992	CpG: 32	251	32	159	25.5	63.3	1.27
845	chr6	34153616	34154103	CpG: 45	487	45	312	18.5	64.1	0.9
846	chr6	34294091	34294587	CpG: 47	496	47	328	19	66.1	0.87
850	chr6	34757330	34757956	CpG: 90	626	90	437	28.8	69.8	1.18
850	chr6	34854682	34855188	CpG: 53	506	53	343	20.9	67.8	0.91
851	chr6	34887549	34887860	CpG: 40	311	40	227	25.7	73	0.98
851	chr6	34898306	34898692	CpG: 34	386	34	256	17.6	66.3	0.81
852	chr6	35110367	35110676	CpG: 27	309	27	189	17.5	61.2	0.96
852	chr6	35110777	35111057	CpG: 21	280	21	150	15	53.6	1.05
853	chr6	35154345	35155094	CpG: 91	749	91	541	24.3	72.2	0.94
853	chr6	35229499	35229829	CpG: 39	330	39	240	23.6	72.7	0.9
855	chr6	35516112	35516926	CpG: 71	814	71	529	17.4	65	0.83
862	chr6	36365461	36365670	CpG: 17	209	17	135	16.3	64.6	0.82
869	chr6	37276457	37276996	CpG: 57	539	57	390	21.2	72.4	0.83
870	chr6	37418601	37419307	CpG: 54	706	54	448	15.3	63.5	0.76
873	chr6	37782912	37783144	CpG: 22	232	22	142	19	61.2	1.05
873	chr6	37847449	37848624	CpG: 114	1175	114	679	19.4	57.8	1.16
876	chr6	38230739	38231500	CpG: 89	761	89	507	23.4	66.6	1.05
877	chr6	38275660	38276263	CpG: 64	603	64	411	21.2	68.2	0.92
877	chr6	38330767	38331778	CpG: 95	1011	95	637	18.8	63	0.95
878	chr6	38410292	38411905	CpG: 183	1613	183	1118	22.7	69.3	0.94
878	chr6	38511598	38512008	CpG: 39	410	39	280	19	68.3	0.83
878	chr6	38527977	38529068	CpG: 101	1091	101	618	18.5	56.6	1.17
879	chr6	38613283	38614156	CpG: 111	873	111	631	25.4	72.3	0.97
879	chr6	38639868	38640318	CpG: 76	450	76	370	33.8	82.2	1
881	chr6	38852555	38853696	CpG: 139	1141	139	764	24.4	67	1.11
883	chr6	39094653	39095791	CpG: 148	1138	148	809	26	71.1	1.03
883	chr6	39182379	39184305	CpG: 226	1926	226	1225	23.5	63.6	1.16
884	chr6	39233662	39233937	CpG: 30	275	30	201	21.8	73.1	0.84
885	chr6	39354353	39354711	CpG: 32	358	32	232	17.9	64.8	0.86
885	chr6	39396513	39397482	CpG: 98	969	98	592	20.2	61.1	1.09
886	chr6	39534175	39535018	CpG: 107	843	107	621	25.4	73.7	0.96
886	chr6	39550662	39551172	CpG: 51	510	51	343	20	67.3	0.89
886	chr6	39569459	39569762	CpG: 37	303	37	210	24.4	69.3	1.04
887	chr6	39701860	39702579	CpG: 79	719	79	455	22	63.3	1.1
888	chr6	39787738	39788013	CpG: 31	275	31	196	22.5	71.3	0.9
889	chr6	39848360	39850412	CpG: 173	2052	173	1336	16.9	65.1	0.8
892	chr6	40302297	40302697	CpG: 41	400	41	279	20.5	69.8	0.89
893	chr6	40412259	40413275	CpG: 90	1016	90	670	17.7	65.9	0.82
893	chr6	40448257	40448649	CpG: 45	392	45	258	23	65.8	1.07
902	chr6	41582097	41582778	CpG: 70	681	70	488	20.6	71.7	0.8
907	chr6	42241764	42242284	CpG: 49	520	49	325	18.8	62.5	0.98
907	chr6	42300585	42300860	CpG: 19	275	19	186	13.8	67.6	0.62
907	chr6	42301041	42301466	CpG: 39	425	39	305	18.4	71.8	0.76
907	chr6	42326484	42327466	CpG: 87	982	87	658	17.7	67	0.8
908	chr6	42350023	42350255	CpG: 25	232	25	167	21.6	72	0.86
914	chr6	43242220	43242880	CpG: 52	660	52	465	15.8	70.5	0.64
943	chr6	47021555	47021984	CpG: 44	429	44	270	20.5	62.9	1.04
946	chr6	47430811	47432135	CpG: 171	1324	171	922	25.8	69.6	1.08
947	chr6	47571143	47572570	CpG: 117	1427	117	812	16.4	56.9	1.01
948	chr6	47628115	47628559	CpG: 40	444	40	290	18	65.3	0.91
948	chr6	47632030	47632806	CpG: 63	776	63	408	16.2	52.6	1.36
948	chr6	47636351	47637112	CpG: 63	761	63	409	16.6	53.7	1.32
948	chr6	47640691	47641473	CpG: 63	782	63	409	16.1	52.3	1.36
948	chr6	47645027	47645803	CpG: 63	776	63	408	16.2	52.6	1.36
948	chr6	47649335	47650129	CpG: 63	794	63	408	15.9	51.4	1.38
948	chr6	47653673	47654455	CpG: 63	782	63	409	16.1	52.3	1.36
948	chr6	47657994	47658773	CpG: 63	779	63	408	16.2	52.4	1.36
948	chr6	47662312	47663088	CpG: 63	776	63	408	16.2	52.6	1.36
949	chr6	47716907	47717631	CpG: 61	724	61	386	16.9	53.3	1.37
949	chr6	47729861	47731162	CpG: 96	1301	96	716	14.8	55	1.09
949	chr6	47734695	47735472	CpG: 63	777	63	396	16.2	51	1.44
949	chr6	47740293	47741039	CpG: 60	746	60	379	16.1	50.8	1.43
949	chr6	47790115	47790591	CpG: 43	476	43	299	18.1	62.8	0.92
949	chr6	47807107	47807566	CpG: 55	459	55	319	24	69.5	1.01
949	chr6	47812513	47813309	CpG: 95	796	95	566	23.9	71.1	0.95
950	chr6	47843472	47843717	CpG: 17	245	17	146	13.9	59.6	0.79
950	chr6	47854300	47855090	CpG: 81	790	81	580	20.5	73.4	0.77
950	chr6	47881765	47882284	CpG: 46	519	46	337	17.7	64.9	0.84
950	chr6	47897592	47897798	CpG: 28	206	28	149	27.2	72.3	1.07
950	chr6	47919904	47920530	CpG: 66	626	66	446	21.1	71.2	0.83
950	chr6	47930202	47930573	CpG: 29	371	29	228	15.6	61.5	0.84
951	chr6	48001539	48002334	CpG: 61	795	61	494	15.3	62.1	0.81
951	chr6	48024370	48025918	CpG: 211	1548	211	1104	27.3	71.3	1.08
951	chr6	48040878	48041081	CpG: 18	203	18	132	17.7	65	0.88
951	chr6	48062850	48063781	CpG: 126	931	126	713	27.1	76.6	0.93
954	chr6	48372518	48372950	CpG: 48	432	48	298	22.2	69	0.94
954	chr6	48414949	48416210	CpG: 110	1261	110	826	17.4	65.5	0.84
954	chr6	48421842	48422068	CpG: 15	226	15	158	13.3	69.9	0.66
954	chr6	48422171	48422579	CpG: 44	408	44	289	21.6	70.8	0.89
955	chr6	48531648	48531911	CpG: 24	263	24	160	18.3	60.8	1
955	chr6	48570660	48571245	CpG: 63	585	63	426	21.5	72.8	0.84
955	chr6	48573867	48574610	CpG: 60	743	60	492	16.2	66.2	0.75
955	chr6	48578604	48579218	CpG: 52	614	52	405	16.9	66	0.78
955	chr6	48596571	48597336	CpG: 58	765	58	493	15.2	64.4	0.74
955	chr6	48603902	48604272	CpG: 34	370	34	241	18.4	65.1	0.88
955	chr6	48606180	48606691	CpG: 60	511	60	361	23.5	70.6	0.95
956	chr6	48719636	48720086	CpG: 44	450	44	304	19.6	67.6	0.87
959	chr6	49050691	49051259	CpG: 59	568	59	379	20.8	66.7	0.93
960	chr6	49190693	49192540	CpG: 160	1847	160	1034	17.3	56	1.11
960	chr6	49194556	49195307	CpG: 68	751	68	469	18.1	62.5	0.93
960	chr6	49240114	49241134	CpG: 105	1020	105	644	20.6	63.1	1.04
961	chr6	49296112	49296543	CpG: 48	431	48	306	22.3	71	0.89
961	chr6	49344627	49345028	CpG: 36	401	36	269	18	67.1	0.84
961	chr6	49372345	49372758	CpG: 39	413	39	258	18.9	62.5	0.99
964	chr6	49799246	49799849	CpG: 53	603	53	407	17.6	67.5	0.78
967	chr6	50086947	50087838	CpG: 118	891	118	623	26.5	69.9	1.09
967	chr6	50173916	50174206	CpG: 23	290	23	193	15.9	66.6	0.79
969	chr6	50432466	50433098	CpG: 51	632	51	416	16.1	65.8	0.75
970	chr6	50543247	50543868	CpG: 72	621	72	420	23.2	67.6	1.02
970	chr6	50573351	50574089	CpG: 61	738	61	502	16.5	68	0.72
970	chr6	50586551	50586816	CpG: 21	265	21	144	15.8	54.3	1.09
971	chr6	50597665	50597930	CpG: 21	265	21	144	15.8	54.3	1.09
975	chr6	51145807	51146043	CpG: 21	236	21	166	17.8	70.3	0.72
975	chr6	51155596	51155842	CpG: 25	246	25	157	20.3	63.8	1.01
975	chr6	51247332	51248102	CpG: 77	770	77	528	20	68.6	0.87
976	chr6	51356718	51356924	CpG: 23	206	23	126	22.3	61.2	1.2
977	chr6	51409596	51410430	CpG: 80	834	80	575	19.2	68.9	0.81
977	chr6	51445834	51448232	CpG: 239	2398	239	1516	19.9	63.2	1
977	chr6	51500922	51501147	CpG: 28	225	28	159	24.9	70.7	1
978	chr6	51569522	51569942	CpG: 36	420	36	276	17.1	65.7	0.79
978	chr6	51589579	51589958	CpG: 46	379	46	268	24.3	70.7	0.97
981	chr6	51989202	51989779	CpG: 52	577	52	377	18	65.3	0.85
982	chr6	52135303	52135922	CpG: 47	619	47	372	15.2	60.1	0.84
982	chr6	52145657	52146041	CpG: 34	384	34	260	17.7	67.7	0.77
982	chr6	52149454	52149791	CpG: 34	337	34	214	20.2	63.5	1.02
982	chr6	52152581	52153147	CpG: 50	566	50	319	17.7	56.4	1.15
982	chr6	52154143	52154646	CpG: 34	503	34	299	13.5	59.4	0.77
983	chr6	52168033	52169206	CpG: 132	1173	132	764	22.5	65.1	1.06
983	chr6	52180725	52181823	CpG: 106	1098	106	677	19.3	61.7	1.02
983	chr6	52183426	52183634	CpG: 21	208	21	125	20.2	60.1	1.13
983	chr6	52188641	52188850	CpG: 24	209	24	144	23	68.9	0.97
983	chr6	52193834	52194738	CpG: 82	904	82	578	18.1	63.9	0.89
983	chr6	52198332	52198895	CpG: 44	563	44	349	15.6	62	0.81
983	chr6	52202236	52203293	CpG: 74	1057	74	641	14	60.6	0.76
983	chr6	52205998	52206268	CpG: 24	270	24	162	17.8	60	0.99
983	chr6	52207477	52207813	CpG: 31	336	31	239	18.5	71.1	0.74
983	chr6	52210374	52210595	CpG: 16	221	16	118	14.5	53.4	1.05
983	chr6	52211002	52212068	CpG: 95	1066	95	605	17.8	56.8	1.11
983	chr6	52217303	52217809	CpG: 37	506	37	284	14.6	56.1	0.93
983	chr6	52222200	52223557	CpG: 94	1357	94	807	13.9	59.5	0.78
983	chr6	52226261	52226540	CpG: 20	279	20	160	14.3	57.3	0.87
983	chr6	52229719	52231091	CpG: 96	1372	96	811	14	59.1	0.81
983	chr6	52236966	52237770	CpG: 77	804	77	449	19.2	55.8	1.23
983	chr6	52283014	52283278	CpG: 21	264	21	166	15.9	62.9	0.82
983	chr6	52287411	52287779	CpG: 27	368	27	221	14.7	60.1	0.83
983	chr6	52290432	52291288	CpG: 59	856	59	542	13.8	63.3	0.69
983	chr6	52291565	52291788	CpG: 19	223	19	135	17	60.5	0.95
983	chr6	52293532	52294150	CpG: 77	618	77	461	24.9	74.6	0.92
986	chr6	52617038	52617473	CpG: 44	435	44	294	20.2	67.6	0.9
123	chr6	52690654	52691143	CpG: 64	489	64	348	26.2	71.2	1.07
989	chr6	53044819	53045816	CpG: 158	997	158	811	31.7	81.3	0.96
991	chr6	53264037	53265333	CpG: 101	1296	101	775	15.6	59.8	0.87
995	chr6	53794849	53798083	CpG: 262	3234	262	2096	16.2	64.8	0.78
997	chr6	54016418	54017323	CpG: 101	905	101	638	22.3	70.5	0.9
999	chr6	54303900	54304271	CpG: 31	371	31	235	16.7	63.3	0.83
999	chr6	54304739	54304946	CpG: 23	207	23	138	22.2	66.7	1
1000	chr6	54406495	54407080	CpG: 55	585	55	374	18.8	63.9	0.92
1001	chr6	54542777	54543428	CpG: 54	651	54	427	16.6	65.6	0.77
1001	chr6	54572044	54572791	CpG: 82	747	82	523	22	70	0.9
1002	chr6	54658415	54659363	CpG: 91	948	91	616	19.2	65	0.91
1003	chr6	54793469	54794528	CpG: 152	1059	152	798	28.7	75.4	1.01
1004	chr6	54920899	54921320	CpG: 31	421	31	274	14.7	65.1	0.7
1004	chr6	54949314	54949700	CpG: 41	386	41	280	21.2	72.5	0.81
1004	chr6	54969598	54970146	CpG: 51	548	51	355	18.6	64.8	0.89
1004	chr6	55014863	55015409	CpG: 78	546	78	403	28.6	73.8	1.07
1005	chr6	55094375	55095141	CpG: 70	766	70	526	18.3	68.7	0.78
1007	chr6	55428826	55429581	CpG: 73	755	73	534	19.3	70.7	0.79
1009	chr6	55653976	55654198	CpG: 19	222	19	155	17.1	69.8	0.71
1016	chr6	56545603	56546011	CpG: 34	408	34	268	16.7	65.7	0.78
1017	chr6	56629141	56629423	CpG: 30	282	30	189	21.3	67	0.95
1017	chr6	56681394	56681710	CpG: 29	316	29	198	18.4	62.7	0.94
1017	chr6	56691817	56692529	CpG: 75	712	75	478	21.1	67.1	0.94
1018	chr6	56774239	56774860	CpG: 99	621	99	475	31.9	76.5	1.1
1018	chr6	56808894	56809486	CpG: 55	592	55	398	18.6	67.2	0.83
1019	chr6	56900573	56901043	CpG: 61	470	61	333	26	70.9	1.04
1024	chr6	57668658	57669052	CpG: 33	394	33	269	16.8	68.3	0.72
1025	chr6	57679738	57680366	CpG: 57	628	57	414	18.2	65.9	0.84
1025	chr6	57801453	57802213	CpG: 85	760	85	532	22.4	70	0.92
1032	chr6	58617317	58617708	CpG: 46	391	46	289	23.5	73.9	0.87
1033	chr6	58808486	58808985	CpG: 59	499	59	367	23.6	73.5	0.89
1034	chr6	58883708	58884132	CpG: 43	424	43	274	20.3	64.6	0.97
1036	chr6	59185719	59186142	CpG: 57	423	57	312	27	73.8	1
1038	chr6	59403116	59403425	CpG: 24	309	24	210	15.5	68	0.67
1051	chr6	61157093	61158064	CpG: 135	971	135	702	27.8	72.3	1.06
1067	chr6	63232981	63234707	CpG: 148	1726	148	1093	17.1	63.3	0.86
1078	chr6	64705975	64707246	CpG: 90	1271	90	803	14.2	63.2	0.71
1078	chr6	64711516	64711998	CpG: 43	482	43	330	17.8	68.5	0.77
1081	chr6	65019520	65020097	CpG: 74	577	74	386	25.6	66.9	1.15
1081	chr6	65127785	65127986	CpG: 22	201	22	143	21.9	71.1	0.87
1083	chr6	65358229	65358598	CpG: 38	369	38	243	20.6	65.9	0.98
1085	chr6	65648457	65650021	CpG: 118	1564	118	970	15.1	62	0.79
1086	chr6	65755866	65756322	CpG: 50	456	50	336	21.9	73.7	0.81
1092	chr6	66512113	66512703	CpG: 51	590	51	370	17.3	62.7	0.9
1095	chr6	66873205	66873956	CpG: 91	751	91	535	24.2	71.2	0.98
1096	chr6	67013535	67014356	CpG: 85	821	85	557	20.7	67.8	0.9
1098	chr6	67243750	67244729	CpG: 103	979	103	644	21	65.8	0.97
1098	chr6	67352968	67353205	CpG: 20	237	20	160	16.9	67.5	0.75
1100	chr6	67511847	67512644	CpG: 75	797	75	495	18.8	62.1	0.98
1124	chr6	70768741	70769369	CpG: 64	628	64	426	20.4	67.8	0.91
1125	chr6	70821443	70822080	CpG: 83	637	83	423	26.1	66.4	1.2
1126	chr6	70933175	70934277	CpG: 111	1102	111	750	20.1	68.1	0.87
1126	chr6	70989819	70990538	CpG: 45	719	45	453	12.5	63	0.63
1127	chr6	71120838	71121322	CpG: 36	484	36	310	14.9	64	0.73
1128	chr6	71248466	71249157	CpG: 71	691	71	481	20.5	69.6	0.85
1129	chr6	71416791	71418285	CpG: 173	1494	173	1005	23.2	67.3	1.02
1130	chr6	71470732	71471643	CpG: 113	911	113	668	24.8	73.3	0.94
1130	chr6	71520815	71521399	CpG: 56	584	56	403	19.2	69	0.81
1131	chr6	71609059	71610560	CpG: 127	1501	127	919	16.9	61.2	0.91
1131	chr6	71684634	71685408	CpG: 78	774	78	503	20.2	65	0.96
1132	chr6	71808170	71808852	CpG: 70	682	70	460	20.5	67.4	0.9
1133	chr6	71885631	71885878	CpG: 26	247	26	159	21.1	64.4	1.02
1134	chr6	72074317	72075034	CpG: 80	717	80	524	22.3	73.1	0.84
1135	chr6	72166114	72166337	CpG: 17	223	17	158	15.2	70.9	0.68
1135	chr6	72211358	72212583	CpG: 115	1225	115	744	18.8	60.7	1.02
1136	chr6	72321830	72322301	CpG: 62	471	62	317	26.3	67.3	1.18
1136	chr6	72324346	72324692	CpG: 34	346	34	184	19.7	53.2	1.4
1136	chr6	72332116	72332921	CpG: 76	805	76	554	18.9	68.8	0.8
1136	chr6	72339075	72339431	CpG: 29	356	29	211	16.3	59.3	0.99
1137	chr6	72415901	72417029	CpG: 120	1128	120	716	21.3	63.5	1.06
1138	chr6	72593137	72594093	CpG: 73	956	73	554	15.3	57.9	0.91
1140	chr6	72765122	72766644	CpG: 128	1522	128	935	16.8	61.4	0.9
142	chr6	72875682	72877403	CpG: 219	1721	219	1203	25.5	69.9	1.05
1141	chr6	72935060	72935821	CpG: 69	761	69	495	18.1	65	0.86
1143	chr6	73225695	73225983	CpG: 32	288	32	200	22.2	69.4	0.92
1168	chr6	76474789	76475086	CpG: 24	297	24	158	16.2	53.2	1.17
1174	chr6	77219587	77220113	CpG: 45	526	45	331	17.1	62.9	0.86
1174	chr6	77220642	77221808	CpG: 77	1166	77	696	13.2	59.7	0.74
1179	chr6	77956463	77956790	CpG: 33	327	33	208	20.2	63.6	1
1181	chr6	78192847	78193060	CpG: 21	213	21	132	19.7	62	1.04
1209	chr6	81900590	81901009	CpG: 52	419	52	292	24.8	69.7	1.03
1210	chr6	81942578	81942877	CpG: 30	299	30	193	20.1	64.5	0.96
1210	chr6	82018707	82018916	CpG: 20	209	20	144	19.1	68.9	0.82
1211	chr6	82068870	82069072	CpG: 22	202	22	131	21.8	64.9	1.05
1215	chr6	82629510	82630198	CpG: 72	688	72	475	20.9	69	0.89
1216	chr6	82750233	82751799	CpG: 118	1566	118	969	15.1	61.9	0.79
1217	chr6	82916441	82916717	CpG: 34	276	34	192	24.6	69.6	1.03
1218	chr6	83009747	83010270	CpG: 41	523	41	319	15.7	61	0.84
1218	chr6	83031354	83032292	CpG: 97	938	97	615	20.7	65.6	0.97
1218	chr6	83045651	83048436	CpG: 243	2785	243	1863	17.5	66.9	0.78
1218	chr6	83054864	83055774	CpG: 89	910	89	599	19.6	65.8	0.92
1218	chr6	83063300	83063701	CpG: 30	401	30	220	15	54.9	1
1218	chr6	83064513	83064927	CpG: 39	414	39	265	18.8	64	0.92
1218	chr6	83078533	83079472	CpG: 90	939	90	647	19.2	68.9	0.81
1218	chr6	83085984	83086650	CpG: 72	666	72	439	21.6	65.9	1
1218	chr6	83092376	83092884	CpG: 72	508	72	383	28.3	75.4	1.01
1218	chr6	83098832	83099326	CpG: 37	494	37	312	15	63.2	0.76
1219	chr6	83101883	83102185	CpG: 25	302	25	187	16.6	61.9	0.88
1219	chr6	83112721	83113053	CpG: 31	332	31	224	18.7	67.5	0.85
1219	chr6	83119265	83119516	CpG: 34	251	34	183	27.1	72.9	1.02
1219	chr6	83133300	83133572	CpG: 28	272	28	176	20.6	64.7	0.98
1219	chr6	83138743	83139517	CpG: 56	774	56	489	14.5	63.2	0.74
1220	chr6	83245226	83245509	CpG: 21	283	21	186	14.8	65.7	0.7
1220	chr6	83294261	83294622	CpG: 44	361	44	258	24.4	71.5	0.96
1220	chr6	83302868	83303232	CpG: 41	364	41	253	22.5	69.5	0.94
1220	chr6	83326320	83326614	CpG: 41	294	41	231	27.9	78.6	0.94
1220	chr6	83344983	83345456	CpG: 32	473	32	311	13.5	65.8	0.63
1221	chr6	83381447	83381706	CpG: 20	259	20	169	15.4	65.3	0.73
1221	chr6	83418448	83418711	CpG: 32	263	32	203	24.3	77.2	0.84
1221	chr6	83432838	83434245	CpG: 133	1407	133	892	18.9	63.4	0.95
1221	chr6	83483688	83484062	CpG: 39	374	39	244	20.9	65.2	0.98
1222	chr6	83549279	83549480	CpG: 21	201	21	136	20.9	67.7	0.99
1223	chr6	83679179	83679890	CpG: 48	711	48	427	13.5	60.1	0.76
1223	chr6	83687499	83687755	CpG: 18	256	18	167	14.1	65.2	0.68
1223	chr6	83688270	83688540	CpG: 32	270	32	195	23.7	72.2	0.94
1223	chr6	83688850	83689217	CpG: 31	367	31	231	16.9	62.9	0.85
1223	chr6	83735073	83735469	CpG: 34	396	34	248	17.2	62.6	0.88
1223	chr6	83739833	83740271	CpG: 37	438	37	272	16.9	62.1	0.88
1223	chr6	83752488	83752902	CpG: 56	414	56	301	27.1	72.7	1.02
1224	chr6	83771917	83772376	CpG: 49	459	49	313	21.4	68.2	0.92
1224	chr6	83808475	83808777	CpG: 44	302	44	228	29.1	75.5	1.04
1224	chr6	83843989	83844572	CpG: 48	583	48	398	16.5	68.3	0.71
1225	chr6	83891247	83891995	CpG: 83	748	83	526	22.2	70.3	0.91
1225	chr6	83985716	83985996	CpG: 23	280	23	183	16.4	65.4	0.78
1226	chr6	84082578	84082953	CpG: 37	375	37	240	19.7	64	0.97
1226	chr6	84111911	84112119	CpG: 15	208	15	114	14.4	54.8	1.02
1226	chr6	84112463	84112735	CpG: 21	272	21	182	15.4	66.9	0.69
1230	chr6	84561220	84562944	CpG: 121	1724	121	1021	14	59.2	0.8
1230	chr6	84564592	84566333	CpG: 128	1741	128	1012	14.7	58.1	0.9
1233	chr6	85046029	85046553	CpG: 60	524	60	376	22.9	71.8	0.92
1233	chr6	85053177	85053456	CpG: 22	279	22	173	15.8	62	0.84
1234	chr6	85102974	85103175	CpG: 23	201	23	138	22.9	68.7	0.97
1234	chr6	85114391	85114913	CpG: 44	522	44	348	16.9	66.7	0.76
1234	chr6	85132006	85132342	CpG: 28	336	28	228	16.7	67.9	0.72
1234	chr6	85164479	85165405	CpG: 83	926	83	618	17.9	66.7	0.81
1234	chr6	85167008	85167650	CpG: 58	642	58	389	18.1	60.6	0.99
1235	chr6	85309535	85310504	CpG: 79	969	79	631	16.3	65.1	0.77
1236	chr6	85350999	85351610	CpG: 63	611	63	427	20.6	69.9	0.85
1236	chr6	85351861	85352108	CpG: 17	247	17	150	13.8	60.7	0.76
1236	chr6	85386120	85386368	CpG: 29	248	29	173	23.4	69.8	0.96
1236	chr6	85408884	85409272	CpG: 38	388	38	274	19.6	70.6	0.82
1236	chr6	85427964	85429267	CpG: 125	1303	125	843	19.2	64.7	0.92
1237	chr6	85460874	85461802	CpG: 99	928	99	620	21.3	66.8	0.96
1237	chr6	85479706	85480094	CpG: 41	388	41	295	21.1	76	0.75
1237	chr6	85488416	85490930	CpG: 264	2514	264	1782	21	70.9	0.84
1237	chr6	85564402	85564865	CpG: 38	463	38	234	16.4	50.5	1.3
1240	chr6	85892654	85893068	CpG: 47	414	47	284	22.7	68.6	0.97
1240	chr6	85913839	85914209	CpG: 43	370	43	259	23.2	70	0.96
1240	chr6	85938065	85938692	CpG: 62	627	62	418	19.8	66.7	0.89
1241	chr6	86005666	86006236	CpG: 49	570	49	379	17.2	66.5	0.78
1242	chr6	86172025	86172916	CpG: 97	891	97	628	21.8	70.5	0.88
1243	chr6	86342378	86343058	CpG: 75	680	75	471	22.1	69.3	0.96
1243	chr6	86348334	86348695	CpG: 41	361	41	231	22.7	64	1.11
1243	chr6	86365650	86365860	CpG: 16	210	16	122	15.2	58.1	0.91
1243	chr6	86373807	86374214	CpG: 39	407	39	285	19.2	70	0.84
1244	chr6	86381148	86381725	CpG: 55	577	55	386	19.1	66.9	0.86
1244	chr6	86415310	86416004	CpG: 55	694	55	402	15.9	57.9	0.96
1244	chr6	86449162	86449469	CpG: 43	307	43	218	28	71	1.11
1244	chr6	86502269	86504348	CpG: 227	2079	227	1372	21.8	66	1.01
1246	chr6	86645674	86646594	CpG: 108	920	108	677	23.5	73.6	0.88
1246	chr6	86661332	86661584	CpG: 24	252	24	152	19	60.3	1.05
1246	chr6	86709739	86710576	CpG: 102	837	102	593	24.4	70.8	0.98
1247	chr6	86826526	86826922	CpG: 37	396	37	231	18.7	58.3	1.1
1248	chr6	86986784	86987210	CpG: 33	426	33	278	15.5	65.3	0.74
1248	chr6	87019244	87020069	CpG: 67	825	67	510	16.2	61.8	0.86
1251	chr6	87312195	87312702	CpG: 48	507	48	341	18.9	67.3	0.84
1253	chr6	87567516	87567784	CpG: 21	268	21	175	15.7	65.3	0.74
1254	chr6	87707694	87708565	CpG: 91	871	91	575	20.9	66	0.96
1254	chr6	87709781	87710047	CpG: 24	266	24	179	18	67.3	0.84
1254	chr6	87787977	87789354	CpG: 116	1377	116	859	16.8	62.4	0.9
1254	chr6	87815559	87815964	CpG: 37	405	37	230	18.3	56.8	1.13
1255	chr6	87827385	87828316	CpG: 111	931	111	668	23.8	71.8	0.94
1255	chr6	87890885	87891600	CpG: 69	715	69	428	19.3	59.9	1.1
1256	chr6	87957345	87958970	CpG: 176	1625	176	1107	21.7	68.1	0.94
1256	chr6	88021787	88022313	CpG: 51	526	51	308	19.4	58.6	1.13
1256	chr6	88061320	88062101	CpG: 71	781	71	513	18.2	65.7	0.85
1257	chr6	88166561	88167950	CpG: 107	1389	107	849	15.4	61.1	0.83
1257	chr6	88170543	88171580	CpG: 101	1037	101	712	19.5	68.7	0.83
1257	chr6	88173358	88176812	CpG: 227	3454	227	2124	13.1	61.5	0.69
1259	chr6	88423027	88423680	CpG: 73	653	73	455	22.4	69.7	0.93
1259	chr6	88442303	88442805	CpG: 40	502	40	302	15.9	60.2	0.89
1260	chr6	88476928	88477373	CpG: 71	445	71	332	31.9	74.6	1.15
1260	chr6	88495487	88496138	CpG: 79	651	79	453	24.3	69.6	1
1260	chr6	88554865	88555223	CpG: 28	358	28	227	15.6	63.4	0.78
157	chr6	88604298	88604741	CpG: 51	443	51	317	23	71.6	0.9
1261	chr6	88701221	88702124	CpG: 83	903	83	538	18.4	59.6	1.04
1262	chr6	88818520	88820005	CpG: 131	1485	131	992	17.6	66.8	0.81
1262	chr6	88851223	88852214	CpG: 112	991	112	652	22.6	65.8	1.06
1263	chr6	88875568	88875817	CpG: 26	249	26	162	20.9	65.1	1.02
1263	chr6	88878940	88879742	CpG: 65	802	65	500	16.2	62.3	0.83
1266	chr6	89333673	89333883	CpG: 18	210	18	129	17.1	61.4	0.91
1266	chr6	89338654	89340148	CpG: 171	1494	171	989	22.9	66.2	1.05
1268	chr6	89572223	89572666	CpG: 49	443	49	307	22.1	69.3	0.93
1268	chr6	89620913	89621724	CpG: 83	811	83	570	20.5	70.3	0.85
1270	chr6	89812217	89812667	CpG: 33	450	33	290	14.7	64.4	0.71
1273	chr6	90209684	90210373	CpG: 47	689	47	389	13.6	56.5	0.86
1273	chr6	90286058	90286805	CpG: 89	747	89	509	23.8	68.1	1.03
1273	chr6	90302029	90302293	CpG: 22	264	22	178	16.7	67.4	0.73
1274	chr6	90346546	90347668	CpG: 118	1122	118	754	21	67.2	0.93
159	chr6	90439258	90440235	CpG: 128	977	128	693	26.2	70.9	1.05
1275	chr6	90440511	90440778	CpG: 19	267	19	174	14.2	65.2	0.67
1276	chr6	90581853	90582069	CpG: 24	216	24	160	22.2	74.1	0.81
1276	chr6	90693256	90693593	CpG: 42	337	42	256	24.9	76	0.86
1277	chr6	90713165	90714201	CpG: 115	1036	115	692	22.2	66.8	1
1277	chr6	90787004	90787257	CpG: 18	253	18	168	14.2	66.4	0.66
1278	chr6	90882549	90882826	CpG: 37	277	37	205	26.7	74	0.98
1279	chr6	90964709	90965747	CpG: 118	1038	118	654	22.7	63	1.15
1279	chr6	91093384	91093992	CpG: 85	608	85	455	28	74.8	1
1280	chr6	91133604	91134037	CpG: 36	433	36	282	16.6	65.1	0.79
1280	chr6	91189705	91189954	CpG: 26	249	26	163	20.9	65.5	0.98
1281	chr6	91262163	91262703	CpG: 49	540	49	371	18.1	68.7	0.77
1282	chr6	91371394	91371635	CpG: 20	241	20	151	16.6	62.7	0.85
1282	chr6	91386706	91386942	CpG: 20	236	20	136	16.9	57.6	1.04
1282	chr6	91387949	91388521	CpG: 80	572	80	432	28	75.5	0.98
1282	chr6	91449961	91451059	CpG: 91	1098	91	681	16.6	62	0.87
1283	chr6	91492574	91493334	CpG: 77	760	77	486	20.3	63.9	1
1284	chr6	91661112	91661380	CpG: 34	268	34	200	25.4	74.6	0.94
1285	chr6	91820334	91820898	CpG: 79	564	79	428	28	75.9	0.97
1285	chr6	91854925	91855490	CpG: 44	565	44	349	15.6	61.8	0.82
1286	chr6	91955941	91956153	CpG: 23	212	23	148	21.7	69.8	0.89
1287	chr6	92068195	92069532	CpG: 130	1337	130	796	19.4	59.5	1.1
1288	chr6	92160634	92161090	CpG: 41	456	41	296	18	64.9	0.86
1288	chr6	92191545	92191965	CpG: 55	420	55	289	26.2	68.8	1.13
1292	chr6	92682923	92683337	CpG: 50	414	50	314	24.2	75.8	0.84
1293	chr6	92920047	92920741	CpG: 67	694	67	473	19.3	68.2	0.83
1299	chr6	93655337	93656003	CpG: 45	666	45	403	13.5	60.5	0.74
1304	chr6	94259806	94261739	CpG: 164	1933	164	1197	17	61.9	0.9
1305	chr6	94477103	94477426	CpG: 25	323	25	199	15.5	61.6	0.82
1307	chr6	94676230	94677428	CpG: 128	1198	128	785	21.4	65.5	1
1310	chr6	95094623	95095471	CpG: 94	848	94	535	22.2	63.1	1.12
1315	chr6	95695279	95695785	CpG: 59	506	59	363	23.3	71.7	0.91
1324	chr6	96988008	96988400	CpG: 31	392	31	245	15.8	62.5	1.05
1326	chr6	97125414	97125957	CpG: 43	543	43	362	15.8	66.7	0.71
1326	chr6	97155763	97156336	CpG: 52	573	52	349	18.2	60.9	0.98
1326	chr6	97182410	97182839	CpG: 38	429	38	288	17.7	67.1	0.83
1326	chr6	97187641	97187853	CpG: 23	212	23	132	21.7	62.3	1.15
1328	chr6	97464490	97464992	CpG: 40	502	40	348	15.9	69.3	0.67
1329	chr6	97593828	97594722	CpG: 80	894	80	608	17.9	68	0.78
1340	chr6	99005143	99005785	CpG: 70	642	70	432	21.8	67.3	0.98
1344	chr6	99498155	99500010	CpG: 162	1855	162	1096	17.5	59.1	1
1345	chr6	99643350	99643874	CpG: 63	524	63	371	24	70.8	0.96
1345	chr6	99669017	99670380	CpG: 186	1363	186	990	27.3	72.6	1.04
1345	chr6	99703140	99703702	CpG: 68	562	68	381	24.2	67.8	1.05
1346	chr6	99855108	99855395	CpG: 27	287	27	184	18.8	64.1	0.92
1349	chr6	100263461	100265191	CpG: 198	1730	198	1081	22.9	62.5	1.17
1352	chr6	100539894	100540703	CpG: 63	809	63	520	15.6	64.3	0.75
1352	chr6	100647552	100648342	CpG: 87	790	87	488	22	61.8	1.17
1353	chr6	100681708	100682007	CpG: 47	299	47	239	31.4	79.9	1
1354	chr6	100810426	100811297	CpG: 126	871	126	659	28.9	75.7	1.03
1358	chr6	101354131	101355048	CpG: 126	917	126	659	27.5	71.9	1.07
1367	chr6	102541191	102541539	CpG: 34	348	34	226	19.5	64.9	0.93
1374	chr6	103489161	103489397	CpG: 20	236	20	154	16.9	65.3	0.85
1399	chr6	106746076	106746415	CpG: 41	339	41	222	24.2	65.5	1.14
1399	chr6	106776800	106777156	CpG: 40	356	40	256	22.5	71.9	0.87
1405	chr6	107506655	107507172	CpG: 51	517	51	358	19.7	69.2	0.83
1409	chr6	108117166	108117468	CpG: 28	302	28	186	18.5	61.6	0.98
1410	chr6	108162197	108162527	CpG: 41	330	41	238	24.8	72.1	0.96
1413	chr6	108636326	108637406	CpG: 88	1080	88	735	16.3	68.1	0.71
1413	chr6	108645397	108645703	CpG: 29	306	29	203	19	66.3	0.86
1414	chr6	108759939	108760790	CpG: 86	851	86	565	20.2	66.4	0.92
1415	chr6	108805251	108806228	CpG: 122	977	122	711	25	72.8	0.95
1428	chr6	110622852	110623261	CpG: 38	409	38	256	18.6	62.6	0.95
1443	chr6	112465985	112466844	CpG: 89	859	89	570	20.7	66.4	0.94
1444	chr6	112673263	112673774	CpG: 67	511	67	341	26.2	66.7	1.18
1444	chr6	112704225	112704497	CpG: 21	272	21	178	15.4	65.4	0.72
1447	chr6	113023096	113023576	CpG: 48	480	48	327	20	68.1	0.86
1447	chr6	113053262	113054772	CpG: 147	1510	147	963	19.5	63.8	0.97
1448	chr6	113170889	113171326	CpG: 40	437	40	298	18.3	68.2	0.81
1448	chr6	113171908	113172306	CpG: 38	398	38	295	19.1	74.1	0.73
1448	chr6	113214576	113214940	CpG: 33	364	33	253	18.1	69.5	0.77
1449	chr6	113259229	113259516	CpG: 29	287	29	203	20.2	70.7	0.81
1449	chr6	113260079	113260374	CpG: 24	295	24	200	16.3	67.8	0.71
1449	chr6	113283544	113284661	CpG: 96	1117	96	706	17.2	63.2	0.86
1449	chr6	113303668	113303974	CpG: 27	306	27	202	17.6	66	0.82
1449	chr6	113354482	113355166	CpG: 51	684	51	441	14.9	64.5	0.72
1449	chr6	113369378	113369916	CpG: 49	538	49	376	18.2	69.9	0.75
1450	chr6	113396178	113396412	CpG: 20	234	20	147	17.1	62.8	0.88
1450	chr6	113419491	113419944	CpG: 40	453	40	297	17.7	65.6	0.82
1450	chr6	113446507	113446929	CpG: 45	422	45	285	21.3	67.5	0.94
1450	chr6	113459457	113460356	CpG: 86	899	86	599	19.1	66.6	0.86
1450	chr6	113471277	113472094	CpG: 80	817	80	559	19.6	68.4	0.84
1450	chr6	113478692	113479006	CpG: 27	314	27	210	17.2	66.9	0.79
181	chr6	113508343	113508700	CpG: 35	357	35	227	19.6	63.6	0.98
1451	chr6	113581470	113582169	CpG: 63	699	63	459	18	65.7	0.84
1451	chr6	113600968	113601506	CpG: 62	538	62	362	23	67.3	1.03
1451	chr6	113615344	113615574	CpG: 24	230	24	156	20.9	67.8	0.91
1452	chr6	113673789	113674894	CpG: 133	1105	133	739	24.1	66.9	1.08
1452	chr6	113725440	113725806	CpG: 31	366	31	217	16.9	59.3	1.02
1452	chr6	113732103	113732448	CpG: 24	345	24	210	13.9	60.9	0.75
1452	chr6	113735965	113736186	CpG: 19	221	19	137	17.2	62	0.93
1453	chr6	113868227	113868523	CpG: 44	296	44	230	29.7	77.7	0.99
1454	chr6	114018710	114019111	CpG: 50	401	50	283	24.9	70.6	1.04
1455	chr6	114108042	114108697	CpG: 78	655	78	479	23.8	73.1	0.89
1456	chr6	114259654	114260013	CpG: 40	359	40	265	22.3	73.8	0.82
1457	chr6	114374945	114375223	CpG: 28	278	28	171	20.1	61.5	1.08
1459	chr6	114619961	114620270	CpG: 31	309	31	190	20.1	61.5	1.12
1460	chr6	114715297	114715582	CpG: 37	285	37	211	26	74	0.95
1461	chr6	114847799	114848032	CpG: 17	233	17	139	14.6	59.7	0.82
1461	chr6	114945608	114946974	CpG: 147	1366	147	944	21.5	69.1	0.91
1462	chr6	115014508	115014920	CpG: 45	412	45	294	21.8	71.4	0.86
1463	chr6	115111803	115112498	CpG: 75	695	75	481	21.6	69.2	0.91
1464	chr6	115337928	115339187	CpG: 97	1259	97	838	15.4	66.6	0.72
1466	chr6	115521516	115521829	CpG: 36	313	36	209	23	66.8	1.06
1466	chr6	115578781	115579176	CpG: 41	395	41	248	20.8	62.8	1.1
1467	chr6	115653020	115653807	CpG: 87	787	87	554	22.1	70.4	0.89
1468	chr6	115785153	115785741	CpG: 63	588	63	383	21.4	65.1	1.01
1468	chr6	115830251	115830768	CpG: 44	517	44	321	17	62.1	0.88
1469	chr6	115970354	115971967	CpG: 205	1613	205	1132	25.4	70.2	1.04
1471	chr6	116150605	116150863	CpG: 29	258	29	167	22.5	64.7	1.08
1471	chr6	116184949	116185452	CpG: 41	503	41	324	16.3	64.4	0.79
1472	chr6	116314733	116315490	CpG: 85	757	85	518	22.5	68.4	0.96
1473	chr6	116437687	116438041	CpG: 31	354	31	229	17.5	64.7	0.84
1474	chr6	116528111	116528324	CpG: 19	213	19	130	17.8	61	0.97
1474	chr6	116605481	116605983	CpG: 54	502	54	353	21.5	70.3	0.88
1474	chr6	116650529	116650731	CpG: 15	202	15	134	14.9	66.3	0.68
1474	chr6	116650962	116651202	CpG: 17	240	17	144	14.2	60	0.79
1478	chr6	117145353	117146358	CpG: 98	1005	98	671	19.5	66.8	0.88
1483	chr6	117818031	117818451	CpG: 51	420	51	306	24.3	72.9	0.93
1484	chr6	117856331	117856699	CpG: 49	368	49	256	26.6	69.6	1.1
1484	chr6	117883573	117885183	CpG: 171	1610	171	1137	21.2	70.6	0.86
1484	chr6	117893813	117894517	CpG: 66	704	66	464	18.8	65.9	0.9
1485	chr6	117974755	117974969	CpG: 18	214	18	133	16.8	62.1	0.88
1485	chr6	117988262	117988759	CpG: 82	497	82	405	33	81.5	0.99
1486	chr6	118115828	118116216	CpG: 54	388	54	298	27.8	76.8	0.95
1486	chr6	118173585	118174771	CpG: 119	1186	119	801	20.1	67.5	0.88
1488	chr6	118396130	118396810	CpG: 61	680	61	439	17.9	64.6	0.86
1488	chr6	118432069	118432528	CpG: 39	459	39	301	17	65.6	0.8
1489	chr6	118538927	118539410	CpG: 38	483	38	299	15.7	61.9	0.82
1489	chr6	118570622	118570934	CpG: 26	312	26	190	16.7	60.9	0.92
1493	chr6	119084277	119086009	CpG: 182	1732	182	1103	21	63.7	1.04
1494	chr6	119152101	119152681	CpG: 52	580	52	354	17.9	61	0.98
1495	chr6	119307492	119307802	CpG: 27	310	27	182	17.4	58.7	1.06
1495	chr6	119365149	119366040	CpG: 100	891	100	549	22.4	61.6	1.19
1496	chr6	119417234	119417543	CpG: 21	309	21	195	13.6	63.1	0.7
1496	chr6	119455978	119458138	CpG: 231	2160	231	1458	21.4	67.5	0.94
1496	chr6	119520496	119521576	CpG: 131	1080	131	693	24.3	64.2	1.18
1499	chr6	119824672	119825573	CpG: 107	901	107	645	23.8	71.6	0.95
1499	chr6	119879434	119880009	CpG: 64	575	64	391	22.3	68	0.97
1500	chr6	120014014	120015819	CpG: 169	1805	169	1188	18.7	65.8	0.87
1502	chr6	120270901	120271763	CpG: 87	862	87	567	20.2	65.8	0.94
1503	chr6	120340792	120341840	CpG: 97	1048	97	633	18.5	60.4	1.02
1503	chr6	120440136	120440795	CpG: 87	659	87	489	26.4	74.2	1
1504	chr6	120469245	120470977	CpG: 169	1732	169	1117	19.5	64.5	0.95
1504	chr6	120507837	120508514	CpG: 67	677	67	429	19.8	63.4	0.99
1505	chr6	120642339	120644321	CpG: 216	1982	216	1312	21.8	66.2	1
1506	chr6	120799389	120799813	CpG: 36	424	36	263	17	62	0.9
1506	chr6	120813088	120813556	CpG: 47	468	47	326	20.1	69.7	0.83
1507	chr6	120893351	120893936	CpG: 63	585	63	411	21.5	70.3	0.88
1508	chr6	121086662	121087032	CpG: 48	370	48	277	25.9	74.9	0.93
1509	chr6	121161102	121161463	CpG: 31	361	31	236	17.2	65.4	0.81
1509	chr6	121222666	121222876	CpG: 20	210	20	139	19	66.2	0.9
1511	chr6	121389770	121390533	CpG: 63	763	63	507	16.5	66.4	0.75
1511	chr6	121450002	121450781	CpG: 70	779	70	521	18	66.9	0.81
1517	chr6	122285684	122286214	CpG: 39	530	39	326	14.7	61.5	0.79
1518	chr6	122316213	122317000	CpG: 81	787	81	485	20.6	61.6	1.09
1519	chr6	122462769	122463899	CpG: 148	1130	148	718	26.2	63.5	1.33
1521	chr6	122741283	122742018	CpG: 55	735	55	439	15	59.7	0.85
1521	chr6	122778495	122779007	CpG: 58	512	58	355	22.7	69.3	0.99
1521	chr6	122788130	122788560	CpG: 47	430	47	304	21.9	70.7	0.88
1521	chr6	122796707	122797273	CpG: 58	566	58	353	20.5	62.4	1.05
1522	chr6	122851353	122852000	CpG: 64	647	64	409	19.8	63.2	1.02
1534	chr6	124391582	124392152	CpG: 54	570	54	350	18.9	61.4	1.01
1535	chr6	124639403	124640299	CpG: 82	896	82	561	18.3	62.6	0.93
1536	chr6	124688884	124689769	CpG: 70	885	70	532	15.8	60.1	0.88
1536	chr6	124717574	124718090	CpG: 39	516	39	329	15.1	63.8	0.74
1536	chr6	124722503	124723208	CpG: 60	705	60	405	17	57.4	1.03
1536	chr6	124732870	124733956	CpG: 130	1086	130	715	23.9	65.8	1.11
1537	chr6	124782543	124782799	CpG: 21	256	21	171	16.4	66.8	0.74
1537	chr6	124806214	124806577	CpG: 35	363	35	228	19.3	62.8	1
1537	chr6	124834289	124834689	CpG: 51	400	51	284	25.5	71	1.02
1537	chr6	124838116	124838329	CpG: 17	213	17	131	16	61.5	0.86
1537	chr6	124840546	124841058	CpG: 44	512	44	338	17.2	66	0.82
1537	chr6	124887053	124887309	CpG: 30	256	30	186	23.4	72.7	0.89
1537	chr6	124894177	124894771	CpG: 68	594	68	360	22.9	60.6	1.31
1537	chr6	124907941	124908831	CpG: 85	890	85	564	19.1	63.4	0.95
1538	chr6	124942181	124942758	CpG: 72	577	72	410	25	71.1	0.99
1538	chr6	124973756	124974010	CpG: 27	254	27	190	21.3	74.8	0.83
1538	chr6	124985796	124986399	CpG: 63	603	63	394	20.9	65.3	1.03
1539	chr6	125058614	125059270	CpG: 53	656	53	391	16.2	59.6	0.91
1539	chr6	125072904	125073781	CpG: 88	877	88	633	20.1	72.2	0.77
1539	chr6	125108580	125109257	CpG: 65	677	65	433	19.2	64	0.96
1539	chr6	125122337	125122989	CpG: 52	652	52	438	16	67.2	0.72
1539	chr6	125141764	125142710	CpG: 66	946	66	600	14	63.4	0.7
1539	chr6	125168361	125169138	CpG: 66	777	66	479	17	61.6	0.9
1540	chr6	125192493	125192924	CpG: 39	431	39	277	18.1	64.3	0.88
1540	chr6	125262836	125263077	CpG: 20	241	20	171	16.6	71	0.68
1540	chr6	125290617	125291061	CpG: 41	444	41	324	18.5	73	0.73
1541	chr6	125307964	125308205	CpG: 26	241	26	170	21.6	70.5	0.91
1541	chr6	125338686	125338953	CpG: 27	267	27	175	20.2	65.5	0.94
1541	chr6	125357249	125357591	CpG: 28	342	28	238	16.4	69.6	0.68
1542	chr6	125471101	125471801	CpG: 60	700	60	461	17.1	65.9	0.79
1547	chr6	126140280	126140544	CpG: 21	264	21	161	15.9	61	0.87
1547	chr6	126141546	126142025	CpG: 39	479	39	299	16.3	62.4	0.84
1551	chr6	126619948	126620314	CpG: 34	366	34	221	18.6	60.4	1.02
1551	chr6	126621222	126622088	CpG: 72	866	72	559	16.6	64.5	0.8
1551	chr6	126716220	126717489	CpG: 92	1269	92	774	14.5	61	0.78
1553	chr6	126916139	126916663	CpG: 50	524	50	350	19.1	66.8	0.86
1554	chr6	127057102	127057493	CpG: 45	391	45	276	23	70.6	0.93
1554	chr6	127086142	127086732	CpG: 49	590	49	364	16.6	61.7	0.87
1554	chr6	127127390	127127762	CpG: 31	372	31	241	16.7	64.8	0.79
1554	chr6	127131899	127132184	CpG: 28	285	28	202	19.6	70.9	0.8
1557	chr6	127430414	127430989	CpG: 60	575	60	384	20.9	66.8	0.95
1558	chr6	127538135	127538391	CpG: 21	256	21	169	16.4	66	0.76
1559	chr6	127744676	127745005	CpG: 28	329	28	191	17	58.1	1.01
1559	chr6	127745831	127746364	CpG: 64	533	64	356	24	66.8	1.08
1560	chr6	127864657	127864876	CpG: 20	219	20	158	18.3	72.1	0.71
1561	chr6	128011292	128012070	CpG: 77	778	77	534	19.8	68.6	0.84
1562	chr6	128120329	128120687	CpG: 46	358	46	282	25.7	78.8	0.83
1562	chr6	128177286	128177763	CpG: 44	477	44	326	18.4	68.3	0.8
1563	chr6	128277175	128277911	CpG: 78	736	78	527	21.2	71.6	0.83
1564	chr6	128332248	128333029	CpG: 68	781	68	515	17.4	65.9	0.8
1564	chr6	128339396	128340227	CpG: 105	831	105	592	25.3	71.2	1
1564	chr6	128401568	128401885	CpG: 32	317	32	201	20.2	63.4	1.04
1564	chr6	128414657	128415788	CpG: 116	1131	116	771	20.5	68.2	0.88
1567	chr6	128737178	128737513	CpG: 30	335	30	193	17.9	57.6	1.11
1567	chr6	128776036	128776264	CpG: 25	228	25	147	21.9	64.5	1.14
1567	chr6	128776549	128776752	CpG: 20	203	20	132	19.7	65	1.06
1567	chr6	128815617	128815971	CpG: 29	354	29	197	16.4	55.6	1.13
1567	chr6	128819848	128820231	CpG: 40	383	40	239	20.9	62.4	1.16
1573	chr6	129510101	129510382	CpG: 26	281	26	177	18.5	63	0.95
1586	chr6	131269987	131270255	CpG: 33	268	33	168	24.6	62.7	1.28
1587	chr6	131364907	131365579	CpG: 95	672	95	470	28.3	69.9	1.16
1587	chr6	131410617	131410988	CpG: 34	371	34	259	18.3	69.8	0.75
1600	chr6	133082227	133082709	CpG: 53	482	53	333	22	69.1	0.93
1607	chr6	134011902	134013235	CpG: 118	1333	118	809	17.7	60.7	0.96
1611	chr6	134543338	134544393	CpG: 159	1055	159	810	30.1	76.8	1.03
1611	chr6	134609071	134609561	CpG: 41	490	41	319	16.7	65.1	0.79
1612	chr6	134617841	134618272	CpG: 52	431	52	316	24.1	73.3	0.91
1613	chr6	134768983	134769960	CpG: 118	977	118	633	24.2	64.8	1.15
1613	chr6	134806901	134807498	CpG: 41	597	41	346	13.7	58	0.82
1613	chr6	134846835	134847150	CpG: 23	315	23	189	14.6	60	0.82
1614	chr6	134874596	134875584	CpG: 73	988	73	522	14.8	52.8	1.06
1614	chr6	134896888	134898227	CpG: 114	1339	114	815	17	60.9	0.92
1614	chr6	134903843	134904454	CpG: 60	611	60	400	19.6	65.5	0.95
1614	chr6	134905210	134905852	CpG: 55	642	55	361	17.1	56.2	1.09
1614	chr6	134960499	134961094	CpG: 53	595	53	403	17.8	67.7	0.78
1615	chr6	135042627	135042835	CpG: 22	208	22	135	21.2	64.9	1
1616	chr6	135144870	135145249	CpG: 33	379	33	259	17.4	68.3	0.75
1616	chr6	135174873	135175127	CpG: 31	254	31	182	24.4	71.7	0.96
1620	chr6	135709970	135710230	CpG: 18	260	18	148	13.8	56.9	0.86
1622	chr6	136021160	136021448	CpG: 22	288	22	152	15.3	52.8	1.1
1624	chr6	136305527	136305740	CpG: 24	213	24	134	22.5	62.9	1.15
1625	chr6	136376199	136376414	CpG: 16	215	16	134	14.9	62.3	0.78
1625	chr6	136378546	136378769	CpG: 18	223	18	135	16.1	60.5	0.9
1626	chr6	136495598	136496176	CpG: 57	578	57	356	19.7	61.6	1.06
1627	chr6	136638502	136638798	CpG: 23	296	23	168	15.5	56.8	0.98
1628	chr6	136781029	136781368	CpG: 39	339	39	216	23	63.7	1.13
1628	chr6	136785188	136785956	CpG: 85	768	85	517	22.1	67.3	1
1628	chr6	136793692	136793925	CpG: 26	233	26	175	22.3	75.1	0.98
1628	chr6	136804677	136805196	CpG: 58	519	58	330	22.4	63.6	1.11
1630	chr6	137095139	137095350	CpG: 23	211	23	130	21.8	61.6	1.26
1631	chr6	137146290	137146801	CpG: 46	511	46	349	18	68.3	0.77
1631	chr6	137229332	137229897	CpG: 54	565	54	389	19.1	68.8	0.81
1635	chr6	137625666	137626360	CpG: 75	694	75	436	21.6	62.8	1.1
1635	chr6	137711934	137712600	CpG: 86	666	86	449	25.8	67.4	1.14
1635	chr6	137731477	137731709	CpG: 16	232	16	159	13.8	68.5	0.64
1655	chr6	140369448	140370821	CpG: 147	1373	147	947	21.4	69	0.9
1657	chr6	140569110	140570785	CpG: 181	1675	181	1124	21.6	67.1	0.97
1662	chr6	141195227	141196213	CpG: 92	986	92	651	18.7	66	0.87
1670	chr6	142291287	142291691	CpG: 42	404	42	260	20.8	64.4	1.01
1670	chr6	142332565	142333352	CpG: 102	787	102	560	25.9	71.2	1.03
1671	chr6	142360355	142360582	CpG: 21	227	21	157	18.5	69.2	0.8
1671	chr6	142453597	142453820	CpG: 17	223	17	143	15.2	64.1	0.74
1672	chr6	142516859	142517348	CpG: 34	489	34	334	13.9	68.3	0.61
1673	chr6	142702345	142702738	CpG: 51	393	51	296	26	75.3	0.93
1675	chr6	142909757	142910597	CpG: 75	840	75	548	17.9	65.2	0.86
1676	chr6	143045184	143046074	CpG: 95	890	95	603	21.3	67.8	0.93
1676	chr6	143112565	143113464	CpG: 94	899	94	549	20.9	61.1	1.12
1681	chr6	143779138	143779380	CpG: 22	242	22	154	18.2	63.6	0.91
1689	chr6	144727205	144728113	CpG: 73	908	73	517	16.1	56.9	1
1691	chr6	144994084	144994539	CpG: 48	455	48	317	21.1	69.7	0.87
1691	chr6	145021299	145021505	CpG: 15	206	15	121	14.6	58.7	0.85
1692	chr6	145156586	145157020	CpG: 33	434	33	268	15.2	61.8	0.81
1692	chr6	145195098	145196226	CpG: 156	1128	156	791	27.7	70.1	1.13
1693	chr6	145286412	145286699	CpG: 31	287	31	198	21.6	69	0.94
1693	chr6	145287001	145287314	CpG: 21	313	21	171	13.4	54.6	0.9
1696	chr6	145691807	145693199	CpG: 139	1392	139	1011	20	72.6	0.79
1697	chr6	145808469	145809627	CpG: 133	1158	133	790	23	68.2	0.99
1697	chr6	145811209	145812551	CpG: 104	1342	104	828	15.5	61.7	0.82
1701	chr6	146403090	146404251	CpG: 81	1161	81	717	14	61.8	0.73
1702	chr6	146479124	146479797	CpG: 64	673	64	456	19	67.8	0.83
1702	chr6	146535758	146536193	CpG: 66	435	66	341	30.3	78.4	0.99
1703	chr6	146543862	146544401	CpG: 47	539	47	368	17.4	68.3	0.75
1703	chr6	146548760	146549063	CpG: 21	303	21	171	13.9	56.4	0.87
1703	chr6	146626298	146627118	CpG: 110	820	110	594	26.8	72.4	1.03
1704	chr6	146697450	146697685	CpG: 21	235	21	168	17.9	71.5	0.7
1704	chr6	146789553	146790230	CpG: 90	677	90	496	26.6	73.3	0.99
1706	chr6	146944238	146944740	CpG: 56	502	56	355	22.3	70.7	0.89
1706	chr6	146992866	146993676	CpG: 92	810	92	580	22.7	71.6	0.89
1707	chr6	147165187	147165803	CpG: 58	616	58	411	18.8	66.7	0.86
1709	chr6	147377329	147378016	CpG: 75	687	75	473	21.8	68.9	0.93
1713	chr6	147948730	147948996	CpG: 23	266	23	180	17.3	67.7	0.76
1715	chr6	148112917	148113928	CpG: 103	1011	103	627	20.4	62	1.06
1716	chr6	148256052	148257036	CpG: 90	984	90	611	18.3	62.1	0.95
1716	chr6	148345471	148346220	CpG: 83	749	83	492	22.2	65.7	1.04
1719	chr6	148732702	148733170	CpG: 31	468	31	299	13.2	63.9	0.67
1720	chr6	148797385	148797955	CpG: 61	570	61	398	21.4	69.8	0.97
1720	chr6	148846006	148848247	CpG: 232	2241	232	1421	20.7	63.4	1.04
1721	chr6	149002189	149003364	CpG: 158	1175	158	837	26.9	71.2	1.06
1723	chr6	149210843	149211335	CpG: 54	492	54	338	22	68.7	0.93
1723	chr6	149255152	149255372	CpG: 18	220	18	146	16.4	66.4	0.75
1723	chr6	149263141	149263398	CpG: 18	257	18	160	14	62.3	0.72
609	chr7	3230780	3231016	CpG: 22	236	22	147	18.6	62.3	1
610	chr7	3351958	3352333	CpG: 28	375	28	249	14.9	66.4	0.69
611	chr7	3415211	3415458	CpG: 27	247	27	152	21.9	61.5	1.22
611	chr7	3460499	3460785	CpG: 26	286	26	188	18.2	65.7	0.84
611	chr7	3463390	3464371	CpG: 113	981	113	642	23	65.4	1.08
611	chr7	3472038	3472350	CpG: 28	312	28	215	17.9	68.9	0.87
612	chr7	3620297	3620533	CpG: 17	236	17	146	14.4	61.9	0.76
612	chr7	3632690	3633055	CpG: 32	365	32	195	17.5	53.4	1.24
612	chr7	3648083	3648962	CpG: 101	879	101	601	23	68.4	0.99
612	chr7	3668237	3668516	CpG: 27	279	27	184	19.4	65.9	0.93
613	chr7	3688703	3688982	CpG: 26	279	26	192	18.6	68.8	0.81
613	chr7	3695526	3697830	CpG: 173	2304	173	1399	15	60.7	0.83
613	chr7	3706896	3707756	CpG: 61	860	61	469	14.2	54.5	0.96
616	chr7	4122442	4122762	CpG: 33	320	33	246	20.6	76.9	0.77
616	chr7	4139844	4140608	CpG: 84	764	84	524	22	68.6	0.94
616	chr7	4149943	4150147	CpG: 18	204	18	147	17.6	72.1	0.69
616	chr7	4152172	4152745	CpG: 57	573	57	380	19.9	66.3	0.9
616	chr7	4154443	4154744	CpG: 27	301	27	205	17.9	68.1	0.78
619	chr7	4504073	4504808	CpG: 97	735	97	519	26.4	70.6	1.06
620	chr7	4661435	4662456	CpG: 121	1021	121	682	23.7	66.8	1.07
620	chr7	4710258	4710473	CpG: 20	215	20	153	18.6	71.2	0.79
621	chr7	4743061	4743397	CpG: 37	336	37	236	22	70.2	0.9
621	chr7	4779889	4780324	CpG: 39	435	39	317	17.9	72.9	0.68
621	chr7	4792015	4792621	CpG: 71	606	71	395	23.4	65.2	1.11
621	chr7	4795724	4796648	CpG: 79	924	79	562	17.1	60.8	0.94
621	chr7	4814707	4815739	CpG: 99	1032	99	665	19.2	64.4	0.93
621	chr7	4832971	4833223	CpG: 19	252	19	166	15.1	65.9	0.7
621	chr7	4839049	4839842	CpG: 84	793	84	574	21.2	72.4	0.81
621	chr7	4847025	4847841	CpG: 62	816	62	535	15.2	65.6	0.72
622	chr7	4868967	4869226	CpG: 22	259	22	153	17	59.1	1
622	chr7	4879977	4880241	CpG: 19	264	19	167	14.4	63.3	0.73
622	chr7	4918075	4918544	CpG: 54	469	54	333	23	71	0.93
623	chr7	4996505	4997753	CpG: 107	1248	107	861	17.1	69	0.72
623	chr7	4998823	4999051	CpG: 18	228	18	152	15.8	66.7	0.72
623	chr7	5011122	5011845	CpG: 48	723	48	467	13.3	64.6	0.64
623	chr7	5017334	5017937	CpG: 40	603	40	380	13.3	63	0.69
623	chr7	5018254	5018840	CpG: 68	586	68	429	23.2	73.2	0.87
623	chr7	5020883	5021194	CpG: 22	311	22	187	14.1	60.1	0.8
623	chr7	5023227	5023738	CpG: 49	511	49	340	19.2	66.5	0.87
623	chr7	5033198	5034982	CpG: 166	1784	166	1204	18.6	67.5	0.82
623	chr7	5041258	5041648	CpG: 44	390	44	269	22.6	69	0.95
623	chr7	5054494	5054838	CpG: 33	344	33	206	19.2	59.9	1.1
623	chr7	5055936	5056324	CpG: 45	388	45	272	23.2	70.1	0.95
623	chr7	5059707	5060230	CpG: 55	523	55	372	21	71.1	0.83
623	chr7	5063287	5063671	CpG: 27	384	27	247	14.1	64.3	0.69
623	chr7	5064018	5065611	CpG: 150	1593	150	969	18.8	60.8	1.03
623	chr7	5083073	5083679	CpG: 78	606	78	430	25.7	71	1.03
624	chr7	5128831	5129106	CpG: 30	275	30	188	21.8	68.4	0.93
631	chr7	6135061	6136014	CpG: 80	953	80	640	16.8	67.2	0.76
631	chr7	6158115	6159490	CpG: 129	1375	129	886	18.8	64.4	0.93
632	chr7	6175891	6176096	CpG: 15	205	15	114	14.6	55.6	0.95
632	chr7	6192542	6192910	CpG: 45	368	45	258	24.5	70.1	1
632	chr7	6289200	6289592	CpG: 39	392	39	262	19.9	66.8	0.94
633	chr7	6334081	6334403	CpG: 35	322	35	210	21.7	65.2	1.02
633	chr7	6366188	6366497	CpG: 24	309	24	188	15.5	60.8	0.85
636	chr7	6699356	6699641	CpG: 24	285	24	182	16.8	63.9	0.84
636	chr7	6732449	6732784	CpG: 25	335	25	212	14.9	63.3	0.76
636	chr7	6733061	6733397	CpG: 27	336	27	222	16.1	66.1	0.76
638	chr7	6980237	6980453	CpG: 17	216	17	135	15.7	62.5	0.81
639	chr7	7124293	7124513	CpG: 17	220	17	124	15.5	56.4	0.99
640	chr7	7280762	7281550	CpG: 65	788	65	432	16.5	54.8	1.1
640	chr7	7301063	7302769	CpG: 128	1706	128	1020	15	59.8	0.84
640	chr7	7303627	7303902	CpG: 27	275	27	192	19.6	69.8	0.82
663	chr7	10229110	10229322	CpG: 17	212	17	121	16	57.1	0.99
678	chr7	12212170	12212682	CpG: 46	512	46	336	18	65.6	0.84
680	chr7	12514429	12514753	CpG: 41	324	41	221	25.3	68.2	1.11
680	chr7	12537330	12537693	CpG: 29	363	29	226	16	62.3	0.83
680	chr7	12552386	12552816	CpG: 40	430	40	280	18.6	65.1	0.89
680	chr7	12568823	12569135	CpG: 35	312	35	191	22.4	61.2	1.2
681	chr7	12631737	12632005	CpG: 22	268	22	161	16.4	60.1	0.95
681	chr7	12655659	12656486	CpG: 64	827	64	481	15.5	58.2	0.92
681	chr7	12662019	12662616	CpG: 63	597	63	403	21.1	67.5	0.94
681	chr7	12699694	12700225	CpG: 43	531	43	336	16.2	63.3	0.81
681	chr7	12705002	12705392	CpG: 32	390	32	247	16.4	63.3	0.83
681	chr7	12711768	12712223	CpG: 42	455	42	295	18.5	64.8	0.88
682	chr7	12741563	12742149	CpG: 53	586	53	372	18.1	63.5	0.91
682	chr7	12743551	12744026	CpG: 38	475	38	303	16	63.8	0.79
682	chr7	12757886	12759071	CpG: 149	1185	149	867	25.1	73.2	0.94
682	chr7	12768349	12768787	CpG: 41	438	41	280	18.7	63.9	0.92
682	chr7	12771370	12771610	CpG: 21	240	21	153	17.5	63.8	0.99
682	chr7	12771824	12772486	CpG: 67	662	67	434	20.2	65.6	0.94
682	chr7	12777249	12778405	CpG: 123	1156	123	784	21.3	67.8	0.93
682	chr7	12788088	12788740	CpG: 44	652	44	386	13.5	59.2	0.8
684	chr7	12994907	12995508	CpG: 43	601	43	370	14.3	61.6	0.76
684	chr7	13012403	13013017	CpG: 55	614	55	392	17.9	63.8	0.88
694	chr7	14356250	14357371	CpG: 153	1121	153	785	27.3	70	1.11
704	chr7	15656167	15656411	CpG: 25	244	25	159	20.5	65.2	0.97
704	chr7	15679676	15680090	CpG: 47	414	47	266	22.7	64.3	1.13
704	chr7	15691385	15691740	CpG: 35	355	35	226	19.7	63.7	0.98
705	chr7	15781242	15782038	CpG: 74	796	74	546	18.6	68.6	0.79
705	chr7	15786710	15787041	CpG: 27	331	27	204	16.3	61.6	0.86
705	chr7	15795448	15796175	CpG: 86	727	86	525	23.7	72.2	0.96
705	chr7	15832149	15832947	CpG: 63	798	63	530	15.8	66.4	0.75
705	chr7	15853865	15854133	CpG: 24	268	24	171	17.9	63.8	0.9
706	chr7	15874489	15875059	CpG: 40	570	40	352	14	61.8	0.74
706	chr7	15878846	15879265	CpG: 43	419	43	277	20.5	66.1	0.95
706	chr7	15892676	15893005	CpG: 38	329	38	225	23.1	68.4	0.99
706	chr7	15909246	15909513	CpG: 33	267	33	197	24.7	73.8	0.91
706	chr7	15952108	15952318	CpG: 17	210	17	132	16.2	62.9	0.83
706	chr7	15955888	15956095	CpG: 23	207	23	133	22.2	64.3	1.14
707	chr7	16006593	16007628	CpG: 98	1035	98	710	18.9	68.6	0.81
707	chr7	16008040	16008331	CpG: 21	291	21	186	14.4	63.9	0.71
707	chr7	16020155	16020721	CpG: 61	566	61	405	21.6	71.6	0.98
707	chr7	16029400	16029705	CpG: 33	305	33	212	21.6	69.5	0.9
707	chr7	16033520	16034029	CpG: 46	509	46	326	18.1	64	0.88
707	chr7	16043349	16044181	CpG: 67	832	67	487	16.1	58.5	0.94
707	chr7	16046013	16046375	CpG: 31	362	31	208	17.1	57.5	1.05
707	chr7	16047593	16048188	CpG: 65	595	65	438	21.8	73.6	0.81
88	chr7	16121484	16121990	CpG: 38	506	38	262	15	51.8	1.14
708	chr7	16133518	16135393	CpG: 138	1875	138	1035	14.7	55.2	1.01
708	chr7	16186849	16187124	CpG: 39	275	39	211	28.4	76.7	0.97
708	chr7	16208498	16208764	CpG: 31	266	31	184	23.3	69.2	0.98
708	chr7	16209483	16210755	CpG: 106	1272	106	854	16.7	67.1	0.75
709	chr7	16348262	16349534	CpG: 137	1272	137	820	21.5	64.5	1.04
709	chr7	16352860	16353089	CpG: 21	229	21	127	18.3	55.5	1.21
710	chr7	16472271	16472591	CpG: 28	320	28	213	17.5	66.6	0.8
710	chr7	16505841	16506126	CpG: 25	285	25	170	17.5	59.6	0.99
711	chr7	16515868	16516309	CpG: 43	441	43	253	19.5	57.4	1.19
711	chr7	16544649	16545758	CpG: 120	1109	120	766	21.6	69.1	0.91
711	chr7	16550083	16550916	CpG: 72	833	72	423	17.3	50.8	1.4
711	chr7	16576544	16577010	CpG: 37	466	37	293	15.9	62.9	0.86
711	chr7	16589644	16589874	CpG: 16	230	16	150	13.9	65.2	0.66
711	chr7	16599554	16599848	CpG: 22	294	22	174	15	59.2	0.85
711	chr7	16608918	16609621	CpG: 51	703	51	386	14.5	54.9	1
711	chr7	16619006	16620309	CpG: 204	1303	204	986	31.3	75.7	1.09
711	chr7	16629044	16629266	CpG: 18	222	18	141	16.2	63.5	0.8
711	chr7	16640913	16641203	CpG: 22	290	22	187	15.2	64.5	0.73
712	chr7	16657665	16658345	CpG: 91	680	91	487	26.8	71.6	1.06
712	chr7	16678473	16678855	CpG: 34	382	34	256	17.8	67	0.79
712	chr7	16680585	16681008	CpG: 40	423	40	279	18.9	66	0.87
712	chr7	16756331	16756571	CpG: 19	240	19	145	15.8	60.4	0.87
712	chr7	16761481	16761884	CpG: 47	403	47	289	23.3	71.7	0.93
713	chr7	16790143	16790441	CpG: 36	298	36	208	24.2	69.8	1
723	chr7	18136719	18137032	CpG: 27	313	27	219	17.3	70	0.71
727	chr7	18626251	18626466	CpG: 20	215	20	147	18.6	68.4	0.8
727	chr7	18627739	18628075	CpG: 33	336	33	238	19.6	70.8	0.83
727	chr7	18659229	18659477	CpG: 20	248	20	174	16.1	70.2	0.66
727	chr7	18660012	18660305	CpG: 27	293	27	208	18.4	71	0.73
727	chr7	18691403	18692502	CpG: 122	1099	122	755	22.2	68.7	0.94
727	chr7	18696803	18697026	CpG: 17	223	17	138	15.2	61.9	0.8
727	chr7	18724948	18725293	CpG: 29	345	29	225	16.8	65.2	0.82
727	chr7	18725758	18726540	CpG: 72	782	72	452	18.4	57.8	1.11
727	chr7	18738098	18739589	CpG: 133	1491	133	1012	17.8	67.9	0.78
728	chr7	18746092	18746457	CpG: 29	365	29	258	15.9	70.7	0.66
728	chr7	18757248	18757585	CpG: 29	337	29	245	17.2	72.7	0.68
728	chr7	18758071	18758680	CpG: 67	609	67	399	22	65.5	1.03
728	chr7	18799629	18799946	CpG: 37	317	37	190	23.3	59.9	1.31
728	chr7	18809883	18810666	CpG: 61	783	61	403	15.6	51.5	1.19
728	chr7	18826894	18827117	CpG: 16	223	16	143	14.3	64.1	0.71
728	chr7	18828028	18829446	CpG: 147	1418	147	978	20.7	69	0.88
728	chr7	18852157	18852458	CpG: 44	301	44	223	29.2	74.1	1.07
728	chr7	18865505	18865727	CpG: 27	222	27	160	24.3	72.1	0.96
729	chr7	18883015	18883849	CpG: 58	834	58	473	13.9	56.7	0.87
729	chr7	18891351	18891554	CpG: 22	203	22	143	21.7	70.4	0.88
729	chr7	18913188	18913791	CpG: 53	603	53	376	17.6	62.4	0.9
729	chr7	18946358	18946665	CpG: 26	307	26	223	16.9	72.6	0.64
729	chr7	18961877	18962700	CpG: 89	823	89	535	21.6	65	1.03
91	chr7	19005265	19005906	CpG: 55	641	55	421	17.2	65.7	0.8
730	chr7	19013089	19013955	CpG: 94	866	94	582	21.7	67.2	0.96
730	chr7	19016833	19017049	CpG: 20	216	20	150	18.5	69.4	0.79
730	chr7	19020734	19020936	CpG: 16	202	16	140	15.8	69.3	0.66
730	chr7	19027033	19027249	CpG: 17	216	17	143	15.7	66.2	0.73
730	chr7	19038786	19039187	CpG: 35	401	35	260	17.5	64.8	0.85
730	chr7	19042545	19044375	CpG: 142	1830	142	1074	15.5	58.7	0.9
730	chr7	19053821	19054167	CpG: 42	346	42	237	24.3	68.5	1.05
730	chr7	19066723	19067108	CpG: 48	385	48	271	24.9	70.4	1.02
730	chr7	19076014	19076318	CpG: 35	304	35	222	23	73	0.87
730	chr7	19078957	19079433	CpG: 32	476	32	291	13.4	61.1	0.77
730	chr7	19094050	19094274	CpG: 23	224	23	157	20.5	70.1	0.85
730	chr7	19094999	19095292	CpG: 27	293	27	201	18.4	68.6	0.83
730	chr7	19103789	19104221	CpG: 39	432	39	304	18.1	70.4	0.74
730	chr7	19115737	19116313	CpG: 60	576	60	358	20.8	62.2	1.08
730	chr7	19127963	19128237	CpG: 20	274	20	172	14.6	62.8	0.75
731	chr7	19137571	19138208	CpG: 68	637	68	450	21.4	70.6	0.88
731	chr7	19155115	19155462	CpG: 30	347	30	225	17.3	64.8	0.83
731	chr7	19160007	19160259	CpG: 27	252	27	189	21.4	75	0.78
731	chr7	19163298	19163526	CpG: 21	228	21	170	18.4	74.6	0.67
731	chr7	19192368	19192890	CpG: 52	522	52	389	19.9	74.5	0.76
731	chr7	19203475	19204017	CpG: 40	542	40	355	14.8	65.5	0.69
731	chr7	19207881	19208473	CpG: 93	592	93	421	31.4	71.1	1.26
731	chr7	19225721	19226003	CpG: 23	282	23	191	16.3	67.7	0.71
731	chr7	19240953	19241601	CpG: 76	648	76	466	23.5	71.9	0.91
731	chr7	19242169	19242887	CpG: 58	718	58	424	16.2	59.1	0.95
731	chr7	19251755	19251970	CpG: 21	215	21	167	19.5	77.7	0.7
731	chr7	19253932	19254176	CpG: 25	244	25	181	20.5	74.2	0.79
731	chr7	19256856	19258619	CpG: 163	1763	163	1142	18.5	64.8	0.88
731	chr7	19266643	19266891	CpG: 24	248	24	181	19.4	73	0.73
732	chr7	19295653	19296614	CpG: 89	961	89	564	18.5	58.7	1.09
732	chr7	19306968	19307447	CpG: 36	479	36	301	15	62.8	0.8
732	chr7	19311124	19311595	CpG: 48	471	48	307	20.4	65.2	0.96
732	chr7	19338074	19338503	CpG: 49	429	49	303	22.8	70.6	0.94
732	chr7	19353433	19353774	CpG: 34	341	34	233	19.9	68.3	0.86
732	chr7	19362986	19363589	CpG: 62	603	62	379	20.6	62.9	1.04
91	chr7	19398571	19399117	CpG: 62	546	62	395	22.7	72.3	0.91
733	chr7	19430512	19430915	CpG: 40	403	40	274	19.9	68	0.87
733	chr7	19448836	19449923	CpG: 80	1087	80	633	14.7	58.2	0.87
733	chr7	19482949	19483713	CpG: 58	764	58	482	15.2	63.1	0.76
734	chr7	19530481	19530750	CpG: 28	269	28	198	20.8	73.6	0.77
734	chr7	19543388	19543650	CpG: 24	262	24	170	18.3	64.9	0.87
734	chr7	19556416	19556723	CpG: 46	307	46	239	30	77.9	1.02
734	chr7	19586066	19586340	CpG: 25	274	25	196	18.2	71.5	0.72
734	chr7	19591750	19592033	CpG: 23	283	23	186	16.3	65.7	0.75
734	chr7	19654923	19655160	CpG: 18	237	18	148	15.2	62.4	0.78
766	chr7	23781488	23781737	CpG: 24	249	24	159	19.3	63.9	0.97
766	chr7	23833542	23833791	CpG: 20	249	20	157	16.1	63.1	0.81
768	chr7	23998554	23998857	CpG: 26	303	26	184	17.2	60.7	0.93
768	chr7	24016054	24016282	CpG: 23	228	23	133	20.2	58.3	1.2
768	chr7	24032747	24033402	CpG: 49	655	49	412	15	62.9	0.76
768	chr7	24076724	24077063	CpG: 38	339	38	244	22.4	72	0.87
768	chr7	24098782	24099482	CpG: 65	700	65	451	18.6	64.4	0.9
769	chr7	24131622	24132720	CpG: 84	1098	84	709	15.3	64.6	0.74
769	chr7	24180849	24181829	CpG: 92	980	92	619	18.8	63.2	0.95
769	chr7	24206428	24207221	CpG: 71	793	71	482	17.9	60.8	0.97
769	chr7	24230857	24231332	CpG: 34	475	34	312	14.3	65.7	0.67
769	chr7	24232717	24233835	CpG: 97	1118	97	774	17.4	69.2	0.73
769	chr7	24246430	24246809	CpG: 43	379	43	263	22.7	69.4	0.95
770	chr7	24285045	24285419	CpG: 42	374	42	264	22.5	70.6	1.04
770	chr7	24286883	24287104	CpG: 19	221	19	151	17.2	68.3	0.74
770	chr7	24293234	24293482	CpG: 30	248	30	182	24.2	73.4	0.91
770	chr7	24310497	24310833	CpG: 27	336	27	208	16.1	61.9	0.86
770	chr7	24328281	24328518	CpG: 20	237	20	156	16.9	65.8	0.81
772	chr7	24569123	24569646	CpG: 43	523	43	331	16.4	63.3	0.83
772	chr7	24583651	24584399	CpG: 80	748	80	502	21.4	67.1	0.95
772	chr7	24602267	24602627	CpG: 50	360	50	284	27.8	78.9	0.91
772	chr7	24603675	24603879	CpG: 24	204	24	145	23.5	71.1	1.01
773	chr7	24643618	24644275	CpG: 60	657	60	375	18.3	57.1	1.13
773	chr7	24648298	24648516	CpG: 24	218	24	143	22	65.6	1.15
773	chr7	24653643	24654889	CpG: 95	1246	95	750	15.2	60.2	0.89
773	chr7	24671465	24671712	CpG: 26	247	26	164	21.1	66.4	0.96
773	chr7	24704840	24705441	CpG: 54	601	54	409	18	68.1	0.78
773	chr7	24709527	24710270	CpG: 87	743	87	512	23.4	68.9	0.99
773	chr7	24714733	24714951	CpG: 17	218	17	132	15.6	60.6	0.86
774	chr7	24776249	24777159	CpG: 87	910	87	617	19.1	67.8	0.86
774	chr7	24780605	24781450	CpG: 57	845	57	552	13.5	65.3	0.64
774	chr7	24832654	24832882	CpG: 18	228	18	124	15.8	54.4	1.08
774	chr7	24878222	24878543	CpG: 25	321	25	190	15.6	59.2	0.94
774	chr7	24878777	24879482	CpG: 63	705	63	405	17.9	57.4	1.09
775	chr7	24918230	24919469	CpG: 90	1239	90	774	14.5	62.5	0.76
775	chr7	24920592	24920808	CpG: 22	216	22	139	20.4	64.4	0.99
775	chr7	24925137	24925523	CpG: 28	386	28	247	14.5	64	0.72
775	chr7	24936785	24937371	CpG: 70	586	70	447	23.9	76.3	0.85
775	chr7	24948365	24950341	CpG: 158	1976	158	1253	16	63.4	0.8
775	chr7	24967637	24967979	CpG: 29	342	29	216	17	63.2	0.89
775	chr7	24977791	24978696	CpG: 81	905	81	590	17.9	65.2	0.84
775	chr7	24981218	24982399	CpG: 138	1181	138	816	23.4	69.1	0.99
775	chr7	24996781	24997200	CpG: 44	419	44	292	21	69.7	0.88
775	chr7	25005453	25005822	CpG: 33	369	33	205	17.9	55.6	1.16
775	chr7	25014132	25015437	CpG: 109	1305	109	877	16.7	67.2	0.78
775	chr7	25016067	25016529	CpG: 33	462	33	273	14.3	59.1	0.82
776	chr7	25067383	25067610	CpG: 19	227	19	156	16.7	68.7	0.72
776	chr7	25079270	25079567	CpG: 30	297	30	202	20.2	68	0.87
776	chr7	25094700	25095073	CpG: 28	373	28	230	15	61.7	0.82
776	chr7	25122242	25122466	CpG: 26	224	26	164	23.2	73.2	0.87
778	chr7	25318553	25319060	CpG: 44	507	44	286	17.4	56.4	1.1
778	chr7	25326773	25327112	CpG: 24	339	24	205	14.2	60.5	0.81
778	chr7	25358525	25358906	CpG: 37	381	37	229	19.4	60.1	1.08
778	chr7	25380073	25380564	CpG: 42	491	42	309	17.1	62.9	0.86
778	chr7	25386504	25387715	CpG: 89	1211	89	763	14.7	63	0.75
778	chr7	25388598	25388976	CpG: 34	378	34	257	18	68	0.78
778	chr7	25418241	25418556	CpG: 23	315	23	190	14.6	60.3	0.84
779	chr7	25453771	25454758	CpG: 95	987	95	641	19.3	64.9	0.92
779	chr7	25515700	25516123	CpG: 30	423	30	258	14.2	61	0.76
781	chr7	25771222	25771461	CpG: 28	239	28	167	23.4	69.9	0.96
789	chr7	26865545	26866377	CpG: 77	832	77	510	18.5	61.3	0.99
790	chr7	26878046	26878584	CpG: 46	538	46	355	17.1	66	0.79
790	chr7	26895137	26895612	CpG: 47	475	47	299	19.8	62.9	1.02
790	chr7	26927594	26928210	CpG: 61	616	61	427	19.8	69.3	0.83
790	chr7	26958001	26958471	CpG: 58	470	58	359	24.7	76.4	0.87
791	chr7	27025928	27026198	CpG: 22	270	22	173	16.3	64.1	0.79
791	chr7	27028813	27029117	CpG: 34	304	34	202	22.4	66.4	1.02
791	chr7	27030387	27030686	CpG: 26	299	26	206	17.4	68.9	0.74
791	chr7	27032770	27033236	CpG: 72	466	72	375	30.9	80.5	0.96
791	chr7	27033884	27034337	CpG: 32	453	32	304	14.1	67.1	0.63
791	chr7	27036970	27037240	CpG: 22	270	22	186	16.3	68.9	0.69
791	chr7	27055240	27055569	CpG: 29	329	29	212	17.6	64.4	0.88
791	chr7	27060976	27061283	CpG: 34	307	34	190	22.1	61.9	1.17
791	chr7	27063532	27063968	CpG: 53	436	53	301	24.3	69	1.04
791	chr7	27067043	27067306	CpG: 26	263	26	182	19.8	69.2	0.83
791	chr7	27071443	27071817	CpG: 38	374	38	259	20.3	69.3	0.88
791	chr7	27074750	27074992	CpG: 22	242	22	168	18.2	69.4	0.83
791	chr7	27103599	27104419	CpG: 89	820	89	569	21.7	69.4	0.92
791	chr7	27107654	27108566	CpG: 113	912	113	650	24.8	71.3	1.01
792	chr7	27145865	27146165	CpG: 58	300	58	246	38.7	82	1.21
792	chr7	27147270	27147713	CpG: 39	443	39	289	17.6	65.2	0.83
792	chr7	27169823	27170043	CpG: 27	220	27	155	24.5	70.5	1
792	chr7	27172995	27173384	CpG: 30	389	30	263	15.4	67.6	0.68
792	chr7	27186252	27187003	CpG: 67	751	67	486	17.8	64.7	0.88
792	chr7	27207210	27207652	CpG: 37	442	37	282	16.7	63.8	0.85
792	chr7	27216546	27216826	CpG: 20	280	20	164	14.3	58.6	0.83
792	chr7	27252400	27252762	CpG: 32	362	32	241	17.7	66.6	0.81
793	chr7	27291140	27291586	CpG: 45	446	45	301	20.2	67.5	0.9
793	chr7	27353250	27353813	CpG: 58	563	58	407	20.6	72.3	0.79
793	chr7	27357328	27357875	CpG: 56	547	56	379	20.5	69.3	0.86
793	chr7	27373009	27374065	CpG: 97	1056	97	710	18.4	67.2	0.81
795	chr7	27537898	27538105	CpG: 18	207	18	130	17.4	62.8	0.88
795	chr7	27628641	27628996	CpG: 27	355	27	209	15.2	58.9	0.88
796	chr7	27713319	27713582	CpG: 21	263	21	135	16	51.3	1.25
796	chr7	27749454	27749765	CpG: 35	311	35	199	22.5	64	1.1
797	chr7	27869011	27869642	CpG: 70	631	70	427	22.2	67.7	0.97
797	chr7	27878825	27879850	CpG: 80	1025	80	648	15.6	63.2	0.79
798	chr7	27967176	27967936	CpG: 101	760	101	553	26.6	72.8	1
798	chr7	27977043	27977656	CpG: 66	613	66	428	21.5	69.8	0.89
798	chr7	27990353	27990708	CpG: 31	355	31	227	17.5	63.9	0.87
798	chr7	27993818	27994377	CpG: 82	559	82	416	29.3	74.4	1.06
798	chr7	27998277	27998565	CpG: 38	288	38	209	26.4	72.6	1
798	chr7	28000708	28000931	CpG: 21	223	21	157	18.8	70.4	0.77
798	chr7	28011220	28011703	CpG: 53	483	53	326	21.9	67.5	0.97
798	chr7	28037838	28038455	CpG: 54	617	54	361	17.5	58.5	1.03
799	chr7	28049958	28050571	CpG: 57	613	57	410	18.6	66.9	0.83
799	chr7	28070978	28072421	CpG: 109	1443	109	913	15.1	63.3	0.76
799	chr7	28077796	28078042	CpG: 17	246	17	148	13.8	60.2	0.77
799	chr7	28078357	28078773	CpG: 36	416	36	267	17.3	64.2	0.85
799	chr7	28092370	28092845	CpG: 44	475	44	314	18.5	66.1	0.85
799	chr7	28135216	28136307	CpG: 118	1091	118	755	21.6	69.2	0.9
799	chr7	28151410	28151909	CpG: 67	499	67	371	26.9	74.3	1.02
799	chr7	28158190	28159144	CpG: 62	954	62	596	13	62.5	0.67
799	chr7	28166057	28167136	CpG: 109	1079	109	747	20.2	69.2	0.84
800	chr7	28297237	28297860	CpG: 52	623	52	383	16.7	61.5	0.91
801	chr7	28329780	28330242	CpG: 39	462	39	328	16.9	71	0.67
801	chr7	28392705	28393046	CpG: 33	341	33	247	19.4	72.4	0.74
801	chr7	28415970	28416507	CpG: 38	537	38	338	14.2	62.9	0.72
801	chr7	28431906	28432333	CpG: 41	427	41	270	19.2	63.2	0.96
801	chr7	28441447	28441722	CpG: 28	275	28	180	20.4	65.5	0.95
802	chr7	28465706	28466393	CpG: 50	687	50	431	14.6	62.7	0.74
802	chr7	28496060	28496362	CpG: 32	302	32	205	21.2	67.9	0.92
802	chr7	28508247	28511032	CpG: 205	2785	205	1498	14.7	53.8	1.03
802	chr7	28524649	28524902	CpG: 24	253	24	147	19	58.1	1.13
803	chr7	28661335	28661903	CpG: 73	568	73	416	25.7	73.2	1
803	chr7	28681047	28681256	CpG: 14	209	14	122	13.4	58.4	0.79
804	chr7	28718923	28719676	CpG: 79	753	79	447	21	59.4	1.24
804	chr7	28723479	28723680	CpG: 18	201	18	122	17.9	60.7	0.97
804	chr7	28763852	28764090	CpG: 19	238	19	147	16	61.8	0.84
804	chr7	28771034	28771385	CpG: 32	351	32	229	18.2	65.2	0.86
804	chr7	28785163	28785721	CpG: 43	558	43	363	15.4	65.1	0.74
805	chr7	28854976	28855751	CpG: 86	775	86	546	22.2	70.5	0.94
805	chr7	28860954	28861298	CpG: 27	344	27	215	15.7	62.5	0.81
805	chr7	28870547	28871273	CpG: 57	726	57	489	15.7	67.4	0.71
805	chr7	28872204	28872515	CpG: 24	311	24	193	15.4	62.1	0.8
805	chr7	28879687	28880122	CpG: 49	435	49	283	22.5	65.1	1.07
805	chr7	28931589	28932147	CpG: 66	558	66	384	23.7	68.8	1
805	chr7	28937506	28938035	CpG: 51	529	51	340	19.3	64.3	0.94
805	chr7	28946664	28946995	CpG: 23	331	23	218	13.9	65.9	0.65
806	chr7	28980762	28981653	CpG: 86	891	86	587	19.3	65.9	0.89
806	chr7	28988638	28989126	CpG: 54	488	54	343	22.1	70.3	0.91
806	chr7	29003223	29004599	CpG: 103	1376	103	893	15	64.9	0.72
806	chr7	29007308	29007705	CpG: 39	397	39	285	19.6	71.8	0.79
806	chr7	29031591	29031800	CpG: 20	209	20	136	19.1	65.1	0.91
807	chr7	29143144	29143350	CpG: 13	206	13	157	12.6	76.2	0.6
807	chr7	29217709	29218895	CpG: 121	1186	121	810	20.4	68.3	0.88
809	chr7	29483572	29483970	CpG: 35	398	35	271	17.6	68.1	0.76
810	chr7	29559364	29559587	CpG: 18	223	18	138	16.1	61.9	0.88
811	chr7	29653003	29653453	CpG: 41	450	41	299	18.2	66.4	0.83
811	chr7	29664546	29665038	CpG: 38	492	38	299	15.4	60.8	0.87
811	chr7	29683153	29683633	CpG: 55	480	55	338	22.9	70.4	0.93
811	chr7	29750439	29750885	CpG: 34	446	34	284	15.2	63.7	0.76
812	chr7	29771974	29772363	CpG: 35	389	35	244	18	62.7	0.93
812	chr7	29789776	29790090	CpG: 25	314	25	196	15.9	62.4	0.83
812	chr7	29821098	29821689	CpG: 57	591	57	390	19.3	66	0.9
812	chr7	29843090	29843385	CpG: 25	295	25	196	16.9	66.4	0.81
813	chr7	29893274	29893495	CpG: 21	221	21	161	19	72.9	0.89
813	chr7	29930972	29932037	CpG: 89	1065	89	648	16.7	60.8	0.91
813	chr7	29932165	29932415	CpG: 20	250	20	151	16	60.4	0.88
813	chr7	29932869	29933113	CpG: 18	244	18	153	14.8	62.7	0.76
813	chr7	29979440	29979881	CpG: 45	441	45	293	20.4	66.4	0.93
813	chr7	30013358	30013584	CpG: 21	226	21	155	18.6	68.6	0.81
814	chr7	30021401	30021884	CpG: 49	483	49	290	20.3	60	1.13
814	chr7	30047373	30047666	CpG: 30	293	30	194	20.5	66.2	0.94
814	chr7	30055172	30055517	CpG: 32	345	32	219	18.6	63.5	0.93
814	chr7	30059822	30060227	CpG: 34	405	34	259	16.8	64	0.84
814	chr7	30062165	30062587	CpG: 38	422	38	261	18	61.8	0.96
814	chr7	30121057	30121851	CpG: 71	794	71	509	17.9	64.1	0.89
814	chr7	30144033	30144239	CpG: 16	206	16	139	15.5	67.5	0.68
815	chr7	30153301	30153616	CpG: 27	315	27	203	17.1	64.4	0.91
815	chr7	30156423	30156626	CpG: 18	203	18	129	17.7	63.5	0.88
815	chr7	30164894	30165104	CpG: 18	210	18	140	17.1	66.7	0.78
815	chr7	30234150	30234883	CpG: 61	733	61	449	16.6	61.3	0.89
815	chr7	30251647	30251873	CpG: 20	226	20	131	17.7	58	1.05
815	chr7	30252670	30252942	CpG: 21	272	21	177	15.4	65.1	0.73
815	chr7	30262591	30262927	CpG: 29	336	29	198	17.3	58.9	1
816	chr7	30286192	30286452	CpG: 21	260	21	180	16.2	69.2	0.69
816	chr7	30287705	30288997	CpG: 120	1292	120	815	18.6	63.1	0.94
816	chr7	30325371	30325669	CpG: 25	298	25	185	16.8	62.1	0.87
816	chr7	30349392	30349845	CpG: 43	453	43	292	19	64.5	0.91
816	chr7	30364258	30364525	CpG: 23	267	23	168	17.2	62.9	0.88
817	chr7	30416482	30416727	CpG: 25	245	25	151	20.4	61.6	1.08
817	chr7	30428658	30429455	CpG: 74	797	74	480	18.6	60.2	1.02
818	chr7	30655210	30657061	CpG: 145	1851	145	988	15.7	53.4	1.1
819	chr7	30672534	30672943	CpG: 41	409	41	284	20	69.4	0.83
819	chr7	30751532	30751760	CpG: 19	228	19	134	16.7	58.8	0.97
819	chr7	30766857	30767102	CpG: 20	245	20	169	16.3	69	0.69
820	chr7	30824507	30824717	CpG: 16	210	16	129	15.2	61.4	0.81
820	chr7	30825708	30826604	CpG: 95	896	95	575	21.2	64.2	1.04
820	chr7	30849891	30850550	CpG: 64	659	64	473	19.4	71.8	0.76
820	chr7	30907718	30907990	CpG: 21	272	21	165	15.4	60.7	0.84
843	chr7	33831824	33832894	CpG: 167	1070	167	788	31.2	73.6	1.15
843	chr7	33867430	33868073	CpG: 59	643	59	402	18.4	62.5	0.94
843	chr7	33895675	33896160	CpG: 53	485	53	337	21.9	69.5	0.91
843	chr7	33929490	33929754	CpG: 31	264	31	175	23.5	66.3	1.1
843	chr7	33933435	33933834	CpG: 36	399	36	258	18	64.7	0.92
844	chr7	34012413	34013137	CpG: 105	724	105	565	29	78	0.96
845	chr7	34088191	34089409	CpG: 118	1218	118	709	19.4	58.2	1.14
847	chr7	34352278	34355347	CpG: 257	3069	257	1881	16.7	61.3	0.89
847	chr7	34374645	34375633	CpG: 66	988	66	593	13.4	60	0.75
848	chr7	34511132	34511340	CpG: 21	208	21	135	20.2	64.9	0.96
848	chr7	34511783	34512414	CpG: 68	631	68	414	21.6	65.6	1
849	chr7	34611759	34612059	CpG: 25	300	25	199	16.7	66.3	0.76
850	chr7	34755434	34756168	CpG: 93	734	93	488	25.3	66.5	1.15
850	chr7	34817324	34820165	CpG: 271	2841	271	1884	19.1	66.3	0.87
851	chr7	34884731	34884957	CpG: 29	226	29	162	25.7	71.7	1.03
851	chr7	34903203	34903622	CpG: 36	419	36	277	17.2	66.1	0.79
851	chr7	34914213	34914982	CpG: 126	769	126	618	32.8	80.4	1.02
852	chr7	35017589	35017871	CpG: 28	282	28	191	19.9	67.7	0.93
852	chr7	35033755	35034554	CpG: 55	799	55	499	13.8	62.5	0.72
853	chr7	35236828	35237214	CpG: 26	386	26	242	13.5	62.7	0.7
853	chr7	35254458	35255396	CpG: 106	938	106	648	22.6	69.1	0.95
854	chr7	35283910	35284995	CpG: 107	1085	107	712	19.7	65.6	0.92
854	chr7	35285489	35286038	CpG: 39	549	39	353	14.2	64.3	0.69
854	chr7	35346266	35347084	CpG: 75	818	75	506	18.3	61.9	0.96
855	chr7	35453484	35453986	CpG: 51	502	51	338	20.3	67.3	0.9
855	chr7	35502001	35502474	CpG: 57	473	57	346	24.1	73.2	0.9
862	chr7	36394737	36398125	CpG: 275	3388	275	2101	16.2	62	0.85
863	chr7	36468558	36468791	CpG: 18	233	18	138	15.5	59.2	0.9
867	chr7	37036377	37036612	CpG: 22	235	22	147	18.7	62.6	0.98
869	chr7	37267280	37267514	CpG: 18	234	18	151	15.4	64.5	0.75
869	chr7	37268813	37269042	CpG: 18	229	18	139	15.7	60.7	0.86
870	chr7	37468925	37469302	CpG: 35	377	35	229	18.6	60.7	1.01
870	chr7	37469704	37471776	CpG: 153	2072	153	1227	14.8	59.2	0.86
870	chr7	37472128	37472363	CpG: 21	235	21	139	17.9	59.1	1.02
870	chr7	37472929	37473133	CpG: 20	204	20	114	19.6	55.9	1.26
872	chr7	37718319	37719137	CpG: 91	818	91	529	22.2	64.7	1.07
873	chr7	37760625	37761073	CpG: 47	448	47	311	21	69.4	0.88
873	chr7	37784321	37784757	CpG: 47	436	47	270	21.6	61.9	1.13
873	chr7	37806277	37807489	CpG: 121	1212	121	762	20	62.9	1.01
873	chr7	37873716	37873921	CpG: 20	205	20	130	19.5	63.4	0.97
874	chr7	37883090	37883522	CpG: 36	432	36	291	16.7	67.4	0.74
874	chr7	37920929	37921232	CpG: 25	303	25	196	16.5	64.7	0.8
874	chr7	37927326	37927671	CpG: 35	345	35	227	20.3	65.8	0.94
874	chr7	37970538	37970838	CpG: 25	300	25	169	16.7	56.3	1.09
883	chr7	39167140	39167504	CpG: 38	364	38	252	20.9	69.2	0.88
884	chr7	39193835	39194126	CpG: 29	291	29	190	19.9	65.3	0.94
884	chr7	39201894	39202276	CpG: 41	382	41	271	21.5	70.9	0.88
884	chr7	39238081	39238289	CpG: 30	208	30	167	28.8	80.3	0.9
894	chr7	40547989	40549649	CpG: 131	1660	131	1072	15.8	64.6	0.76
894	chr7	40551855	40552125	CpG: 26	270	26	166	19.3	61.5	1.02
899	chr7	41248603	41248869	CpG: 23	266	23	166	17.3	62.4	0.91
906	chr7	42154760	42155254	CpG: 34	494	34	286	13.8	57.9	0.85
912	chr7	42962089	42962655	CpG: 47	566	47	365	16.6	64.5	0.86
913	chr7	43093378	43093620	CpG: 23	242	23	152	19	62.8	0.97
913	chr7	43114287	43114903	CpG: 51	616	51	398	16.6	64.6	0.8
913	chr7	43115839	43116043	CpG: 22	204	22	146	21.6	71.6	0.87
914	chr7	43139336	43139770	CpG: 48	434	48	352	22.1	81.1	0.73
914	chr7	43211579	43211812	CpG: 19	233	19	134	16.3	57.5	1.01
914	chr7	43228941	43229159	CpG: 15	218	15	126	13.8	57.8	0.84
915	chr7	43324567	43325041	CpG: 48	474	48	334	20.3	70.5	0.82
915	chr7	43326015	43326307	CpG: 21	292	21	201	14.4	68.8	0.62
916	chr7	43446786	43447053	CpG: 23	267	23	175	17.2	65.5	0.82
919	chr7	43895758	43896576	CpG: 69	818	69	513	16.9	62.7	0.86
920	chr7	43953911	43954365	CpG: 47	454	47	296	20.7	65.2	0.97
920	chr7	43959650	43960631	CpG: 70	981	70	677	14.3	69	0.61
920	chr7	43962110	43962332	CpG: 19	222	19	154	17.1	69.4	0.71
920	chr7	44001401	44003137	CpG: 141	1736	141	1165	16.2	67.1	0.73
920	chr7	44006245	44006549	CpG: 23	304	23	210	15.1	69.1	0.67
920	chr7	44009515	44009933	CpG: 43	418	43	283	20.6	67.7	0.9
921	chr7	44078443	44078859	CpG: 57	416	57	328	27.4	78.8	0.9
921	chr7	44110938	44112332	CpG: 115	1394	115	836	16.5	60	0.92
921	chr7	44117412	44117645	CpG: 29	233	29	159	24.9	68.2	1.08
921	chr7	44145638	44146493	CpG: 78	855	78	570	18.2	66.7	0.82
922	chr7	44177392	44177631	CpG: 21	239	21	151	17.6	63.2	0.88
922	chr7	44197923	44198441	CpG: 43	518	43	342	16.6	66	0.82
922	chr7	44201410	44201823	CpG: 33	413	33	267	16	64.6	0.77
922	chr7	44202943	44203468	CpG: 50	525	50	349	19	66.5	0.86
922	chr7	44238599	44238803	CpG: 26	204	26	149	25.5	73	0.97
922	chr7	44240452	44241232	CpG: 94	780	94	519	24.1	66.5	1.09
923	chr7	44318609	44318830	CpG: 17	221	17	153	15.4	69.2	0.64
923	chr7	44320190	44320477	CpG: 21	287	21	193	14.6	67.2	0.65
923	chr7	44397977	44398242	CpG: 26	265	26	177	19.6	66.8	0.88
924	chr7	44465323	44466404	CpG: 106	1081	106	662	19.6	61.2	1.05
924	chr7	44488981	44489733	CpG: 69	752	69	492	18.4	65.4	0.86
924	chr7	44497872	44498098	CpG: 18	226	18	143	15.9	63.3	0.8
924	chr7	44498459	44499905	CpG: 105	1446	105	865	14.5	59.8	0.84
924	chr7	44501998	44502205	CpG: 23	207	23	150	22.2	72.5	0.85
924	chr7	44503919	44504397	CpG: 39	478	39	303	16.3	63.4	0.81
924	chr7	44506658	44506987	CpG: 24	329	24	211	14.6	64.1	0.71
924	chr7	44513014	44513221	CpG: 17	207	17	125	16.4	60.4	0.9
924	chr7	44518327	44519214	CpG: 111	887	111	626	25	70.6	1.03
924	chr7	44541488	44542172	CpG: 58	684	58	387	17	56.6	1.06
924	chr7	44545557	44545808	CpG: 20	251	20	166	15.9	66.1	0.73
925	chr7	44578593	44579528	CpG: 89	935	89	615	19	65.8	0.88
925	chr7	44619874	44620123	CpG: 29	249	29	169	23.3	67.9	1.01
925	chr7	44635384	44636221	CpG: 71	837	71	530	17	63.3	0.89
925	chr7	44646892	44647415	CpG: 40	523	40	294	15.3	56.2	0.97
925	chr7	44656614	44657948	CpG: 111	1334	111	876	16.6	65.7	0.77
925	chr7	44665192	44665887	CpG: 68	695	68	419	19.6	60.3	1.09
926	chr7	44702062	44703588	CpG: 103	1526	103	836	13.5	54.8	0.9
926	chr7	44711732	44711985	CpG: 22	253	22	141	17.4	55.7	1.15
926	chr7	44725978	44726212	CpG: 26	234	26	152	22.2	65	1.06
926	chr7	44773370	44774228	CpG: 79	858	79	519	18.4	60.5	1.01
926	chr7	44777941	44778814	CpG: 72	873	72	547	16.5	62.7	0.84
926	chr7	44803473	44804084	CpG: 66	611	66	404	21.6	66.1	0.99
926	chr7	44811624	44811913	CpG: 27	289	27	198	18.7	68.5	0.83
926	chr7	44824175	44824473	CpG: 22	298	22	196	14.8	65.8	0.69
926	chr7	44825547	44826123	CpG: 48	576	48	395	16.7	68.6	0.72
927	chr7	44830951	44831987	CpG: 74	1036	74	557	14.3	53.8	0.99
927	chr7	44853847	44854183	CpG: 31	336	31	206	18.5	61.3	0.99
927	chr7	44865110	44865577	CpG: 44	467	44	319	18.8	68.3	0.81
927	chr7	44883720	44884051	CpG: 26	331	26	216	15.7	65.3	0.74
927	chr7	44890087	44890646	CpG: 48	559	48	355	17.2	63.5	0.85
927	chr7	44926798	44927034	CpG: 37	236	37	174	31.4	73.7	1.15
928	chr7	44976656	44976870	CpG: 17	214	17	146	15.9	68.2	0.69
928	chr7	44982763	44983276	CpG: 41	513	41	341	16	66.5	0.74
928	chr7	44988906	44989220	CpG: 25	314	25	217	15.9	69.1	0.68
928	chr7	44996116	44996395	CpG: 22	279	22	182	15.8	65.2	0.76
928	chr7	45007143	45007365	CpG: 18	222	18	152	16.2	68.5	0.71
928	chr7	45010921	45011254	CpG: 40	333	40	236	24	70.9	0.98
928	chr7	45016001	45017201	CpG: 101	1200	101	806	16.8	67.2	0.75
928	chr7	45019357	45020043	CpG: 61	686	61	464	17.8	67.6	0.79
928	chr7	45026142	45026700	CpG: 49	558	49	320	17.6	57.3	1.13
928	chr7	45044826	45045438	CpG: 64	612	64	383	20.9	62.6	1.1
928	chr7	45055675	45056449	CpG: 95	774	95	489	24.5	63.2	1.23
928	chr7	45062994	45063313	CpG: 33	319	33	209	20.7	65.5	0.98
928	chr7	45065094	45065492	CpG: 40	398	40	271	20.1	68.1	0.9
928	chr7	45084164	45084682	CpG: 36	518	36	321	13.9	62	0.72
929	chr7	45108999	45109545	CpG: 37	546	37	333	13.6	61	0.75
929	chr7	45115991	45116403	CpG: 53	412	53	296	25.7	71.8	1
929	chr7	45138005	45138297	CpG: 25	292	25	189	17.1	64.7	0.83
929	chr7	45159441	45159997	CpG: 37	556	37	329	13.3	59.2	0.81
929	chr7	45175418	45175897	CpG: 49	479	49	293	20.5	61.2	1.1
929	chr7	45187667	45187908	CpG: 18	241	18	156	14.9	64.7	0.76
116	chr7	45219580	45220071	CpG: 41	491	41	340	16.7	69.2	0.71
930	chr7	45277903	45278505	CpG: 89	602	89	453	29.6	75.2	1.08
930	chr7	45281683	45282200	CpG: 50	517	50	363	19.3	70.2	0.78
930	chr7	45288132	45288377	CpG: 18	245	18	151	14.7	61.6	0.79
930	chr7	45328508	45328731	CpG: 16	223	16	130	14.3	58.3	0.85
930	chr7	45343426	45343771	CpG: 41	345	41	247	23.8	71.6	0.93
930	chr7	45349389	45349759	CpG: 35	370	35	261	18.9	70.5	0.81
931	chr7	45354214	45354578	CpG: 26	364	26	220	14.3	60.4	0.78
931	chr7	45354878	45355128	CpG: 19	250	19	165	15.2	66	0.7
931	chr7	45356075	45356484	CpG: 52	409	52	314	25.4	76.8	0.86
931	chr7	45362783	45363039	CpG: 21	256	21	166	16.4	64.8	0.8
931	chr7	45364400	45364794	CpG: 35	394	35	269	17.8	68.3	0.77
931	chr7	45367127	45367742	CpG: 60	615	60	399	19.5	64.9	0.93
931	chr7	45435040	45435322	CpG: 31	282	31	209	22	74.1	0.8
931	chr7	45444436	45444741	CpG: 26	305	26	225	17	73.8	0.63
931	chr7	45447670	45448012	CpG: 41	342	41	226	24	66.1	1.12
931	chr7	45463259	45463726	CpG: 56	467	56	295	24	63.2	1.21
931	chr7	45468811	45469482	CpG: 54	671	54	429	16.1	63.9	0.79
931	chr7	45480025	45480251	CpG: 21	226	21	144	18.6	63.7	0.93
116	chr7	45481866	45483398	CpG: 176	1532	176	1063	23	69.4	0.96
932	chr7	45515503	45516074	CpG: 95	571	95	446	33.3	78.1	1.09
932	chr7	45573727	45573992	CpG: 19	265	19	167	14.3	63	0.74
933	chr7	45683020	45683518	CpG: 62	498	62	341	24.9	68.5	1.1
934	chr7	45750099	45750307	CpG: 21	208	21	151	20.2	72.6	0.77
934	chr7	45828882	45829651	CpG: 69	769	69	496	17.9	64.5	0.87
935	chr7	45998299	45998576	CpG: 33	277	33	208	23.8	75.1	0.85
936	chr7	46026109	46026701	CpG: 57	592	57	392	19.3	66.2	0.89
936	chr7	46045633	46047735	CpG: 203	2102	203	1387	19.3	66	0.89
936	chr7	46076834	46077229	CpG: 32	395	32	233	16.2	59	0.95
938	chr7	46289032	46289302	CpG: 32	270	32	205	23.7	75.9	0.82
938	chr7	46359744	46360177	CpG: 43	433	43	282	19.9	65.1	0.94
939	chr7	46445033	46445817	CpG: 89	784	89	549	22.7	70	0.93
939	chr7	46495075	46495795	CpG: 69	720	69	481	19.2	66.8	0.86
940	chr7	46569335	46570014	CpG: 74	679	74	450	21.8	66.3	0.99
940	chr7	46608084	46608517	CpG: 41	433	41	283	18.9	65.4	0.9
940	chr7	46657509	46658326	CpG: 68	817	68	467	16.6	57.2	1.02
941	chr7	46700184	46700770	CpG: 56	586	56	370	19.1	63.1	0.96
941	chr7	46781893	46782619	CpG: 64	726	64	475	17.6	65.4	0.82
954	chr7	48438623	48439083	CpG: 53	460	53	325	23	70.7	0.98
955	chr7	48530421	48531515	CpG: 106	1094	106	701	19.4	64.1	0.96
958	chr7	48895518	48896780	CpG: 131	1262	131	835	20.8	66.2	0.95
961	chr7	49285216	49285487	CpG: 25	271	25	159	18.5	58.7	1.15
961	chr7	49286060	49286640	CpG: 40	580	40	370	13.8	63.8	0.7
962	chr7	49427990	49428594	CpG: 91	604	91	451	30.1	74.7	1.09
963	chr7	49561578	49562071	CpG: 42	493	42	330	17	66.9	0.76
963	chr7	49624682	49625698	CpG: 85	1016	85	677	16.7	66.6	0.77
975	chr7	51160848	51161160	CpG: 26	312	26	198	16.7	63.5	0.83
122	chr7	51511205	51512135	CpG: 142	930	142	677	30.5	72.8	1.15
979	chr7	51655427	51655699	CpG: 24	272	24	194	17.6	71.3	0.7
1008	chr7	55443820	55444167	CpG: 39	347	39	233	22.5	67.1	1
1008	chr7	55491730	55492320	CpG: 52	590	52	417	17.6	70.7	0.71
1009	chr7	55611743	55612314	CpG: 65	571	65	395	22.8	69.2	0.96
1009	chr7	55669012	55669427	CpG: 38	415	38	229	18.3	55.2	1.21
1009	chr7	55699714	55700145	CpG: 48	431	48	281	22.3	65.2	1.08
1020	chr7	57036375	57036972	CpG: 63	597	63	431	21.1	72.2	0.81
1021	chr7	57158740	57159904	CpG: 128	1164	128	805	22	69.2	0.93
1021	chr7	57240560	57241819	CpG: 121	1259	121	849	19.2	67.4	0.85
1029	chr7	58307856	58308622	CpG: 82	766	82	527	21.4	68.8	0.91
1034	chr7	58878347	58879366	CpG: 98	1019	98	644	19.2	63.2	0.96
1058	chr7	61998001	61998492	CpG: 41	491	41	321	16.7	65.4	0.79
1058	chr7	62026930	62027207	CpG: 20	277	20	174	14.4	62.8	0.73
1058	chr7	62069424	62069757	CpG: 28	333	28	226	16.8	67.9	0.74
1058	chr7	62113332	62114282	CpG: 107	950	107	668	22.5	70.3	0.91
1064	chr7	62862124	62862398	CpG: 48	274	48	217	35	79.2	1.14
1066	chr7	63094265	63095114	CpG: 116	849	116	603	27.3	71	1.14
1068	chr7	63407229	63408587	CpG: 161	1358	161	818	23.7	60.2	1.31
1069	chr7	63541235	63541499	CpG: 32	264	32	184	24.2	69.7	1.02
1069	chr7	63546670	63546941	CpG: 23	271	23	172	17	63.5	0.84
1070	chr7	63586842	63589394	CpG: 262	2552	262	1664	20.5	65.2	0.97
1072	chr7	63918138	63918363	CpG: 20	225	20	141	17.8	62.7	0.91
1072	chr7	63937153	63937810	CpG: 78	657	78	459	23.7	69.9	0.98
1073	chr7	64023546	64023872	CpG: 25	326	25	194	15.3	59.5	0.87
1073	chr7	64041797	64042650	CpG: 72	853	72	522	16.9	61.2	0.92
1074	chr7	64151275	64152314	CpG: 117	1039	117	703	22.5	67.7	0.98
1077	chr7	64522329	64522884	CpG: 69	555	69	392	24.9	70.6	1
1079	chr7	64805377	64806692	CpG: 167	1315	167	947	25.4	72	0.98
1081	chr7	65020148	65021142	CpG: 132	994	132	743	26.6	74.7	0.97
1082	chr7	65176920	65177727	CpG: 111	807	111	605	27.5	75	1.01
1083	chr7	65294483	65295081	CpG: 56	598	56	407	18.7	68.1	0.81
1083	chr7	65343061	65343515	CpG: 52	454	52	324	22.9	71.4	0.91
1084	chr7	65511534	65512702	CpG: 170	1168	170	883	29.1	75.6	1.02
1086	chr7	65710202	65710678	CpG: 56	476	56	329	23.5	69.1	1
1086	chr7	65729209	65729751	CpG: 57	542	57	355	21	65.5	0.98
1086	chr7	65758745	65760086	CpG: 190	1341	190	1002	28.3	74.7	1.02
1088	chr7	66037368	66038160	CpG: 78	792	78	536	19.7	67.7	0.86
1089	chr7	66077014	66077699	CpG: 59	685	59	438	17.2	63.9	0.85
1091	chr7	66339470	66340040	CpG: 47	570	47	371	16.5	65.1	0.8
1092	chr7	66489650	66490378	CpG: 83	728	83	521	22.8	71.6	0.89
1096	chr7	67021794	67023260	CpG: 167	1466	167	1056	22.8	72	0.89
1098	chr7	67294839	67295564	CpG: 56	725	56	422	15.4	58.2	0.92
1099	chr7	67408546	67409635	CpG: 122	1089	122	746	22.4	68.5	0.97
1099	chr7	67453408	67453617	CpG: 18	209	18	144	17.2	68.9	0.73
1099	chr7	67498908	67499263	CpG: 27	355	27	223	15.2	62.8	0.84
1100	chr7	67600451	67603130	CpG: 250	2679	250	1610	18.7	60.1	1.03
1102	chr7	67814756	67815001	CpG: 20	245	20	153	16.3	62.4	0.84
1106	chr7	68398612	68398956	CpG: 35	344	35	248	20.3	72.1	0.81
1118	chr7	69930165	69931444	CpG: 81	1279	81	756	12.7	59.1	0.73
1118	chr7	69981176	69981698	CpG: 42	522	42	333	16.1	63.8	0.8
1119	chr7	69995945	69996154	CpG: 21	209	21	142	20.1	67.9	0.87
1119	chr7	70000589	70000935	CpG: 32	346	32	219	18.5	63.3	0.92
1119	chr7	70007549	70007954	CpG: 33	405	33	250	16.3	61.7	0.87
1119	chr7	70009580	70010215	CpG: 65	635	65	410	20.5	64.6	0.98
1119	chr7	70011437	70011993	CpG: 73	556	73	390	26.3	70.1	1.07
1119	chr7	70019056	70020078	CpG: 69	1022	69	623	13.5	61	0.74
1129	chr7	71355206	71355631	CpG: 57	425	57	310	26.8	72.9	1.01
1133	chr7	71956252	71956581	CpG: 27	329	27	209	16.4	63.5	0.81
1142	chr7	73024995	73026092	CpG: 97	1097	97	717	17.7	65.4	0.83
1142	chr7	73040768	73041081	CpG: 29	313	29	163	18.5	52.1	1.38
1142	chr7	73059025	73059279	CpG: 24	254	24	176	18.9	69.3	0.81
1142	chr7	73067129	73067470	CpG: 26	341	26	217	15.2	63.6	0.76
1143	chr7	73187493	73187751	CpG: 31	258	31	176	24	68.2	1.08
1143	chr7	73207542	73208426	CpG: 97	884	97	545	21.9	61.7	1.18
1143	chr7	73267753	73268618	CpG: 89	865	89	546	20.6	63.1	1.03
1144	chr7	73389985	73390760	CpG: 87	775	87	537	22.5	69.3	0.94
143	chr7	73662349	73663858	CpG: 133	1509	133	987	17.6	65.4	0.83
1150	chr7	74154051	74154346	CpG: 24	295	24	182	16.3	61.7	0.86
1151	chr7	74203937	74204804	CpG: 105	867	105	608	24.2	70.1	1.01
1156	chr7	74958591	74958801	CpG: 23	210	23	141	21.9	67.1	0.99
1158	chr7	75105252	75106035	CpG: 97	783	97	557	24.8	71.1	0.98
1161	chr7	75497940	75498454	CpG: 52	514	52	318	20.2	61.9	1.06
1181	chr7	78227129	78228147	CpG: 76	1018	76	552	14.9	54.2	1.03
1181	chr7	78228402	78228701	CpG: 24	299	24	187	16.1	62.5	0.84
1183	chr7	78432596	78432876	CpG: 24	280	24	185	17.1	66.1	0.79
1183	chr7	78496721	78497086	CpG: 41	365	41	266	22.5	72.9	0.85
1184	chr7	78532244	78532473	CpG: 19	229	19	146	16.6	63.8	0.84
1184	chr7	78545465	78545969	CpG: 47	504	47	329	18.7	65.3	0.88
1184	chr7	78640129	78640425	CpG: 23	296	23	193	15.5	65.2	0.73
1185	chr7	78702551	78703272	CpG: 68	721	68	514	18.9	71.3	0.77
1186	chr7	78798585	78798876	CpG: 25	291	25	171	17.2	58.8	1
1187	chr7	78922913	78923217	CpG: 33	304	33	209	21.7	68.8	0.94
1188	chr7	79041780	79042367	CpG: 41	587	41	351	14	59.8	0.78
1188	chr7	79114415	79116133	CpG: 151	1718	151	1087	17.6	63.3	0.88
1188	chr7	79116400	79116607	CpG: 17	207	17	125	16.4	60.4	0.9
1188	chr7	79145805	79146018	CpG: 22	213	22	141	20.7	66.2	0.94
1188	chr7	79149088	79149342	CpG: 21	254	21	161	16.5	63.4	0.83
1188	chr7	79149571	79150029	CpG: 55	458	55	300	24	65.5	1.12
1188	chr7	79154520	79155230	CpG: 77	710	77	474	21.7	66.8	0.98
1188	chr7	79158265	79158859	CpG: 66	594	66	400	22.2	67.3	0.98
1188	chr7	79165043	79165635	CpG: 72	592	72	434	24.3	73.3	0.91
1189	chr7	79185069	79185340	CpG: 20	271	20	160	14.8	59	0.85
1189	chr7	79185684	79186081	CpG: 37	397	37	270	18.6	68	0.81
1189	chr7	79193048	79193736	CpG: 55	688	55	429	16	62.4	0.82
1189	chr7	79267088	79267552	CpG: 39	464	39	292	16.8	62.9	0.85
1190	chr7	79309683	79310642	CpG: 84	959	84	630	17.5	65.7	0.81
1190	chr7	79359800	79360267	CpG: 61	467	61	339	26.1	72.6	1
1190	chr7	79365177	79365648	CpG: 45	471	45	341	19.1	72.4	0.74
1190	chr7	79371073	79371481	CpG: 45	408	45	283	22.1	69.4	0.92
1190	chr7	79392442	79392915	CpG: 42	473	42	310	17.8	65.5	0.83
1191	chr7	79442391	79443258	CpG: 89	867	89	591	20.5	68.2	0.89
1191	chr7	79460758	79461172	CpG: 60	414	60	300	29	72.5	1.13
1191	chr7	79497903	79498155	CpG: 29	252	29	187	23	74.2	1
1192	chr7	79570184	79570548	CpG: 27	364	27	224	14.8	61.5	0.78
1192	chr7	79674887	79675291	CpG: 39	404	39	282	19.3	69.8	0.79
1192	chr7	79676128	79677319	CpG: 107	1191	107	668	18	56.1	1.15
1193	chr7	79731533	79731766	CpG: 18	233	18	136	15.5	58.4	0.91
1193	chr7	79764721	79765411	CpG: 72	690	72	490	20.9	71	0.83
1194	chr7	79836448	79836807	CpG: 37	359	37	240	20.6	66.9	0.95
1194	chr7	79847937	79848563	CpG: 55	626	55	392	17.6	62.6	0.9
1194	chr7	79882159	79882670	CpG: 65	511	65	381	25.4	74.6	0.93
1194	chr7	79895965	79896366	CpG: 38	401	38	245	19	61.1	1.02
1194	chr7	79910880	79911266	CpG: 42	386	42	256	21.8	66.3	0.99
1194	chr7	79919326	79919592	CpG: 23	266	23	168	17.3	63.2	0.89
1194	chr7	79944004	79944610	CpG: 61	606	61	405	20.1	66.8	0.92
1195	chr7	79973846	79974113	CpG: 28	267	28	168	21	62.9	1.06
1195	chr7	79989679	79990196	CpG: 43	517	43	326	16.6	63.1	0.86
1195	chr7	79992799	79993072	CpG: 26	273	26	173	19	63.4	0.95
1195	chr7	80012827	80013044	CpG: 18	217	18	136	16.6	62.7	0.85
1195	chr7	80020364	80021307	CpG: 116	943	116	701	24.6	74.3	0.89
1195	chr7	80051653	80052915	CpG: 185	1262	185	983	29.3	77.9	0.97
1196	chr7	80157521	80157776	CpG: 25	255	25	173	19.6	67.8	0.86
1196	chr7	80184417	80184818	CpG: 34	401	34	238	17	59.4	0.96
1197	chr7	80337899	80338799	CpG: 133	900	133	692	29.6	76.9	1.02
1198	chr7	80452673	80453288	CpG: 55	615	55	383	17.9	62.3	0.93
1199	chr7	80510809	80511069	CpG: 29	260	29	181	22.3	69.6	0.93
1199	chr7	80525588	80525859	CpG: 27	271	27	182	19.9	67.2	0.88
1199	chr7	80550845	80551093	CpG: 26	248	26	168	21	67.7	0.94
1199	chr7	80554568	80554935	CpG: 28	367	28	233	15.3	63.5	0.76
1199	chr7	80597043	80597692	CpG: 51	649	51	414	15.7	63.8	0.77
1200	chr7	80642800	80643935	CpG: 109	1135	109	689	19.2	60.7	1.05
1201	chr7	80862831	80864079	CpG: 180	1248	180	871	28.8	69.8	1.19
1202	chr7	80994300	80995179	CpG: 85	879	85	561	19.3	63.8	0.95
1203	chr7	81103334	81105262	CpG: 168	1928	168	1159	17.4	60.1	0.97
1204	chr7	81143105	81143532	CpG: 49	427	49	296	23	69.3	0.96
1204	chr7	81220986	81221731	CpG: 97	745	97	531	26	71.3	1.03
1205	chr7	81356288	81356951	CpG: 93	663	93	478	28.1	72.1	1.08
1206	chr7	81412208	81413279	CpG: 97	1071	97	695	18.1	64.9	0.87
1206	chr7	81478443	81479469	CpG: 136	1026	136	726	26.5	70.8	1.06
1206	chr7	81508875	81509387	CpG: 56	512	56	352	21.9	68.8	0.93
1207	chr7	81583275	81584502	CpG: 151	1227	151	794	24.6	64.7	1.18
1207	chr7	81641425	81642494	CpG: 136	1069	136	766	25.4	71.7	1
1209	chr7	81824465	81825166	CpG: 70	701	70	471	20	67.2	0.89
1210	chr7	81984523	81985684	CpG: 120	1161	120	771	20.7	66.4	0.95
1212	chr7	82297547	82298022	CpG: 46	475	46	316	19.4	66.5	0.88
1214	chr7	82515139	82519435	CpG: 312	4296	312	2509	14.5	58.4	0.85
1220	chr7	83281063	83281348	CpG: 23	285	23	182	16.1	63.9	0.82
1222	chr7	83531432	83533801	CpG: 249	2369	249	1646	21	69.5	0.87
1222	chr7	83541207	83541664	CpG: 43	457	43	296	18.8	64.8	0.91
1223	chr7	83735440	83735994	CpG: 51	554	51	379	18.4	68.4	0.79
1224	chr7	83800317	83801532	CpG: 141	1215	141	782	23.2	64.4	1.12
1226	chr7	84058752	84059322	CpG: 57	570	57	358	20	62.8	1.02
1227	chr7	84178067	84178475	CpG: 46	408	46	292	22.5	71.6	0.88
1227	chr7	84254936	84255510	CpG: 38	574	38	378	13.2	65.9	0.68
1228	chr7	84338736	84339343	CpG: 83	607	83	455	27.3	75	0.98
1247	chr7	86895655	86896059	CpG: 32	404	32	254	15.8	62.9	0.81
1254	chr7	87779395	87779903	CpG: 48	508	48	340	18.9	66.9	0.86
1255	chr7	87927211	87927483	CpG: 21	272	21	177	15.4	65.1	0.76
1263	chr7	88987790	88988144	CpG: 39	354	39	221	22	62.4	1.19
1264	chr7	89052645	89054159	CpG: 122	1514	122	880	16.1	58.1	0.96
1265	chr7	89166519	89166763	CpG: 35	244	35	184	28.7	75.4	1.02
1266	chr7	89282016	89282385	CpG: 32	369	32	250	17.3	67.8	0.76
1268	chr7	89590034	89590269	CpG: 20	235	20	159	17	67.7	0.83
1268	chr7	89629315	89630616	CpG: 113	1301	113	794	17.4	61	0.95
1269	chr7	89778984	89779877	CpG: 91	893	91	572	20.4	64.1	0.99
1272	chr7	90091898	90093284	CpG: 169	1386	169	952	24.4	68.7	1.04
1272	chr7	90106200	90106649	CpG: 38	449	38	292	16.9	65	0.81
1272	chr7	90125147	90125616	CpG: 38	469	38	310	16.2	66.1	0.74
1288	chr7	92210279	92210505	CpG: 18	226	18	133	15.9	58.8	0.92
1288	chr7	92210677	92211089	CpG: 39	412	39	280	18.9	68	0.82
1289	chr7	92285736	92286473	CpG: 73	737	73	468	19.8	63.5	0.99
1289	chr7	92318355	92318564	CpG: 15	209	15	137	14.4	65.6	0.68
1289	chr7	92318753	92319367	CpG: 72	614	72	419	23.5	68.2	1.01
1289	chr7	92390277	92390652	CpG: 30	375	30	231	16	61.6	0.87
1290	chr7	92523216	92523935	CpG: 66	719	66	450	18.4	62.6	0.94
1292	chr7	92729032	92730407	CpG: 134	1375	134	936	19.5	68.1	0.84
1316	chr7	95859291	95860298	CpG: 103	1007	103	673	20.5	66.8	0.92
1316	chr7	95860884	95861086	CpG: 15	202	15	124	14.9	61.4	0.8
1322	chr7	96600612	96601145	CpG: 59	533	59	359	22.1	67.4	0.98
165	chr7	96730654	96731604	CpG: 121	950	121	659	25.5	69.4	1.07
1324	chr7	96974424	96975218	CpG: 98	794	98	586	24.7	73.8	0.91
1324	chr7	96981062	96981780	CpG: 63	718	63	507	17.5	70.6	0.71
1325	chr7	97049172	97049594	CpG: 38	422	38	262	18	62.1	0.94
1326	chr7	97228539	97229842	CpG: 110	1303	110	823	16.9	63.2	0.85
1327	chr7	97345729	97346358	CpG: 61	629	61	391	19.4	62.2	1
1328	chr7	97387052	97387616	CpG: 56	564	56	410	19.9	72.7	0.75
1328	chr7	97437481	97438572	CpG: 111	1091	111	695	20.3	63.7	1.01
1330	chr7	97728425	97728634	CpG: 19	209	19	143	18.2	68.4	0.79
1330	chr7	97760501	97760765	CpG: 24	264	24	180	18.2	68.2	0.78
1331	chr7	97794285	97794487	CpG: 18	202	18	127	17.8	62.9	0.93
1331	chr7	97827119	97827513	CpG: 35	394	35	274	17.8	69.5	0.74
1331	chr7	97842896	97843820	CpG: 90	924	90	618	19.5	66.9	0.88
1332	chr7	97958173	97958723	CpG: 59	550	59	386	21.5	70.2	0.9
1332	chr7	98010008	98010719	CpG: 63	711	63	467	17.7	65.7	0.83
1333	chr7	98138900	98139263	CpG: 43	363	43	258	23.7	71.1	0.94
1335	chr7	98305012	98306147	CpG: 101	1135	101	732	17.8	64.5	0.87
1335	chr7	98351898	98352814	CpG: 99	916	99	615	21.6	67.1	0.96
1336	chr7	98464258	98464572	CpG: 26	314	26	209	16.6	66.6	0.76
1336	chr7	98484053	98484547	CpG: 68	494	68	357	27.5	72.3	1.06
1336	chr7	98485415	98485632	CpG: 17	217	17	132	15.7	60.8	0.85
1336	chr7	98488021	98488581	CpG: 62	560	62	370	22.1	66.1	1.02
1338	chr7	98789804	98790466	CpG: 70	662	70	474	21.1	71.6	0.83
1339	chr7	98831603	98832278	CpG: 65	675	65	439	19.3	65	0.91
1339	chr7	98917232	98918455	CpG: 115	1223	115	845	18.8	69.1	0.79
1340	chr7	98998084	98998363	CpG: 26	279	26	178	18.6	63.8	0.92
1340	chr7	99030531	99031534	CpG: 75	1003	75	614	15	61.2	0.8
1341	chr7	99117428	99118308	CpG: 152	880	152	682	34.5	77.5	1.15
1341	chr7	99132562	99132920	CpG: 37	358	37	233	20.7	65.1	0.98
1341	chr7	99184624	99185092	CpG: 54	468	54	273	23.1	58.3	1.36
1342	chr7	99274728	99276276	CpG: 170	1548	170	1056	22	68.2	0.95
1343	chr7	99477329	99477657	CpG: 23	328	23	206	14	62.8	0.71
1344	chr7	99508096	99508430	CpG: 32	334	32	211	19.2	63.2	0.97
1344	chr7	99566549	99566837	CpG: 30	288	30	192	20.8	66.7	0.94
1345	chr7	99628949	99629710	CpG: 98	761	98	567	25.8	74.5	0.93
1345	chr7	99655021	99655447	CpG: 49	426	49	310	23	72.8	0.88
1345	chr7	99691384	99691603	CpG: 25	219	25	150	22.8	68.5	1
1346	chr7	99770303	99770877	CpG: 61	574	61	397	21.3	69.2	0.9
1346	chr7	99808421	99808954	CpG: 67	533	67	389	25.1	73	0.94
168	chr7	99876426	99877120	CpG: 59	694	59	413	17	59.5	0.96
1347	chr7	99934737	99934968	CpG: 32	231	32	178	27.7	77.1	0.95
1348	chr7	100020924	100021266	CpG: 32	342	32	220	18.7	64.3	0.92
1349	chr7	100142461	100142701	CpG: 26	240	26	167	21.7	69.6	0.93
1349	chr7	100186176	100186448	CpG: 27	272	27	177	19.9	65.1	0.94
1349	chr7	100231982	100232367	CpG: 29	385	29	231	15.1	60	0.84
1349	chr7	100256344	100257756	CpG: 135	1412	135	892	19.1	63.2	0.98
1350	chr7	100355720	100356265	CpG: 50	545	50	327	18.3	60	1.03
1351	chr7	100512063	100512650	CpG: 66	587	66	379	22.5	64.6	1.09
1352	chr7	100543661	100544091	CpG: 54	430	54	318	25.1	74	0.92
1352	chr7	100579959	100581306	CpG: 138	1347	138	920	20.5	68.3	0.88
1352	chr7	100623685	100624034	CpG: 25	349	25	226	14.3	64.8	0.68
1352	chr7	100647737	100648228	CpG: 35	491	35	301	14.3	61.3	0.77
1352	chr7	100660918	100661498	CpG: 48	580	48	366	16.6	63.1	0.83
1353	chr7	100757277	100758444	CpG: 129	1167	129	844	22.1	72.3	0.85
1355	chr7	100945972	100946174	CpG: 20	202	20	132	19.8	65.3	0.94
1355	chr7	100950945	100951361	CpG: 43	416	43	290	20.7	69.7	0.85
1355	chr7	100970419	100971151	CpG: 64	732	64	495	17.5	67.6	0.78
1355	chr7	100997173	100997396	CpG: 31	223	31	164	27.8	73.5	1.03
1356	chr7	101100074	101100411	CpG: 26	337	26	223	15.4	66.2	0.74
1356	chr7	101153789	101154018	CpG: 22	229	22	148	19.2	64.6	0.92
1357	chr7	101312902	101313314	CpG: 42	412	42	265	20.4	64.3	0.99
1359	chr7	101467486	101467928	CpG: 44	442	44	263	19.9	59.5	1.13
1359	chr7	101469970	101470203	CpG: 28	233	28	147	24	63.1	1.22
1359	chr7	101470929	101471361	CpG: 54	432	54	321	25	74.3	0.91
1359	chr7	101485754	101487335	CpG: 128	1581	128	1001	16.2	63.3	0.84
1359	chr7	101545341	101545684	CpG: 31	343	31	208	18.1	60.6	1
1359	chr7	101554955	101555545	CpG: 60	590	60	392	20.3	66.4	0.92
1360	chr7	101582957	101583494	CpG: 45	537	45	327	16.8	60.9	0.91
1360	chr7	101619274	101619820	CpG: 48	546	48	364	17.6	66.7	0.79
1361	chr7	101714356	101715010	CpG: 50	654	50	345	15.3	52.8	1.1
1361	chr7	101756117	101756453	CpG: 27	336	27	222	16.1	66.1	0.74
1361	chr7	101762484	101762824	CpG: 37	340	37	230	21.8	67.6	0.95
1362	chr7	101859099	101859766	CpG: 66	667	66	428	19.8	64.2	0.97
1362	chr7	101872231	101872454	CpG: 22	223	22	161	19.7	72.2	0.76
1362	chr7	101885354	101885597	CpG: 18	243	18	148	14.8	60.9	0.8
1362	chr7	101898962	101899243	CpG: 30	281	30	197	21.4	70.1	0.94
1362	chr7	101899872	101900133	CpG: 29	261	29	185	22.2	70.9	0.9
1362	chr7	101916409	101917540	CpG: 95	1131	95	708	16.8	62.6	0.86
1363	chr7	102090819	102091309	CpG: 40	490	40	294	16.3	60	0.91
1364	chr7	102162114	102162581	CpG: 51	467	51	322	21.8	69	0.92
1386	chr7	105049060	105049525	CpG: 49	465	49	290	21.1	62.4	1.09
1386	chr7	105074934	105075373	CpG: 30	439	30	293	13.7	66.7	0.64
1386	chr7	105084166	105084548	CpG: 28	382	28	241	14.7	63.1	0.75
1387	chr7	105130996	105131572	CpG: 52	576	52	401	18.1	69.6	0.75
1387	chr7	105230309	105230748	CpG: 46	439	46	320	21	72.9	0.8
1388	chr7	105266953	105267155	CpG: 15	202	15	121	14.9	59.9	0.83
1388	chr7	105282280	105283022	CpG: 57	742	57	433	15.4	58.4	0.93
1388	chr7	105289410	105289949	CpG: 42	539	42	340	15.6	63.1	0.79
1389	chr7	105385325	105386522	CpG: 84	1197	84	725	14	60.6	0.77
1389	chr7	105393095	105393739	CpG: 60	644	60	400	18.6	62.1	0.97
1389	chr7	105411347	105412020	CpG: 79	673	79	469	23.5	69.7	0.97
1389	chr7	105436549	105437059	CpG: 68	510	68	381	26.7	74.7	1.02
1389	chr7	105459875	105460544	CpG: 72	669	72	452	21.5	67.6	0.95
1399	chr7	106808384	106809861	CpG: 195	1477	195	1012	26.4	68.5	1.13
1401	chr7	106969507	106970706	CpG: 117	1199	117	775	19.5	64.6	0.94
1413	chr7	108533631	108533994	CpG: 46	363	46	268	25.3	73.8	0.98
1413	chr7	108549602	108550533	CpG: 86	931	86	592	18.5	63.6	0.92
1413	chr7	108609915	108610476	CpG: 74	561	74	432	26.4	77	0.89
1414	chr7	108682283	108682647	CpG: 39	364	39	226	21.4	62.1	1.11
1414	chr7	108768735	108769337	CpG: 63	602	63	390	20.9	64.8	1.01
1414	chr7	108773907	108774416	CpG: 66	509	66	375	25.9	73.7	0.96
1416	chr7	109037976	109038570	CpG: 59	594	59	398	19.9	67	0.89
1417	chr7	109118086	109118877	CpG: 72	791	72	528	18.2	66.8	0.82
1418	chr7	109302665	109303252	CpG: 50	587	50	337	17	57.4	1.05
1419	chr7	109351258	109351817	CpG: 59	559	59	381	21.1	68.2	0.91
1419	chr7	109380474	109381158	CpG: 62	684	62	456	18.1	66.7	0.82
1420	chr7	109464630	109465003	CpG: 50	373	50	264	26.8	70.8	1.08
1420	chr7	109559107	109559906	CpG: 100	799	100	563	25	70.5	1.01
1421	chr7	109585148	109585757	CpG: 58	609	58	384	19	63.1	0.97
1421	chr7	109617386	109618095	CpG: 73	709	73	488	20.6	68.8	0.87
1421	chr7	109660127	109661470	CpG: 104	1343	104	851	15.5	63.4	0.77
1422	chr7	109720765	109722264	CpG: 141	1499	141	896	18.8	59.8	1.06
1422	chr7	109820892	109821454	CpG: 65	562	65	408	23.1	72.6	0.88
1425	chr7	110213386	110214338	CpG: 89	952	89	551	18.7	57.9	1.14
1427	chr7	110367741	110368180	CpG: 47	439	47	272	21.4	62	1.12
1427	chr7	110443257	110443690	CpG: 37	433	37	289	17.1	66.7	0.78
1429	chr7	110627872	110628612	CpG: 63	740	63	474	17	64.1	0.83
1429	chr7	110654586	110654867	CpG: 22	281	22	167	15.7	59.4	0.89
1429	chr7	110681155	110682708	CpG: 150	1553	150	1016	19.3	65.4	0.91
1429	chr7	110721375	110722132	CpG: 65	757	65	488	17.2	64.5	0.83
1433	chr7	111198124	111198326	CpG: 17	202	17	123	16.8	60.9	0.93
1434	chr7	111379005	111379490	CpG: 43	485	43	336	17.7	69.3	0.74
1436	chr7	111622409	111623373	CpG: 90	964	90	611	18.7	63.4	0.95
1438	chr7	111824937	111825521	CpG: 52	584	52	387	17.8	66.3	0.81
1439	chr7	112027226	112027651	CpG: 31	425	31	278	14.6	65.4	0.68
1441	chr7	112278093	112279298	CpG: 157	1205	157	848	26.1	70.4	1.06
1443	chr7	112553031	112554639	CpG: 133	1608	133	989	16.5	61.5	0.89
1445	chr7	112806016	112807843	CpG: 139	1827	139	1089	15.2	59.6	0.87
1446	chr7	112968249	112969193	CpG: 92	944	92	633	19.5	67.1	0.87
1447	chr7	113112546	113113478	CpG: 102	932	102	654	21.9	70.2	0.9
1449	chr7	113365274	113365925	CpG: 49	651	49	381	15.1	58.5	0.88
1452	chr7	113716175	113717102	CpG: 123	927	123	677	26.5	73	1
1453	chr7	113853351	113853916	CpG: 53	565	53	354	18.8	62.7	0.96
1453	chr7	113875004	113875513	CpG: 44	509	44	325	17.3	63.9	0.85
1454	chr7	114014164	114015820	CpG: 205	1656	205	1118	24.8	67.5	1.09
1455	chr7	114161804	114162304	CpG: 47	500	47	310	18.8	62	0.98
1458	chr7	114526375	114527017	CpG: 47	642	47	378	14.6	58.9	0.85
1467	chr7	115630878	115631743	CpG: 70	865	70	543	16.2	62.8	0.82
1467	chr7	115633009	115633642	CpG: 52	633	52	417	16.4	65.9	0.76
1467	chr7	115692316	115692758	CpG: 39	442	39	273	17.6	61.8	0.93
1468	chr7	115836520	115837132	CpG: 60	612	60	404	19.6	66	0.9
1469	chr7	115906566	115907596	CpG: 110	1030	110	681	21.4	66.1	0.99
1469	chr7	115932984	115933890	CpG: 70	906	70	499	15.5	55.1	1.02
1470	chr7	116042272	116043296	CpG: 101	1024	101	696	19.7	68	0.85
1470	chr7	116103427	116104065	CpG: 49	638	49	419	15.4	65.7	0.73
1477	chr7	116980191	116980793	CpG: 68	602	68	393	22.6	65.3	1.08
1483	chr7	117714967	117715433	CpG: 45	466	45	304	19.3	65.2	0.91
1483	chr7	117728532	117729036	CpG: 39	504	39	313	15.5	62.1	0.8
1484	chr7	117842244	117843499	CpG: 123	1255	123	858	19.6	68.4	0.85
1485	chr7	118046646	118047919	CpG: 102	1273	102	824	16	64.7	0.77
1485	chr7	118089016	118091261	CpG: 176	2245	176	1515	15.7	67.5	0.69
1486	chr7	118132292	118132681	CpG: 44	389	44	242	22.6	62.2	1.18
1486	chr7	118183626	118184002	CpG: 46	376	46	278	24.5	73.9	0.9
1487	chr7	118304547	118305067	CpG: 60	520	60	372	23.1	71.5	0.91
1487	chr7	118311642	118312137	CpG: 34	495	34	287	13.7	58	0.84
1487	chr7	118339759	118339964	CpG: 17	205	17	126	16.6	61.5	0.91
1488	chr7	118454799	118455446	CpG: 84	647	84	449	26	69.4	1.08
1489	chr7	118540858	118541092	CpG: 17	234	17	121	14.5	51.7	1.09
1489	chr7	118594042	118594583	CpG: 57	541	57	369	21.1	68.2	0.96
1491	chr7	118783534	118783977	CpG: 40	443	40	283	18.1	63.9	0.89
1495	chr7	119319451	119320097	CpG: 61	646	61	411	18.9	63.6	0.93
1495	chr7	119343517	119343806	CpG: 34	289	34	212	23.5	73.4	0.88
1495	chr7	119392993	119393564	CpG: 60	571	60	364	21	63.7	1.04
1496	chr7	119495328	119495630	CpG: 21	302	21	204	13.9	67.5	0.63
1498	chr7	119701435	119701919	CpG: 32	484	32	310	13.2	64	0.67
1501	chr7	120103638	120103853	CpG: 28	215	28	174	26	80.9	0.82
1502	chr7	120196967	120197247	CpG: 35	280	35	203	25	72.5	0.97
1502	chr7	120233960	120235020	CpG: 79	1060	79	646	14.9	60.9	0.81
1502	chr7	120276679	120277198	CpG: 78	519	78	403	30.1	77.6	1.03
1503	chr7	120409044	120409322	CpG: 24	278	24	197	17.3	70.9	0.72
1503	chr7	120441952	120442926	CpG: 73	974	73	589	15	60.5	0.82
1504	chr7	120516846	120517652	CpG: 101	806	101	586	25.1	72.7	0.95
1504	chr7	120580940	120581946	CpG: 92	1006	92	659	18.3	65.5	0.86
1505	chr7	120633628	120634485	CpG: 80	857	80	476	18.7	55.5	1.21
1508	chr7	120991402	120992419	CpG: 116	1017	116	713	22.8	70.1	0.94
1508	chr7	121099687	121099901	CpG: 15	214	15	124	14	57.9	0.86
1510	chr7	121305782	121306733	CpG: 102	951	102	538	21.5	56.6	1.35
1510	chr7	121333464	121334276	CpG: 52	812	52	484	12.8	59.6	0.74
1511	chr7	121464216	121464434	CpG: 21	218	21	147	19.3	67.4	0.93
1512	chr7	121580587	121581068	CpG: 54	481	54	302	22.5	62.8	1.14
1512	chr7	121619949	121620505	CpG: 46	556	46	346	16.5	62.2	0.87
1513	chr7	121666011	121667099	CpG: 122	1088	122	769	22.4	70.7	0.9
1513	chr7	121700821	121701179	CpG: 37	358	37	226	20.7	63.1	1.04
1513	chr7	121731807	121732496	CpG: 52	689	52	431	15.1	62.6	0.77
1513	chr7	121758551	121759015	CpG: 43	464	43	287	18.5	61.9	0.98
1514	chr7	121888084	121889103	CpG: 95	1019	95	695	18.6	68.2	0.8
1520	chr7	122568840	122570028	CpG: 137	1188	137	839	23.1	70.6	0.93
1521	chr7	122722992	122723833	CpG: 87	841	87	557	20.7	66.2	0.95
1523	chr7	122968649	122969381	CpG: 79	732	79	480	21.6	65.6	1
1523	chr7	122969619	122969849	CpG: 18	230	18	142	15.7	61.7	0.87
1523	chr7	122977072	122977456	CpG: 32	384	32	240	16.7	62.5	0.85
1524	chr7	123099511	123100108	CpG: 67	597	67	395	22.4	66.2	1.08
1527	chr7	123581795	123583094	CpG: 167	1299	167	933	25.7	71.8	1
1538	chr7	124992862	124993093	CpG: 23	231	23	153	19.9	66.2	0.91
1539	chr7	125043778	125044380	CpG: 52	602	52	364	17.3	60.5	0.95
1539	chr7	125090473	125090882	CpG: 47	409	47	270	23	66	1.09
1539	chr7	125151237	125151715	CpG: 42	478	42	313	17.6	65.5	0.86
1540	chr7	125180370	125180656	CpG: 26	286	26	162	18.2	56.6	1.13
1541	chr7	125306658	125307430	CpG: 68	772	68	515	17.6	66.7	0.81
1543	chr7	125680735	125681647	CpG: 124	912	124	678	27.2	74.3	0.99
1544	chr7	125799118	125799795	CpG: 71	677	71	492	21	72.7	0.8
1545	chr7	125871509	125872430	CpG: 114	921	114	682	24.8	74	0.91
1545	chr7	125891119	125891990	CpG: 87	871	87	568	20	65.2	0.94
1546	chr7	125976174	125976714	CpG: 39	540	39	338	14.4	62.6	0.74
1546	chr7	125995551	125996025	CpG: 45	474	45	299	19	63.1	0.99
1546	chr7	126027792	126028572	CpG: 75	780	75	512	19.2	65.6	0.91
1546	chr7	126073919	126074740	CpG: 62	821	62	492	15.1	59.9	0.84
1546	chr7	126086323	126086840	CpG: 46	517	46	337	17.8	65.2	0.85
1547	chr7	126101162	126102993	CpG: 161	1831	161	1196	17.6	65.3	0.83
1547	chr7	126135083	126135438	CpG: 31	355	31	226	17.5	63.7	0.91
1547	chr7	126165114	126165683	CpG: 58	569	58	378	20.4	66.4	0.93
1548	chr7	126248447	126248820	CpG: 47	373	47	250	25.2	67	1.13
1548	chr7	126294514	126295523	CpG: 79	1009	79	647	15.7	64.1	0.77
1548	chr7	126303935	126304153	CpG: 18	218	18	140	16.5	64.2	0.84
1549	chr7	126375933	126376303	CpG: 42	370	42	273	22.7	73.8	0.83
1549	chr7	126391088	126391862	CpG: 82	774	82	537	21.2	69.4	0.88
1549	chr7	126398013	126398969	CpG: 74	956	74	595	15.5	62.2	0.8
1549	chr7	126408148	126408556	CpG: 34	408	34	261	16.7	64	0.84
1549	chr7	126446758	126447261	CpG: 64	503	64	384	25.4	76.3	0.88
1549	chr7	126460935	126461822	CpG: 68	887	68	481	15.3	54.2	1.04
1549	chr7	126483866	126484136	CpG: 32	270	32	192	23.7	71.1	0.95
1550	chr7	126527816	126528492	CpG: 78	676	78	458	23.1	67.8	1.01
1550	chr7	126548873	126549179	CpG: 29	306	29	212	19	69.3	0.79
1550	chr7	126575193	126575780	CpG: 41	587	41	349	14	59.5	0.79
1551	chr7	126616280	126616647	CpG: 28	367	28	209	15.3	56.9	0.94
1551	chr7	126620388	126620603	CpG: 17	215	17	152	15.8	70.7	0.74
1551	chr7	126624524	126626713	CpG: 203	2189	203	1368	18.5	62.5	0.98
1551	chr7	126641353	126641721	CpG: 40	368	40	236	21.7	64.1	1.11
1552	chr7	126794773	126795349	CpG: 45	576	45	347	15.6	60.2	0.86
1552	chr7	126807202	126807877	CpG: 85	675	85	471	25.2	69.8	1.03
1552	chr7	126832252	126832680	CpG: 54	428	54	302	25.2	70.6	1.01
1552	chr7	126843371	126843916	CpG: 52	545	52	393	19.1	72.1	0.73
1552	chr7	126852995	126853806	CpG: 132	811	132	585	32.6	72.1	1.26
1552	chr7	126859670	126859957	CpG: 30	287	30	185	20.9	64.5	1.01
1552	chr7	126872670	126873247	CpG: 45	577	45	366	15.6	63.4	0.78
1553	chr7	126942419	126942795	CpG: 31	376	31	239	16.5	63.6	0.84
1553	chr7	126944303	126945517	CpG: 116	1214	116	787	19.1	64.8	0.91
1553	chr7	126962842	126963080	CpG: 20	238	20	153	16.8	64.3	0.81
1553	chr7	126974651	126975226	CpG: 46	575	46	350	16	60.9	0.87
1553	chr7	126985793	126986125	CpG: 30	332	30	212	18.1	63.9	0.89
1553	chr7	126992263	126992680	CpG: 34	417	34	268	16.3	64.3	0.8
1553	chr7	127005503	127005852	CpG: 32	349	32	237	18.3	67.9	0.8
1554	chr7	127020956	127021321	CpG: 37	365	37	251	20.3	68.8	0.86
1554	chr7	127043348	127043911	CpG: 44	563	44	358	15.6	63.6	0.79
1554	chr7	127047990	127048290	CpG: 27	300	27	195	18	65	0.85
1554	chr7	127070106	127070427	CpG: 24	321	24	200	15	62.3	0.87
1554	chr7	127070841	127071213	CpG: 29	372	29	259	15.6	69.6	0.64
1554	chr7	127077415	127077696	CpG: 21	281	21	160	14.9	56.9	0.92
1554	chr7	127078010	127078678	CpG: 84	668	84	494	25.1	74	0.92
1554	chr7	127111079	127112176	CpG: 103	1097	103	661	18.8	60.3	1.03
1555	chr7	127187887	127188317	CpG: 43	430	43	285	20	66.3	0.91
1555	chr7	127210201	127211312	CpG: 78	1111	78	678	14	61	0.76
1555	chr7	127213754	127214107	CpG: 51	353	51	283	28.9	80.2	0.92
1556	chr7	127307450	127308171	CpG: 71	721	71	450	19.7	62.4	1.02
1556	chr7	127316206	127316638	CpG: 48	432	48	322	22.2	74.5	0.8
1556	chr7	127345026	127345332	CpG: 23	306	23	176	15	57.5	0.91
1556	chr7	127351256	127351552	CpG: 24	296	24	201	16.2	67.9	0.7
1556	chr7	127368937	127369383	CpG: 36	446	36	300	16.1	67.3	0.72
1556	chr7	127375759	127377060	CpG: 122	1301	122	794	18.8	61	1.02
1557	chr7	127423541	127423818	CpG: 24	277	24	211	17.3	76.2	0.77
1557	chr7	127440584	127441523	CpG: 73	939	73	608	15.5	64.7	0.77
1557	chr7	127474621	127476357	CpG: 152	1736	152	1007	17.5	58	1.05
1557	chr7	127494575	127494860	CpG: 29	285	29	191	20.4	67	0.91
1557	chr7	127503236	127503443	CpG: 25	207	25	140	24.2	67.6	1.06
1558	chr7	127534578	127535166	CpG: 60	588	60	408	20.4	69.4	0.85
1558	chr7	127543858	127544076	CpG: 17	218	17	145	15.6	66.5	0.71
1558	chr7	127566279	127567471	CpG: 118	1192	118	770	19.8	64.6	0.95
1558	chr7	127609091	127609574	CpG: 44	483	44	319	18.2	66	0.84
1560	chr7	127836428	127837735	CpG: 120	1307	120	817	18.4	62.5	0.94
1560	chr7	127896928	127897299	CpG: 38	371	38	261	20.5	70.4	0.83
1561	chr7	128019435	128020498	CpG: 107	1063	107	709	20.1	66.7	0.91
1562	chr7	128061954	128062318	CpG: 24	364	24	187	13.2	51.4	1.03
1562	chr7	128062726	128063846	CpG: 91	1120	91	666	16.2	59.5	0.92
1562	chr7	128125052	128126157	CpG: 99	1105	99	741	17.9	67.1	0.8
1563	chr7	128213106	128213564	CpG: 55	458	55	345	24	75.3	0.86
1563	chr7	128289693	128290306	CpG: 55	613	55	389	17.9	63.5	0.89
1564	chr7	128341507	128342388	CpG: 98	881	98	579	22.2	65.7	1.03
1564	chr7	128346440	128346981	CpG: 49	541	49	337	18.1	62.3	0.93
1568	chr7	128858323	128858913	CpG: 51	590	51	371	17.3	62.9	0.89
1570	chr7	129193561	129193893	CpG: 36	332	36	218	21.7	65.7	1.01
1575	chr7	129866721	129868242	CpG: 131	1521	131	954	17.2	62.7	0.88
1577	chr7	130120791	130121095	CpG: 24	304	24	202	15.8	66.4	0.73
1577	chr7	130121276	130121844	CpG: 63	568	63	397	22.2	69.9	0.91
1577	chr7	130148538	130149159	CpG: 70	621	70	386	22.5	62.2	1.18
1578	chr7	130247742	130248191	CpG: 44	449	44	319	19.6	71	0.78
1579	chr7	130330270	130330542	CpG: 22	272	22	163	16.2	59.9	0.9
1579	chr7	130368597	130368847	CpG: 21	250	21	154	16.8	61.6	0.89
1580	chr7	130467363	130468354	CpG: 117	991	117	707	23.6	71.3	0.93
1580	chr7	130537774	130538779	CpG: 109	1005	109	671	21.7	66.8	0.97
1584	chr7	130963995	130965107	CpG: 95	1112	95	688	17.1	61.9	0.89
1584	chr7	130972792	130973165	CpG: 42	373	42	259	22.5	69.4	0.94
1584	chr7	131011816	131012542	CpG: 73	726	73	485	20.1	66.8	0.9
1585	chr7	131143651	131146458	CpG: 217	2807	217	1693	15.5	60.3	0.85
1585	chr7	131154043	131154492	CpG: 36	449	36	277	16	61.7	0.84
1585	chr7	131155619	131157813	CpG: 158	2194	158	1303	14.4	59.4	0.82
1585	chr7	131158706	131158948	CpG: 22	242	22	151	18.2	62.4	0.98
1585	chr7	131161914	131162454	CpG: 50	540	50	339	18.5	62.8	0.99
1588	chr7	131568377	131569295	CpG: 87	918	87	627	19	68.3	0.81
1590	chr7	131756156	131756409	CpG: 19	253	19	141	15	55.7	0.97
1591	chr7	131917333	131919055	CpG: 133	1722	133	1076	15.4	62.5	0.8
1593	chr7	132177622	132178224	CpG: 58	602	58	383	19.3	63.6	0.98
1593	chr7	132198906	132199467	CpG: 51	561	51	355	18.2	63.3	0.91
1593	chr7	132201131	132201655	CpG: 42	524	42	348	16	66.4	0.75
1593	chr7	132212293	132212638	CpG: 37	345	37	227	21.4	65.8	1.01
1595	chr7	132414675	132415727	CpG: 126	1052	126	713	24	67.8	1.04
1595	chr7	132454106	132454393	CpG: 30	287	30	196	20.9	68.3	0.93
1595	chr7	132460924	132461370	CpG: 41	446	41	306	18.4	68.6	0.79
1596	chr7	132532574	132533581	CpG: 128	1007	128	692	25.4	68.7	1.08
1597	chr7	132723448	132726584	CpG: 258	3136	258	1803	16.5	57.5	1
1601	chr7	133239058	133240076	CpG: 89	1018	89	658	17.5	64.6	0.85
1602	chr7	133310415	133311157	CpG: 62	742	62	469	16.7	63.2	0.84
1602	chr7	133378211	133378768	CpG: 59	557	59	373	21.2	67	0.95
1606	chr7	133826379	133827209	CpG: 92	830	92	582	22.2	70.1	0.9
1609	chr7	134272217	134273013	CpG: 84	796	84	522	21.1	65.6	0.98
1611	chr7	134539248	134540027	CpG: 67	779	67	448	17.2	57.5	1.04
1615	chr7	135012207	135012530	CpG: 39	323	39	225	24.1	69.7	1
1616	chr7	135139684	135140342	CpG: 67	658	67	444	20.4	67.5	0.91
1617	chr7	135317568	135318444	CpG: 95	876	95	582	21.7	66.4	0.98
1628	chr7	136800229	136800540	CpG: 25	311	25	194	16.1	62.4	0.86
1629	chr7	136910916	136912350	CpG: 126	1434	126	945	17.6	65.9	0.81
1629	chr7	136914857	136916583	CpG: 188	1726	188	1093	21.8	63.3	1.09
1629	chr7	136917009	136917322	CpG: 25	313	25	169	16	54	1.11
1629	chr7	136923281	136924765	CpG: 152	1484	152	957	20.5	64.5	1
1630	chr7	137012267	137012841	CpG: 52	574	52	374	18.1	65.2	0.86
1630	chr7	137039243	137039832	CpG: 65	589	65	427	22.1	72.5	0.85
1637	chr7	137998667	137999826	CpG: 93	1159	93	704	16	60.7	0.88
1641	chr7	138431589	138432162	CpG: 67	573	67	399	23.4	69.6	1
1641	chr7	138447680	138448797	CpG: 112	1117	112	706	20.1	63.2	1.01
1641	chr7	138510999	138511716	CpG: 63	717	63	500	17.6	69.7	0.74
1641	chr7	138542098	138542993	CpG: 77	895	77	580	17.2	64.8	0.83
1642	chr7	138609077	138609296	CpG: 20	219	20	138	18.3	63	0.93
1642	chr7	138622712	138622917	CpG: 17	205	17	159	16.6	77.6	0.65
1642	chr7	138665869	138666678	CpG: 80	809	80	544	19.8	67.2	0.88
1643	chr7	138767685	138768605	CpG: 94	920	94	578	20.4	62.8	1.04
1643	chr7	138793088	138793401	CpG: 30	313	30	210	19.2	67.1	0.87
1644	chr7	138828148	138828922	CpG: 78	774	78	464	20.2	59.9	1.12
1645	chr7	138968453	138968694	CpG: 20	241	20	155	16.6	64.3	0.83
1645	chr7	138968952	138969516	CpG: 73	564	73	394	25.9	69.9	1.06
1646	chr7	139160836	139162844	CpG: 200	2008	200	1253	19.9	62.4	1.03
1646	chr7	139164443	139165129	CpG: 45	686	45	405	13.1	59	0.76
1647	chr7	139239826	139240078	CpG: 27	252	27	172	21.4	68.3	0.93
1648	chr7	139413948	139414158	CpG: 21	210	21	144	20	68.6	0.85
1649	chr7	139474677	139474992	CpG: 36	315	36	234	22.9	74.3	0.83
1649	chr7	139523625	139524875	CpG: 119	1250	119	824	19	65.9	0.88
1649	chr7	139530701	139530918	CpG: 17	217	17	128	15.7	59	1.03
1649	chr7	139558429	139558718	CpG: 22	289	22	188	15.2	65.1	0.72
1650	chr7	139616077	139616874	CpG: 78	797	78	534	19.6	67	0.87
1650	chr7	139627679	139629234	CpG: 115	1555	115	958	14.8	61.6	0.79
1650	chr7	139637952	139638316	CpG: 40	364	40	238	22	65.4	1.03
1650	chr7	139641183	139641424	CpG: 26	241	26	165	21.6	68.5	0.92
1650	chr7	139650232	139650624	CpG: 28	392	28	256	14.3	65.3	0.68
1650	chr7	139696179	139696469	CpG: 26	290	26	199	17.9	68.6	0.78
1650	chr7	139705495	139705830	CpG: 31	335	31	238	18.5	71	0.76
1650	chr7	139717464	139717759	CpG: 30	295	30	204	20.3	69.2	0.85
1655	chr7	140367547	140367842	CpG: 23	295	23	199	15.6	67.5	0.71
1656	chr7	140435991	140436738	CpG: 48	747	48	444	12.9	59.4	0.73
1656	chr7	140436960	140437572	CpG: 48	612	48	371	15.7	60.6	0.86
1656	chr7	140461569	140462339	CpG: 62	770	62	484	16.1	62.9	0.84
1656	chr7	140502302	140502826	CpG: 47	524	47	325	17.9	62	0.94
1658	chr7	140640597	140641506	CpG: 103	909	103	625	22.7	68.8	0.96
1658	chr7	140648466	140648688	CpG: 21	222	21	143	18.9	64.4	0.93
1658	chr7	140650206	140650931	CpG: 57	725	57	429	15.7	59.2	0.9
1658	chr7	140672345	140672553	CpG: 18	208	18	135	17.3	64.9	0.89
1658	chr7	140679867	140680538	CpG: 52	671	52	422	15.5	62.9	0.78
1658	chr7	140711100	140711607	CpG: 53	507	53	347	20.9	68.4	0.9
1658	chr7	140748438	140748660	CpG: 19	222	19	140	17.1	63.1	0.88
1658	chr7	140752499	140752782	CpG: 28	283	28	181	19.8	64	0.97
1659	chr7	140773536	140775074	CpG: 134	1538	134	927	17.4	60.3	0.96
1659	chr7	140795521	140796163	CpG: 57	642	57	441	17.8	68.7	0.77
1659	chr7	140808314	140809019	CpG: 70	705	70	453	19.9	64.3	0.98
1659	chr7	140839623	140839889	CpG: 20	266	20	168	15	63.2	0.79
1659	chr7	140858945	140859216	CpG: 28	271	28	177	20.7	65.3	0.97
1659	chr7	140873655	140874767	CpG: 83	1112	83	687	14.9	61.8	0.78
1660	chr7	140907149	140908418	CpG: 145	1269	145	844	22.9	66.5	1.03
1660	chr7	140918750	140918968	CpG: 18	218	18	153	16.5	70.2	0.68
1660	chr7	140941454	140941737	CpG: 22	283	22	182	15.5	64.3	0.75
1660	chr7	140971801	140972328	CpG: 43	527	43	316	16.3	60	0.91
1660	chr7	140993904	140994116	CpG: 23	212	23	149	21.7	70.3	0.91
1660	chr7	141017234	141017618	CpG: 39	384	39	264	20.3	68.8	0.87
1660	chr7	141027260	141027934	CpG: 62	674	62	425	18.4	63.1	0.93
1661	chr7	141034986	141035473	CpG: 42	487	42	309	17.2	63.4	0.86
1661	chr7	141041685	141042154	CpG: 52	469	52	332	22.2	70.8	0.89
1661	chr7	141044635	141045002	CpG: 33	367	33	244	18	66.5	0.83
1661	chr7	141047198	141047824	CpG: 48	626	48	408	15.3	65.2	0.73
1661	chr7	141054845	141055700	CpG: 93	855	93	598	21.8	69.9	0.9
1661	chr7	141061866	141062341	CpG: 67	475	67	359	28.2	75.6	1
1661	chr7	141119563	141119986	CpG: 38	423	38	269	18	63.6	0.89
1661	chr7	141141862	141142546	CpG: 95	684	95	503	27.8	73.5	1.03
1662	chr7	141279783	141280062	CpG: 27	279	27	182	19.4	65.2	0.91
1664	chr7	141455857	141456336	CpG: 50	479	50	332	20.9	69.3	0.88
1664	chr7	141503046	141503349	CpG: 22	303	22	183	14.5	60.4	0.82
1664	chr7	141503522	141504418	CpG: 123	896	123	680	27.5	75.9	0.98
1665	chr7	141614207	141614884	CpG: 75	677	75	399	22.2	58.9	1.3
1665	chr7	141635931	141636479	CpG: 50	548	50	399	18.2	72.8	0.71
1665	chr7	141648116	141649247	CpG: 116	1131	116	722	20.5	63.8	1.01
1667	chr7	141925778	141926185	CpG: 45	407	45	299	22.1	73.5	0.82
1667	chr7	141941408	141941765	CpG: 43	357	43	244	24.1	68.3	1.03
1669	chr7	142086622	142087062	CpG: 49	440	49	319	22.3	72.5	0.94
208	chr7	142212108	142215055	CpG: 217	2947	217	1818	14.7	61.7	0.78
1670	chr7	142217646	142218125	CpG: 56	479	56	339	23.4	70.8	0.93
1672	chr7	142521188	142523194	CpG: 172	2006	172	1266	17.1	63.1	0.87
1673	chr7	142606411	142607025	CpG: 60	614	60	420	19.5	68.4	0.84
1673	chr7	142622807	142623332	CpG: 46	525	46	325	17.5	61.9	0.92
1673	chr7	142623505	142623786	CpG: 19	281	19	174	13.5	61.9	0.71
1673	chr7	142660765	142661502	CpG: 78	737	78	534	21.2	72.5	0.81
1674	chr7	142849141	142849561	CpG: 41	420	41	258	19.5	61.4	1.04
1674	chr7	142850050	142850296	CpG: 19	246	19	142	15.4	57.7	0.93
1675	chr7	142991548	142992282	CpG: 62	734	62	388	16.9	52.9	1.21
209	chr7	142998897	142999740	CpG: 85	843	85	483	20.2	57.3	1.24
1676	chr7	143012792	143015214	CpG: 213	2422	213	1349	17.6	55.7	1.14
1676	chr7	143018587	143018849	CpG: 29	262	29	191	22.1	72.9	0.84
1676	chr7	143055384	143056700	CpG: 103	1316	103	821	15.7	62.4	0.81
1676	chr7	143102147	143103089	CpG: 72	942	72	497	15.3	52.8	1.1
1678	chr7	143376541	143376843	CpG: 28	302	28	199	18.5	65.9	0.92
1678	chr7	143383815	143384097	CpG: 20	282	20	177	14.2	62.8	0.74
1680	chr7	143531554	143533111	CpG: 122	1557	122	1042	15.7	66.9	0.7
1681	chr7	143729201	143729636	CpG: 37	435	37	289	17	66.4	0.77
1682	chr7	143838397	143838604	CpG: 16	207	16	155	15.5	74.9	0.61
1684	chr7	144107108	144107759	CpG: 90	651	90	475	27.6	73	1.05
1684	chr7	144135815	144136335	CpG: 53	520	53	341	20.4	65.6	0.96
1685	chr7	144232214	144232685	CpG: 62	471	62	333	26.3	70.7	1.05
1685	chr7	144292117	144292376	CpG: 25	259	25	182	19.3	70.3	0.78
1686	chr7	144391656	144392093	CpG: 32	437	32	250	14.6	57.2	0.9
1686	chr7	144392348	144393401	CpG: 114	1053	114	712	21.7	67.6	0.95
1686	chr7	144414985	144415775	CpG: 92	790	92	570	23.3	72.2	0.89
1687	chr7	144449487	144449783	CpG: 25	296	25	191	16.9	64.5	0.82
1687	chr7	144450201	144451004	CpG: 68	803	68	505	16.9	62.9	0.86
1687	chr7	144468683	144469188	CpG: 46	505	46	311	18.2	61.6	0.96
1687	chr7	144491842	144492202	CpG: 32	360	32	241	17.8	66.9	0.79
1687	chr7	144493306	144493558	CpG: 29	252	29	173	23	68.7	0.99
1687	chr7	144494903	144495540	CpG: 46	637	46	410	14.4	64.4	0.7
1687	chr7	144496019	144496519	CpG: 34	500	34	297	13.6	59.4	0.77
1687	chr7	144497075	144497353	CpG: 44	278	44	198	31.7	71.2	1.25
1689	chr7	144760020	144760325	CpG: 25	305	25	217	16.4	71.1	0.65
609	chr8	3271033	3271283	CpG: 26	250	26	163	20.8	65.2	0.98
610	chr8	3329068	3329608	CpG: 50	540	50	374	18.5	69.3	0.77
611	chr8	3501857	3502227	CpG: 31	370	31	208	16.8	56.2	1.08
611	chr8	3526035	3526340	CpG: 27	305	27	184	17.7	60.3	0.98
612	chr8	3542967	3543611	CpG: 55	644	55	425	17.1	66	0.81
612	chr8	3545872	3546387	CpG: 33	515	33	329	12.8	63.9	0.64
612	chr8	3550174	3550966	CpG: 76	792	76	503	19.2	63.5	0.95
612	chr8	3565318	3565566	CpG: 18	248	18	147	14.5	59.3	0.86
612	chr8	3566773	3567156	CpG: 29	383	29	234	15.1	61.1	0.82
612	chr8	3587720	3588031	CpG: 24	311	24	206	15.4	66.2	0.71
612	chr8	3637582	3637967	CpG: 47	385	47	248	24.4	64.4	1.18
613	chr8	3671239	3671646	CpG: 33	407	33	236	16.2	58	0.97
613	chr8	3680823	3681224	CpG: 32	401	32	247	16	61.6	0.86
613	chr8	3726348	3726723	CpG: 44	375	44	256	23.5	68.3	1.02
613	chr8	3729030	3729509	CpG: 39	479	39	304	16.3	63.5	0.81
615	chr8	4044234	4044529	CpG: 40	295	40	209	27.1	70.8	1.08
617	chr8	4216553	4216994	CpG: 47	441	47	317	21.3	71.9	0.83
617	chr8	4256443	4256677	CpG: 23	234	23	157	19.7	67.1	0.88
617	chr8	4262923	4263183	CpG: 23	260	23	184	17.7	70.8	0.73
617	chr8	4267071	4267359	CpG: 26	288	26	199	18.1	69.1	0.76
617	chr8	4288413	4289258	CpG: 69	845	69	489	16.3	57.9	0.98
617	chr8	4299280	4299706	CpG: 37	426	37	276	17.4	64.8	0.83
617	chr8	4303002	4303419	CpG: 47	417	47	297	22.5	71.2	0.89
617	chr8	4308389	4309352	CpG: 89	963	89	650	18.5	67.5	0.81
618	chr8	4325696	4325947	CpG: 25	251	25	155	19.9	61.8	1.08
618	chr8	4374437	4375527	CpG: 101	1090	101	635	18.5	58.3	1.09
619	chr8	4543286	4543562	CpG: 21	276	21	179	15.2	64.9	0.73
621	chr8	4727317	4728591	CpG: 105	1274	105	787	16.5	61.8	0.88
621	chr8	4829289	4829590	CpG: 25	301	25	179	16.6	59.5	0.96
651	chr8	8709823	8711897	CpG: 212	2074	212	1400	20.4	67.5	0.9
651	chr8	8739796	8740634	CpG: 131	838	131	611	31.3	72.9	1.2
655	chr8	9257694	9257912	CpG: 19	218	19	150	17.4	68.8	0.74
659	chr8	9820334	9820575	CpG: 22	241	22	162	18.3	67.2	0.82
659	chr8	9821396	9821971	CpG: 56	575	56	377	19.5	65.6	0.93
661	chr8	10026120	10026554	CpG: 40	434	40	288	18.4	66.4	0.84
661	chr8	10027664	10028197	CpG: 65	533	65	379	24.4	71.1	0.98
662	chr8	10203863	10204340	CpG: 52	477	52	331	21.8	69.4	0.95
669	chr8	11028499	11028759	CpG: 19	260	19	161	14.6	61.9	0.76
669	chr8	11056954	11059869	CpG: 334	2915	334	1959	22.9	67.2	1.02
670	chr8	11237794	11238298	CpG: 46	504	46	321	18.3	63.7	0.9
671	chr8	11362171	11363231	CpG: 108	1060	108	749	20.4	70.7	0.82
672	chr8	11528253	11528698	CpG: 46	445	46	298	20.7	67	0.93
673	chr8	11547356	11547908	CpG: 64	552	64	386	23.2	69.9	0.96
673	chr8	11600508	11600785	CpG: 30	277	30	199	21.7	71.8	0.85
673	chr8	11605149	11608650	CpG: 307	3501	307	2202	17.5	62.9	0.9
673	chr8	11611643	11611981	CpG: 24	338	24	189	14.2	55.9	0.91
674	chr8	11684787	11686044	CpG: 136	1257	136	884	21.6	70.3	0.88
674	chr8	11686466	11686671	CpG: 17	205	17	139	16.6	67.8	0.74
674	chr8	11777435	11778835	CpG: 178	1400	178	939	25.4	67.1	1.13
675	chr8	11808123	11808774	CpG: 69	651	69	408	21.2	62.7	1.12
679	chr8	12435051	12436496	CpG: 115	1445	115	858	15.9	59.4	0.91
679	chr8	12445204	12447679	CpG: 219	2475	219	1443	17.7	58.3	1.05
680	chr8	12480460	12481350	CpG: 70	890	70	560	15.7	62.9	0.79
682	chr8	12721772	12722592	CpG: 84	820	84	539	20.5	65.7	0.95
682	chr8	12806830	12807610	CpG: 111	780	111	550	28.5	70.5	1.16
683	chr8	12965717	12965971	CpG: 23	254	23	174	18.1	68.5	0.81
685	chr8	13154514	13156252	CpG: 165	1738	165	1098	19	63.2	0.95
685	chr8	13209101	13209807	CpG: 77	706	77	450	21.8	63.7	1.07
686	chr8	13250226	13250614	CpG: 45	388	45	259	23.2	66.8	1.07
686	chr8	13251140	13251353	CpG: 17	213	17	123	16	57.7	0.98
686	chr8	13337139	13338476	CpG: 113	1337	113	837	16.9	62.6	0.88
687	chr8	13388511	13389396	CpG: 107	885	107	578	24.2	65.3	1.14
688	chr8	13518247	13518467	CpG: 18	220	18	139	16.4	63.2	0.82
688	chr8	13543806	13544518	CpG: 57	712	57	451	16	63.3	0.8
689	chr8	13726991	13727921	CpG: 82	930	82	603	17.6	64.8	0.84
690	chr8	13807502	13807945	CpG: 54	443	54	318	24.4	71.8	0.96
690	chr8	13835316	13836400	CpG: 101	1084	101	723	18.6	66.7	0.84
691	chr8	13919646	13920141	CpG: 44	495	44	299	17.8	60.4	0.98
691	chr8	13939868	13940296	CpG: 56	428	56	325	26.2	75.9	0.93
691	chr8	13957675	13958105	CpG: 53	430	53	313	24.7	72.8	0.93
86	chr8	14024145	14025143	CpG: 89	998	89	668	17.8	66.9	0.81
692	chr8	14140178	14140440	CpG: 28	262	28	167	21.4	63.7	1.08
692	chr8	14145589	14147363	CpG: 145	1774	145	1123	16.3	63.3	0.83
698	chr8	14938714	14939037	CpG: 25	323	25	207	15.5	64.1	0.76
699	chr8	14944518	14944910	CpG: 29	392	29	230	14.8	58.7	0.86
699	chr8	14961535	14961810	CpG: 32	275	32	176	23.3	64	1.17
699	chr8	15012535	15012751	CpG: 23	216	23	127	21.3	58.8	1.23
699	chr8	15061029	15062015	CpG: 87	986	87	654	17.6	66.3	0.83
700	chr8	15077485	15079176	CpG: 197	1691	197	1153	23.3	68.2	1
719	chr8	17584733	17585747	CpG: 94	1014	94	634	18.5	62.5	0.95
727	chr8	18645014	18645639	CpG: 72	625	72	450	23	72	0.89
729	chr8	18895971	18897011	CpG: 118	1040	118	727	22.7	69.9	0.93
729	chr8	19000740	19000944	CpG: 20	204	20	142	19.6	69.6	0.82
734	chr8	19585172	19585770	CpG: 71	598	71	411	23.7	68.7	1.01
736	chr8	19834588	19835257	CpG: 69	669	69	454	20.6	67.9	0.94
737	chr8	20016409	20017068	CpG: 63	659	63	423	19.1	64.2	0.97
738	chr8	20143677	20144347	CpG: 68	670	68	452	20.3	67.5	0.92
741	chr8	20555555	20556142	CpG: 60	587	60	403	20.4	68.7	0.9
742	chr8	20697810	20698469	CpG: 68	659	68	454	20.6	68.9	0.91
745	chr8	21090167	21090824	CpG: 62	657	62	420	18.9	63.9	0.96
756	chr8	22503399	22503602	CpG: 14	203	14	119	13.8	58.6	0.82
757	chr8	22550137	22550902	CpG: 69	765	69	516	18	67.5	0.81
757	chr8	22656164	22656429	CpG: 34	265	34	173	25.7	65.3	1.26
758	chr8	22675523	22675981	CpG: 51	458	51	317	22.3	69.2	0.93
758	chr8	22682758	22683260	CpG: 68	502	68	378	27.1	75.3	0.96
758	chr8	22717249	22717513	CpG: 27	264	27	192	20.5	72.7	0.77
759	chr8	22888169	22888752	CpG: 75	583	75	446	25.7	76.5	0.93
759	chr8	22901497	22901786	CpG: 22	289	22	173	15.2	59.9	0.85
760	chr8	22966411	22967247	CpG: 94	836	94	512	22.5	61.2	1.2
761	chr8	23083343	23084133	CpG: 81	790	81	508	20.5	64.3	0.99
761	chr8	23143057	23143521	CpG: 54	464	54	318	23.3	68.5	1.01
761	chr8	23196355	23196700	CpG: 42	345	42	254	24.3	73.6	0.9
762	chr8	23297881	23298394	CpG: 41	513	41	329	16	64.1	0.79
763	chr8	23348912	23350593	CpG: 180	1681	180	1138	21.4	67.7	0.94
764	chr8	23464448	23465723	CpG: 136	1275	136	821	21.3	64.4	1.03
764	chr8	23548248	23548901	CpG: 72	653	72	441	22.1	67.5	0.99
765	chr8	23639742	23640249	CpG: 52	507	52	347	20.5	68.4	0.88
765	chr8	23647482	23647883	CpG: 43	401	43	275	21.4	68.6	0.91
765	chr8	23697834	23698772	CpG: 94	938	94	625	20	66.6	0.91
766	chr8	23727329	23727921	CpG: 58	592	58	386	19.6	65.2	0.92
766	chr8	23746704	23747334	CpG: 62	630	62	417	19.7	66.2	0.91
767	chr8	23901383	23902508	CpG: 131	1125	131	782	23.3	69.5	0.96
769	chr8	24159632	24159871	CpG: 22	239	22	151	18.4	63.2	0.92
779	chr8	25506526	25507650	CpG: 101	1124	101	731	18	65	0.85
779	chr8	25528320	25528825	CpG: 60	505	60	361	23.8	71.5	0.93
780	chr8	25591943	25592527	CpG: 51	584	51	389	17.5	66.6	0.79
781	chr8	25690770	25691816	CpG: 148	1046	148	758	28.3	72.5	1.08
781	chr8	25730408	25730950	CpG: 49	542	49	336	18.1	62	0.97
783	chr8	26008764	26009524	CpG: 103	760	103	564	27.1	74.2	0.98
784	chr8	26086992	26087727	CpG: 63	735	63	483	17.1	65.7	0.8
784	chr8	26091493	26092722	CpG: 127	1229	127	833	20.7	67.8	0.9
784	chr8	26166559	26166780	CpG: 19	221	19	133	17.2	60.2	0.96
784	chr8	26209999	26210521	CpG: 50	522	50	356	19.2	68.2	0.82
785	chr8	26243805	26244581	CpG: 85	776	85	528	21.9	68	0.95
785	chr8	26274892	26276066	CpG: 129	1174	129	805	22	68.6	0.93
785	chr8	26330352	26330849	CpG: 60	497	60	361	24.1	72.6	0.92
786	chr8	26466399	26466825	CpG: 60	426	60	335	28.2	78.6	0.92
786	chr8	26476187	26476518	CpG: 24	331	24	207	14.5	62.5	0.75
787	chr8	26505177	26505738	CpG: 57	561	57	341	20.3	60.8	1.1
788	chr8	26608822	26609915	CpG: 129	1093	129	734	23.6	67.2	1.05
788	chr8	26647921	26648942	CpG: 115	1021	115	686	22.5	67.2	1
793	chr8	27270628	27270850	CpG: 17	222	17	152	15.3	68.5	0.66
794	chr8	27466672	27469953	CpG: 233	3281	233	2038	14.2	62.1	0.75
794	chr8	27513480	27514105	CpG: 56	625	56	366	17.9	58.6	1.05
795	chr8	27532483	27533119	CpG: 62	636	62	427	19.5	67.1	0.91
795	chr8	27575494	27576226	CpG: 91	732	91	524	24.9	71.6	0.97
795	chr8	27611421	27611934	CpG: 51	513	51	352	19.9	68.6	0.84
795	chr8	27618410	27618778	CpG: 31	368	31	230	16.8	62.5	0.87
796	chr8	27664116	27664806	CpG: 69	690	69	462	20	67	0.9
796	chr8	27696567	27696769	CpG: 16	202	16	139	15.8	68.8	0.68
796	chr8	27717339	27718271	CpG: 84	932	84	575	18	61.7	0.95
796	chr8	27750315	27750777	CpG: 52	462	52	334	22.5	72.3	0.89
811	chr8	29709154	29710040	CpG: 95	886	95	588	21.4	66.4	0.98
825	chr8	31579634	31580104	CpG: 40	470	40	294	17	62.6	0.88
826	chr8	31601778	31602321	CpG: 39	543	39	355	14.4	65.4	0.67
826	chr8	31640752	31641064	CpG: 24	312	24	205	15.4	65.7	0.72
826	chr8	31658532	31659130	CpG: 59	598	59	369	19.7	61.7	1.04
832	chr8	32498461	32499809	CpG: 138	1348	138	903	20.5	67	0.91
839	chr8	33373399	33374973	CpG: 137	1574	137	1003	17.4	63.7	0.86
843	chr8	33875489	33876301	CpG: 76	812	76	462	18.7	56.9	1.16
844	chr8	34007045	34007480	CpG: 55	435	55	337	25.3	77.5	0.85
845	chr8	34089521	34090256	CpG: 107	735	107	558	29.1	75.9	1.03
845	chr8	34131738	34132140	CpG: 43	402	43	273	21.4	67.9	0.95
845	chr8	34143461	34143944	CpG: 44	483	44	249	18.2	51.6	1.38
846	chr8	34221807	34222615	CpG: 97	808	97	528	24	65.3	1.14
847	chr8	34419394	34420538	CpG: 120	1144	120	709	21	62	1.09
848	chr8	34575316	34575982	CpG: 45	666	45	384	13.5	57.7	0.82
849	chr8	34613567	34614170	CpG: 65	603	65	358	21.6	59.4	1.23
849	chr8	34621552	34622015	CpG: 49	463	49	315	21.2	68	0.92
854	chr8	35273749	35276914	CpG: 232	3165	232	1836	14.7	58	0.87
855	chr8	35432196	35432942	CpG: 79	746	79	471	21.2	63.1	1.06
858	chr8	35843599	35843901	CpG: 29	302	29	209	19.2	69.2	0.81
859	chr8	35961900	35962859	CpG: 121	959	121	651	25.2	67.9	1.1
860	chr8	36054737	36055927	CpG: 130	1190	130	835	21.8	70.2	0.89
861	chr8	36232814	36233164	CpG: 29	350	29	228	16.6	65.1	0.79
861	chr8	36292730	36294012	CpG: 107	1282	107	851	16.7	66.4	0.76
863	chr8	36561748	36562396	CpG: 76	648	76	466	23.5	71.9	0.93
864	chr8	36614162	36614376	CpG: 17	214	17	143	15.9	66.8	0.71
865	chr8	36715233	36716640	CpG: 184	1407	184	1007	26.2	71.6	1.04
866	chr8	36924918	36925520	CpG: 55	602	55	380	18.3	63.1	0.92
867	chr8	37016316	37016544	CpG: 18	228	18	154	15.8	67.5	0.7
867	chr8	37080731	37081277	CpG: 55	546	55	368	20.1	67.4	0.89
868	chr8	37199784	37200127	CpG: 42	343	42	245	24.5	71.4	0.96
883	chr8	39127406	39127875	CpG: 57	469	57	340	24.3	72.5	0.93
886	chr8	39472934	39473517	CpG: 59	583	59	410	20.2	70.3	0.82
895	chr8	40739436	40739645	CpG: 25	209	25	150	23.9	71.8	0.93
895	chr8	40760653	40761490	CpG: 74	837	74	495	17.7	59.1	1.01
896	chr8	40876456	40877341	CpG: 85	885	85	551	19.2	62.3	0.99
897	chr8	40964137	40965360	CpG: 125	1223	125	823	20.4	67.3	0.91
898	chr8	41087606	41087971	CpG: 48	365	48	279	26.3	76.4	0.9
900	chr8	41315159	41315870	CpG: 68	711	68	438	19.1	61.6	1.01
900	chr8	41352018	41352311	CpG: 21	293	21	167	14.3	57	0.88
902	chr8	41586485	41587159	CpG: 65	674	65	475	19.3	70.5	0.78
903	chr8	41692596	41693419	CpG: 85	823	85	575	20.7	69.9	0.85
904	chr8	41827398	41828000	CpG: 55	602	55	393	18.3	65.3	0.86
904	chr8	41869778	41870226	CpG: 37	448	37	280	16.5	62.5	0.85
931	chr8	45387820	45388517	CpG: 55	697	55	448	15.8	64.3	0.77
931	chr8	45390978	45391804	CpG: 90	826	90	546	21.8	66.1	1.02
931	chr8	45403602	45403863	CpG: 18	261	18	141	13.8	54	0.95
931	chr8	45404652	45404921	CpG: 25	269	25	151	18.6	56.1	1.18
931	chr8	45462955	45463239	CpG: 28	284	28	165	19.7	58.1	1.17
931	chr8	45463454	45463675	CpG: 18	221	18	126	16.3	57	1
931	chr8	45476278	45477244	CpG: 71	966	71	528	14.7	54.7	0.99
931	chr8	45478695	45478941	CpG: 21	246	21	138	17.1	56.1	1.09
932	chr8	45490089	45490328	CpG: 21	239	21	132	17.6	55.2	1.17
932	chr8	45497319	45497552	CpG: 19	233	19	139	16.3	59.7	1.01
932	chr8	45504259	45504579	CpG: 29	320	29	188	18.1	58.8	1.05
934	chr8	45786202	45786484	CpG: 21	282	21	160	14.9	56.7	0.95
939	chr8	46428165	46428591	CpG: 47	426	47	263	22.1	61.7	1.16
939	chr8	46452784	46453404	CpG: 52	620	52	421	16.8	67.9	0.73
939	chr8	46488345	46488565	CpG: 18	220	18	145	16.4	65.9	0.76
940	chr8	46604673	46605738	CpG: 141	1065	141	753	26.5	70.7	1.07
940	chr8	46616367	46617121	CpG: 91	754	91	518	24.1	68.7	1.02
941	chr8	46663603	46664149	CpG: 71	546	71	392	26	71.8	1.05
941	chr8	46745206	46745423	CpG: 15	217	15	133	13.8	61.3	0.77
941	chr8	46747570	46747934	CpG: 31	364	31	216	17	59.3	0.99
943	chr8	46923812	46924780	CpG: 103	968	103	664	21.3	68.6	0.92
943	chr8	47004776	47005228	CpG: 35	452	35	283	15.5	62.6	0.79
944	chr8	47070099	47070906	CpG: 65	807	65	506	16.1	62.7	0.86
945	chr8	47193470	47194536	CpG: 113	1066	113	739	21.2	69.3	0.88
948	chr8	47646281	47646583	CpG: 21	302	21	174	13.9	57.6	0.84
949	chr8	47740868	47742558	CpG: 193	1690	193	1164	22.8	68.9	0.96
950	chr8	47845463	47845676	CpG: 16	213	16	113	15	53.1	1.07
950	chr8	47865437	47866943	CpG: 151	1506	151	1035	20.1	68.7	0.85
951	chr8	47986359	47987093	CpG: 61	734	61	440	16.6	59.9	0.93
951	chr8	48099800	48100185	CpG: 35	385	35	237	18.2	61.6	1.04
952	chr8	48126684	48128976	CpG: 196	2292	196	1428	17.1	62.3	0.89
952	chr8	48166180	48167587	CpG: 152	1407	152	923	21.6	65.6	1.01
954	chr8	48442918	48444358	CpG: 115	1440	115	838	16	58.2	0.95
955	chr8	48563013	48563423	CpG: 37	410	37	229	18	55.9	1.16
956	chr8	48681724	48682168	CpG: 42	444	42	280	18.9	63.1	0.95
956	chr8	48729516	48729913	CpG: 28	397	28	224	14.1	56.4	0.89
958	chr8	49008018	49009115	CpG: 113	1097	113	677	20.6	61.7	1.09
961	chr8	49296008	49296256	CpG: 21	248	21	140	16.9	56.5	1.07
961	chr8	49296418	49296838	CpG: 40	420	40	233	19	55.5	1.24
976	chr8	51368934	51369497	CpG: 47	563	47	372	16.7	66.1	0.77
1001	chr8	54530255	54531000	CpG: 88	745	88	538	23.6	72.2	0.91
1004	chr8	54982532	54983143	CpG: 74	611	74	422	24.2	69.1	1.02
1017	chr8	56747565	56747829	CpG: 26	264	26	178	19.7	67.4	0.87
1019	chr8	57003755	57004467	CpG: 57	712	57	399	16	56	1.02
1025	chr8	57773927	57775467	CpG: 145	1540	145	993	18.8	64.5	0.9
1025	chr8	57793952	57794456	CpG: 37	504	37	313	14.7	62.1	0.79
1027	chr8	57939973	57941044	CpG: 90	1071	90	660	16.8	61.6	0.89
1027	chr8	57964182	57965910	CpG: 137	1728	137	949	15.9	54.9	1.06
1028	chr8	58104777	58106415	CpG: 178	1638	178	1078	21.7	65.8	1.01
1037	chr8	59365515	59366037	CpG: 43	522	43	329	16.5	63	0.87
1051	chr8	61085331	61086538	CpG: 113	1207	113	818	18.7	67.8	0.82
1053	chr8	61343259	61343712	CpG: 51	453	51	326	22.5	72	0.9
1053	chr8	61435748	61436743	CpG: 105	995	105	665	21.1	66.8	0.95
1053	chr8	61445844	61446623	CpG: 65	779	65	516	16.7	66.2	0.8
1055	chr8	61676808	61677675	CpG: 112	867	112	641	25.8	73.9	0.95
1057	chr8	61940871	61941127	CpG: 23	256	23	162	18	63.3	0.9
1057	chr8	61968791	61968994	CpG: 14	203	14	106	13.8	52.2	1.01
1058	chr8	62002603	62003163	CpG: 63	560	63	413	22.5	73.8	0.93
1058	chr8	62043966	62044288	CpG: 25	322	25	203	15.5	63	0.79
1059	chr8	62212780	62213110	CpG: 31	330	31	215	18.8	65.2	0.89
1068	chr8	63404383	63404593	CpG: 20	210	20	144	19	68.6	0.88
1078	chr8	64658452	64658783	CpG: 34	331	34	223	20.5	67.4	0.92
1082	chr8	65145640	65146203	CpG: 58	563	58	400	20.6	71	0.82
1082	chr8	65186453	65186938	CpG: 58	485	58	344	23.9	70.9	0.95
1083	chr8	65301971	65303006	CpG: 146	1035	146	742	28.2	71.7	1.11
1083	chr8	65399803	65400441	CpG: 73	638	73	448	22.9	70.2	0.95
1095	chr8	66938876	66939299	CpG: 37	423	37	273	17.5	64.5	0.84
1097	chr8	67140574	67140823	CpG: 21	249	21	171	16.9	68.7	0.75
1098	chr8	67312775	67313654	CpG: 113	879	113	611	25.7	69.5	1.07
1107	chr8	68515143	68515349	CpG: 29	206	29	154	28.2	74.8	1.02
1112	chr8	69187402	69187907	CpG: 44	505	44	352	17.4	69.7	0.72
1113	chr8	69246253	69246898	CpG: 54	645	54	410	16.7	63.6	0.83
1113	chr8	69333299	69333506	CpG: 17	207	17	135	16.4	65.2	0.77
1113	chr8	69333685	69334129	CpG: 34	444	34	278	15.3	62.6	0.81
1115	chr8	69541183	69541601	CpG: 49	418	49	296	23.4	70.8	0.94
1117	chr8	69847984	69848211	CpG: 19	227	19	147	16.7	64.8	0.84
1117	chr8	69852041	69852420	CpG: 34	379	34	271	17.9	71.5	0.7
1119	chr8	70037294	70037811	CpG: 54	517	54	357	20.9	69.1	0.91
1119	chr8	70077825	70078214	CpG: 38	389	38	273	19.5	70.2	0.85
1119	chr8	70107095	70107733	CpG: 58	638	58	432	18.2	67.7	0.82
1120	chr8	70169126	70169560	CpG: 44	434	44	295	20.3	68	0.9
1120	chr8	70202281	70202606	CpG: 39	325	39	228	24	70.2	0.99
1120	chr8	70227261	70227605	CpG: 36	344	36	239	20.9	69.5	0.89
1120	chr8	70243666	70244417	CpG: 80	751	80	505	21.3	67.2	0.94
1121	chr8	70333559	70335996	CpG: 293	2437	293	1684	24	69.1	1.01
1121	chr8	70338656	70338943	CpG: 30	287	30	187	20.9	65.2	0.99
1121	chr8	70339939	70340176	CpG: 18	237	18	153	15.2	64.6	0.73
1121	chr8	70340524	70340790	CpG: 27	266	27	183	20.3	68.8	0.86
1121	chr8	70341631	70342187	CpG: 47	556	47	347	16.9	62.4	0.87
1121	chr8	70354114	70356122	CpG: 176	2008	176	1271	17.5	63.3	0.87
1122	chr8	70426310	70427403	CpG: 93	1093	93	657	17	60.1	0.94
1122	chr8	70448506	70449624	CpG: 101	1118	101	719	18.1	64.3	0.88
1122	chr8	70494753	70496030	CpG: 101	1277	101	760	15.8	59.5	0.89
1123	chr8	70525514	70525750	CpG: 21	236	21	143	17.8	60.6	0.97
1123	chr8	70536823	70537770	CpG: 70	947	70	583	14.8	61.6	0.78
1123	chr8	70539478	70539780	CpG: 32	302	32	194	21.2	64.2	1.04
1123	chr8	70540720	70541058	CpG: 37	338	37	231	21.9	68.3	0.94
1123	chr8	70564538	70565575	CpG: 83	1037	83	660	16	63.6	0.79
1123	chr8	70583952	70584193	CpG: 26	241	26	152	21.6	63.1	1.1
1123	chr8	70591866	70592552	CpG: 44	686	44	387	12.8	56.4	0.81
1123	chr8	70611149	70611382	CpG: 24	233	24	170	20.6	73	0.79
1124	chr8	70664453	70665485	CpG: 80	1032	80	619	15.5	60	0.87
1124	chr8	70686668	70687481	CpG: 74	813	74	515	18.2	63.3	0.91
1124	chr8	70735596	70736164	CpG: 69	568	69	421	24.3	74.1	0.92
1124	chr8	70754985	70755613	CpG: 52	628	52	366	16.6	58.3	0.98
1124	chr8	70768364	70768730	CpG: 46	366	46	272	25.1	74.3	0.92
1125	chr8	70782689	70782926	CpG: 24	237	24	167	20.3	70.5	0.84
1125	chr8	70783299	70784980	CpG: 122	1681	122	1005	14.5	59.8	0.81
1125	chr8	70805370	70806197	CpG: 94	827	94	509	22.7	61.5	1.21
1125	chr8	70826057	70826306	CpG: 24	249	24	179	19.3	71.9	0.75
1125	chr8	70827123	70828035	CpG: 82	912	82	628	18	68.9	0.77
1125	chr8	70828860	70829416	CpG: 46	556	46	361	16.5	64.9	0.79
1125	chr8	70891966	70892478	CpG: 61	512	61	308	23.8	60.2	1.32
1125	chr8	70904326	70905329	CpG: 88	1003	88	652	17.5	65	0.83
1126	chr8	70929259	70929715	CpG: 47	456	47	326	20.6	71.5	0.81
1126	chr8	70939820	70940157	CpG: 29	337	29	226	17.2	67.1	0.8
1126	chr8	70941007	70941402	CpG: 43	395	43	291	21.8	73.7	0.8
1126	chr8	70942131	70942549	CpG: 34	418	34	256	16.3	61.2	0.88
1126	chr8	70945774	70947001	CpG: 106	1227	106	827	17.3	67.4	0.77
1126	chr8	70958405	70958714	CpG: 27	309	27	196	17.5	63.4	0.87
1126	chr8	70959139	70959472	CpG: 31	333	31	227	18.6	68.2	0.81
1126	chr8	70962798	70963469	CpG: 81	671	81	448	24.1	66.8	1.09
1126	chr8	70975462	70975914	CpG: 44	452	44	296	19.5	65.5	0.92
1126	chr8	70980277	70980718	CpG: 49	441	49	299	22.2	67.8	1.04
1126	chr8	70991341	70992584	CpG: 86	1243	86	697	13.8	56.1	0.94
1127	chr8	71046997	71048171	CpG: 95	1174	95	733	16.2	62.4	0.83
1127	chr8	71050283	71051376	CpG: 103	1093	103	781	18.8	71.5	0.74
1127	chr8	71053936	71054223	CpG: 25	287	25	199	17.4	69.3	0.73
1127	chr8	71060707	71061074	CpG: 63	367	63	287	34.3	78.2	1.14
1127	chr8	71061902	71062504	CpG: 53	602	53	413	17.6	68.6	0.75
1127	chr8	71063809	71064454	CpG: 48	645	48	399	14.9	61.9	0.78
1127	chr8	71082340	71082808	CpG: 50	468	50	323	21.4	69	0.9
1127	chr8	71112088	71112504	CpG: 48	416	48	295	23.1	70.9	0.97
1127	chr8	71125707	71126356	CpG: 62	649	62	394	19.1	60.7	1.05
1127	chr8	71149239	71149465	CpG: 23	226	23	168	20.4	74.3	0.74
1127	chr8	71151328	71153055	CpG: 201	1727	201	1207	23.3	69.9	0.95
1127	chr8	71169465	71169669	CpG: 18	204	18	129	17.6	63.2	0.88
1128	chr8	71182741	71182948	CpG: 25	207	25	146	24.2	70.5	0.98
1128	chr8	71195786	71196245	CpG: 31	459	31	303	13.5	66	0.62
1128	chr8	71196661	71197240	CpG: 41	579	41	338	14.2	58.4	0.83
1128	chr8	71207551	71207909	CpG: 36	358	36	233	20.1	65.1	0.97
1128	chr8	71213304	71213895	CpG: 63	591	63	398	21.3	67.3	0.96
1128	chr8	71221096	71221546	CpG: 34	450	34	297	15.1	66	0.71
1128	chr8	71222141	71222394	CpG: 23	253	23	156	18.2	61.7	0.96
1128	chr8	71228916	71230049	CpG: 99	1133	99	676	17.5	59.7	0.98
1128	chr8	71232113	71232478	CpG: 30	365	30	249	16.4	68.2	0.71
1128	chr8	71240337	71240642	CpG: 23	305	23	192	15.1	63	0.76
1128	chr8	71244794	71245375	CpG: 58	581	58	400	20	68.8	0.85
1128	chr8	71249460	71250603	CpG: 93	1143	93	732	16.3	64	0.82
1128	chr8	71256529	71256826	CpG: 30	297	30	208	20.2	70	0.87
1128	chr8	71257456	71257833	CpG: 35	377	35	259	18.6	68.7	0.82
1128	chr8	71269464	71269673	CpG: 24	209	24	141	23	67.5	1.02
1128	chr8	71291650	71292726	CpG: 86	1076	86	612	16	56.9	0.99
1128	chr8	71295227	71295475	CpG: 22	248	22	163	17.7	65.7	0.84
1129	chr8	71305273	71305693	CpG: 38	420	38	267	18.1	63.6	0.9
1129	chr8	71309401	71309664	CpG: 26	263	26	186	19.8	70.7	0.85
1129	chr8	71315625	71315884	CpG: 33	259	33	185	25.5	71.4	1
1129	chr8	71318105	71318597	CpG: 42	492	42	330	17.1	67.1	0.77
1129	chr8	71321093	71321736	CpG: 46	643	46	410	14.3	63.8	0.71
1129	chr8	71325917	71326201	CpG: 38	284	38	203	26.8	71.5	1.11
1129	chr8	71344761	71345531	CpG: 78	770	78	535	20.3	69.5	0.84
1129	chr8	71349746	71350315	CpG: 58	569	58	357	20.4	62.7	1.04
1129	chr8	71358553	71359288	CpG: 68	735	68	467	18.5	63.5	0.95
1129	chr8	71365641	71367393	CpG: 122	1752	122	1141	13.9	65.1	0.66
1132	chr8	71724931	71725772	CpG: 83	841	83	570	19.7	67.8	0.88
1132	chr8	71819463	71820121	CpG: 54	658	54	372	16.4	56.5	1.03
1132	chr8	71823911	71824557	CpG: 76	646	76	464	23.5	71.8	0.91
1133	chr8	71828379	71828916	CpG: 67	537	67	388	25	72.3	0.96
1133	chr8	71832936	71834910	CpG: 211	1974	211	1309	21.4	66.3	0.97
1133	chr8	71849500	71849789	CpG: 25	289	25	179	17.3	61.9	0.9
1133	chr8	71858547	71859065	CpG: 50	518	50	355	19.3	68.5	0.85
1133	chr8	71914085	71914552	CpG: 43	467	43	316	18.4	67.7	0.81
1133	chr8	71915751	71916417	CpG: 51	666	51	408	15.3	61.3	0.82
1133	chr8	71917960	71918231	CpG: 31	271	31	174	22.9	64.2	1.12
1133	chr8	71921595	71922356	CpG: 72	761	72	483	18.9	63.5	0.95
1133	chr8	71928798	71929461	CpG: 101	663	101	520	30.5	78.4	1
1133	chr8	71933646	71934362	CpG: 51	716	51	443	14.2	61.9	0.75
1133	chr8	71938204	71938671	CpG: 46	467	46	337	19.7	72.2	0.77
1133	chr8	71940425	71940634	CpG: 20	209	20	137	19.1	65.6	0.9
1133	chr8	71941334	71942140	CpG: 67	806	67	523	16.6	64.9	0.8
1134	chr8	71960227	71960714	CpG: 48	487	48	284	19.7	58.3	1.17
1134	chr8	71964161	71964393	CpG: 19	232	19	146	16.4	62.9	0.85
1134	chr8	71978129	71978475	CpG: 35	346	35	245	20.2	70.8	0.81
1134	chr8	71995368	71995931	CpG: 53	563	53	362	18.8	64.3	0.92
1134	chr8	72011144	72011617	CpG: 54	473	54	329	22.8	69.6	0.95
1134	chr8	72015264	72015704	CpG: 49	440	49	309	22.3	70.2	0.91
1134	chr8	72022218	72022608	CpG: 35	390	35	260	17.9	66.7	0.86
1134	chr8	72023181	72023523	CpG: 31	342	31	221	18.1	64.6	0.93
1134	chr8	72036807	72037623	CpG: 64	816	64	487	15.7	59.7	0.88
1134	chr8	72044602	72045450	CpG: 101	848	101	600	23.8	70.8	0.96
1134	chr8	72048553	72048892	CpG: 27	339	27	226	15.9	66.7	0.72
1134	chr8	72054768	72055587	CpG: 82	819	82	566	20	69.1	0.85
1134	chr8	72063578	72064195	CpG: 71	617	71	398	23	64.5	1.11
1134	chr8	72081659	72082482	CpG: 78	823	78	563	19	68.4	0.81
1135	chr8	72107406	72107762	CpG: 29	356	29	223	16.3	62.6	0.84
1135	chr8	72113049	72113289	CpG: 18	240	18	154	15	64.2	0.73
1135	chr8	72123162	72124417	CpG: 96	1255	96	792	15.3	63.1	0.77
1135	chr8	72132219	72132616	CpG: 37	397	37	269	18.6	67.8	0.83
1135	chr8	72138380	72138744	CpG: 36	364	36	239	19.8	65.7	0.92
1135	chr8	72141790	72142145	CpG: 38	355	38	253	21.4	71.3	0.84
1135	chr8	72145318	72146387	CpG: 96	1069	96	676	18	63.2	0.9
1135	chr8	72154094	72154407	CpG: 25	313	25	199	16	63.6	0.79
1135	chr8	72162226	72162465	CpG: 18	239	18	157	15.1	65.7	0.7
1135	chr8	72178145	72178390	CpG: 27	245	27	148	22	60.4	1.22
1139	chr8	72635842	72636201	CpG: 34	359	34	251	18.9	69.9	0.78
1139	chr8	72662515	72662722	CpG: 24	207	24	145	23.2	70	0.97
1139	chr8	72676462	72677046	CpG: 49	584	49	375	16.8	64.2	0.82
1139	chr8	72704843	72705139	CpG: 29	296	29	192	19.6	64.9	0.94
1141	chr8	72888900	72889683	CpG: 78	783	78	516	19.9	65.9	0.92
1141	chr8	72914689	72915506	CpG: 70	817	70	534	17.1	65.4	0.8
1141	chr8	72973519	72973906	CpG: 30	387	30	245	15.5	63.3	0.78
1141	chr8	72993858	72994483	CpG: 52	625	52	405	16.6	64.8	0.8
1142	chr8	73072566	73074002	CpG: 136	1436	136	919	18.9	64	0.93
1143	chr8	73174688	73175660	CpG: 108	972	108	659	22.2	67.8	0.97
1143	chr8	73197481	73197724	CpG: 21	243	21	147	17.3	60.5	0.95
1143	chr8	73228552	73229370	CpG: 89	818	89	537	21.8	65.6	1.01
1143	chr8	73245873	73246894	CpG: 130	1021	130	666	25.5	65.2	1.2
1144	chr8	73301324	73302908	CpG: 130	1584	130	973	16.4	61.4	0.88
1144	chr8	73324577	73325172	CpG: 41	595	41	357	13.8	60	0.78
1144	chr8	73325753	73326023	CpG: 27	270	27	195	20	72.2	0.77
1145	chr8	73449844	73450635	CpG: 78	791	78	530	19.7	67	0.9
1145	chr8	73476370	73476849	CpG: 34	479	34	295	14.2	61.6	0.75
1150	chr8	74079213	74080539	CpG: 122	1326	122	841	18.4	63.4	0.92
1162	chr8	75720180	75720781	CpG: 80	601	80	423	26.6	70.4	1.08
1163	chr8	75760163	75760972	CpG: 74	809	74	542	18.3	67	0.82
1163	chr8	75820144	75820407	CpG: 25	263	25	173	19	65.8	0.88
1163	chr8	75835936	75836539	CpG: 55	603	55	369	18.2	61.2	0.97
1164	chr8	75939416	75940696	CpG: 136	1280	136	882	21.2	68.9	0.9
1177	chr8	77625738	77627380	CpG: 134	1642	134	1072	16.3	65.3	0.76
1177	chr8	77628565	77628875	CpG: 23	310	23	198	14.8	63.9	0.73
1179	chr8	77912542	77912794	CpG: 24	252	24	162	19	64.3	0.93
1181	chr8	78243909	78245064	CpG: 95	1155	95	673	16.5	58.3	0.97
1182	chr8	78275962	78276256	CpG: 36	294	36	213	24.5	72.4	0.93
1182	chr8	78336917	78337150	CpG: 27	233	27	155	23.2	66.5	1.05
1188	chr8	79161424	79162489	CpG: 78	1065	78	596	14.6	56	0.94
1188	chr8	79162904	79163109	CpG: 23	205	23	140	22.4	68.3	0.96
1188	chr8	79163849	79164063	CpG: 17	214	17	141	15.9	65.9	0.74
1189	chr8	79235138	79236418	CpG: 143	1280	143	863	22.3	67.4	0.98
1191	chr8	79547357	79547876	CpG: 55	519	55	315	21.2	60.7	1.18
1193	chr8	79755769	79757460	CpG: 163	1691	163	1047	19.3	61.9	1.01
1194	chr8	79839193	79839400	CpG: 16	207	16	137	15.5	66.2	0.95
1195	chr8	80021097	80021941	CpG: 72	844	72	526	17.1	62.3	0.9
1196	chr8	80124984	80126211	CpG: 116	1227	116	724	18.9	59	1.09
1198	chr8	80365634	80366922	CpG: 165	1288	165	898	25.6	69.7	1.05
1198	chr8	80437933	80438559	CpG: 67	626	67	402	21.4	64.2	1.04
1201	chr8	80784031	80784258	CpG: 16	227	16	147	14.1	64.8	0.67
1201	chr8	80784523	80784921	CpG: 37	398	37	249	18.6	62.6	0.95
1205	chr8	81337896	81338155	CpG: 20	259	20	158	15.4	61	0.83
1206	chr8	81465049	81466599	CpG: 157	1550	157	967	20.3	62.4	1.04
1207	chr8	81606004	81607348	CpG: 152	1344	152	952	22.6	70.8	0.9
1208	chr8	81740593	81741950	CpG: 110	1357	110	856	16.2	63.1	0.81
1222	chr8	83500575	83500865	CpG: 36	290	36	204	24.8	70.3	1.01
1222	chr8	83590069	83591199	CpG: 99	1130	99	718	17.5	63.5	0.87
1225	chr8	83892065	83892906	CpG: 97	841	97	581	23.1	69.1	0.97
1226	chr8	84058554	84059348	CpG: 89	794	89	538	22.4	67.8	0.98
1226	chr8	84116361	84116681	CpG: 38	320	38	230	23.8	71.9	0.92
1227	chr8	84168818	84169379	CpG: 63	561	63	390	22.5	69.5	0.94
1228	chr8	84293261	84293757	CpG: 42	496	42	324	16.9	65.3	0.8
1228	chr8	84321027	84321380	CpG: 28	353	28	225	15.9	63.7	0.82
1228	chr8	84334547	84335441	CpG: 103	894	103	584	23	65.3	1.09
1228	chr8	84348980	84349199	CpG: 21	219	21	140	19.2	63.9	0.98
1228	chr8	84379179	84379485	CpG: 44	306	44	236	28.8	77.1	0.98
1228	chr8	84394679	84395407	CpG: 74	728	74	490	20.3	67.3	0.9
1229	chr8	84425160	84425968	CpG: 82	808	82	559	20.3	69.2	0.85
1229	chr8	84441618	84442436	CpG: 80	818	80	524	19.6	64.1	0.96
1229	chr8	84467645	84468108	CpG: 48	463	48	329	20.7	71.1	0.82
1230	chr8	84601592	84602071	CpG: 54	479	54	341	22.5	71.2	0.89
1230	chr8	84602933	84603137	CpG: 26	204	26	150	25.5	73.5	0.95
1230	chr8	84626470	84627876	CpG: 178	1406	178	1019	25.3	72.5	0.96
1231	chr8	84681821	84682821	CpG: 87	1000	87	622	17.4	62.2	0.9
1231	chr8	84698970	84699911	CpG: 116	941	116	706	24.7	75	0.88
1231	chr8	84723398	84725305	CpG: 247	1907	247	1163	25.9	61	1.39
1231	chr8	84727925	84728448	CpG: 58	523	58	382	22.2	73	0.83
1231	chr8	84737762	84739385	CpG: 141	1623	141	1027	17.4	63.3	0.87
1231	chr8	84747813	84748015	CpG: 17	202	17	136	16.8	67.3	0.74
1231	chr8	84752598	84752896	CpG: 34	298	34	201	22.8	67.4	1.01
1231	chr8	84768938	84769282	CpG: 28	344	28	231	16.3	67.2	0.73
1231	chr8	84792765	84794096	CpG: 134	1331	134	880	20.1	66.1	0.93
1232	chr8	84821369	84821625	CpG: 21	256	21	166	16.4	64.8	0.79
1232	chr8	84857347	84857776	CpG: 36	429	36	286	16.8	66.7	0.76
1232	chr8	84874396	84874744	CpG: 34	348	34	223	19.5	64.1	0.96
1232	chr8	84910221	84910817	CpG: 88	596	88	465	29.5	78	0.97
1232	chr8	84919278	84919541	CpG: 32	263	32	187	24.3	71.1	1.01
1232	chr8	84924019	84924493	CpG: 35	474	35	303	14.8	63.9	0.72
1232	chr8	84925053	84925313	CpG: 22	260	22	187	16.9	71.9	0.66
1232	chr8	84927371	84927737	CpG: 48	366	48	254	26.2	69.4	1.13
1233	chr8	84963383	84964058	CpG: 62	675	62	454	18.4	67.3	0.81
1233	chr8	84975970	84976460	CpG: 42	490	42	301	17.1	61.4	0.92
1233	chr8	84983513	84983997	CpG: 53	484	53	333	21.9	68.8	0.93
1233	chr8	84996864	84997091	CpG: 24	227	24	157	21.1	69.2	0.92
1234	chr8	85140891	85142449	CpG: 141	1558	141	922	18.1	59.2	1.03
1235	chr8	85285679	85286313	CpG: 107	634	107	482	33.8	76	1.17
1236	chr8	85343705	85343958	CpG: 19	253	19	169	15	66.8	0.68
1236	chr8	85365296	85366573	CpG: 136	1277	136	746	21.3	58.4	1.25
1236	chr8	85383383	85383614	CpG: 18	231	18	145	15.6	62.8	0.79
1236	chr8	85388552	85389496	CpG: 90	944	90	614	19.1	65	0.9
1236	chr8	85390627	85391013	CpG: 31	386	31	229	16.1	59.3	0.91
1236	chr8	85413894	85414583	CpG: 83	689	83	528	24.1	76.6	0.84
1236	chr8	85416248	85416621	CpG: 34	373	34	231	18.2	61.9	0.95
1236	chr8	85428186	85428529	CpG: 24	343	24	231	14	67.3	0.62
1236	chr8	85430546	85430847	CpG: 30	301	30	207	19.9	68.8	0.84
1236	chr8	85431965	85432565	CpG: 52	600	52	402	17.3	67	0.83
1236	chr8	85433349	85433688	CpG: 28	339	28	206	16.5	60.8	0.93
1236	chr8	85442738	85442996	CpG: 21	258	21	158	16.3	61.2	0.88
1237	chr8	85498609	85499003	CpG: 33	394	33	247	16.8	62.7	0.86
1237	chr8	85510850	85511540	CpG: 62	690	62	447	18	64.8	0.86
1237	chr8	85525815	85526843	CpG: 159	1028	159	787	30.9	76.6	1.07
1237	chr8	85558773	85559347	CpG: 53	574	53	369	18.5	64.3	0.9
1237	chr8	85566881	85567364	CpG: 53	483	53	348	21.9	72	0.85
1237	chr8	85573154	85574018	CpG: 66	864	66	530	15.3	61.3	0.81
1237	chr8	85583527	85583852	CpG: 31	325	31	208	19.1	64	0.94
1238	chr8	85598800	85599525	CpG: 56	725	56	394	15.4	54.3	1.06
1238	chr8	85629302	85630252	CpG: 83	950	83	621	17.5	65.4	0.82
1238	chr8	85635149	85635843	CpG: 49	694	49	423	14.1	61	0.76
1238	chr8	85639166	85640075	CpG: 72	909	72	555	15.8	61.1	0.86
1238	chr8	85650391	85650659	CpG: 23	268	23	172	17.2	64.2	0.84
1238	chr8	85655336	85656044	CpG: 49	708	49	426	13.8	60.2	0.78
1238	chr8	85663649	85663886	CpG: 22	237	22	164	18.6	69.2	0.78
1238	chr8	85672359	85672690	CpG: 35	331	35	239	21.1	72.2	0.81
1238	chr8	85692455	85692785	CpG: 34	330	34	208	20.6	63	1.07
1238	chr8	85696038	85696388	CpG: 34	350	34	234	19.4	66.9	0.89
1238	chr8	85702800	85705540	CpG: 215	2740	215	1743	15.7	63.6	0.78
1238	chr8	85706879	85707119	CpG: 24	240	24	186	20	77.5	0.67
1238	chr8	85712574	85712911	CpG: 41	337	41	231	24.3	68.5	1.05
1238	chr8	85717176	85717428	CpG: 25	252	25	181	19.8	71.8	0.82
1239	chr8	85734240	85734585	CpG: 30	345	30	235	17.4	68.1	0.75
1239	chr8	85737786	85738171	CpG: 35	385	35	239	18.2	62.1	0.94
1239	chr8	85753453	85754014	CpG: 64	561	64	402	22.8	71.7	0.9
1239	chr8	85763407	85764938	CpG: 117	1531	117	969	15.3	63.3	0.81
1239	chr8	85786662	85787144	CpG: 49	482	49	314	20.3	65.1	0.96
1239	chr8	85798297	85798765	CpG: 59	468	59	330	25.2	70.5	1.01
1239	chr8	85806931	85807233	CpG: 32	302	32	198	21.2	65.6	0.99
1239	chr8	85809871	85810142	CpG: 24	271	24	176	17.7	64.9	0.86
1241	chr8	86025685	86026742	CpG: 100	1057	100	690	18.9	65.3	0.89
1242	chr8	86158862	86159627	CpG: 63	765	63	423	16.5	55.3	1.08
1242	chr8	86219159	86219845	CpG: 64	686	64	476	18.7	69.4	0.79
1243	chr8	86281475	86282301	CpG: 103	826	103	554	24.9	67.1	1.11
1244	chr8	86426771	86427684	CpG: 123	913	123	633	26.9	69.3	1.12
1245	chr8	86567167	86567623	CpG: 56	456	56	330	24.6	72.4	0.94
1251	chr8	87350511	87351207	CpG: 62	696	62	469	17.8	67.4	0.79
1252	chr8	87471953	87473004	CpG: 148	1051	148	760	28.2	72.3	1.08
1253	chr8	87611227	87612038	CpG: 100	811	100	532	24.7	65.6	1.15
1254	chr8	87764667	87765015	CpG: 39	348	39	243	22.4	69.8	0.92
1257	chr8	88195396	88195753	CpG: 35	357	35	207	19.6	58	1.17
1257	chr8	88196720	88197710	CpG: 71	990	71	571	14.3	57.7	0.86
1257	chr8	88198807	88200315	CpG: 155	1508	155	961	20.6	63.7	1.01
1259	chr8	88386798	88387300	CpG: 34	502	34	313	13.5	62.4	0.7
1259	chr8	88389055	88389659	CpG: 44	604	44	357	14.6	59.1	0.84
1260	chr8	88507392	88507840	CpG: 34	448	34	280	15.2	62.5	0.78
1260	chr8	88509630	88509944	CpG: 22	314	22	190	14	60.5	0.78
1261	chr8	88670346	88670710	CpG: 40	364	40	269	22	73.9	0.8
1261	chr8	88685056	88689423	CpG: 308	4367	308	2537	14.1	58.1	0.84
1262	chr8	88845455	88845697	CpG: 29	242	29	165	24	68.2	1.04
1262	chr8	88864453	88865139	CpG: 73	686	73	445	21.3	64.9	1.01
1263	chr8	88925611	88927203	CpG: 156	1592	156	879	19.6	55.2	1.29
1264	chr8	88998956	88999482	CpG: 56	526	56	381	21.3	72.4	0.82
1264	chr8	89088227	89088983	CpG: 94	756	94	517	24.9	68.4	1.07
1265	chr8	89180681	89181281	CpG: 73	600	73	431	24.3	71.8	0.95
1265	chr8	89247909	89248418	CpG: 71	509	71	362	27.9	71.1	1.11
1266	chr8	89353726	89354444	CpG: 109	718	109	518	30.4	72.1	1.17
1267	chr8	89423573	89424074	CpG: 60	501	60	364	24	72.7	0.91
1269	chr8	89733100	89733397	CpG: 32	297	32	199	21.5	67	0.96
1269	chr8	89752188	89752625	CpG: 42	437	42	294	19.2	67.3	0.86
1269	chr8	89767635	89770973	CpG: 243	3338	243	1919	14.6	57.5	0.88
1269	chr8	89771835	89772217	CpG: 32	382	32	206	16.8	53.9	1.21
1279	chr8	91074336	91075348	CpG: 111	1012	111	624	21.9	61.7	1.16
1283	chr8	91555314	91555610	CpG: 25	296	25	203	16.9	68.6	0.72
1284	chr8	91634435	91636075	CpG: 172	1640	172	1140	21	69.5	0.87
1285	chr8	91796621	91797135	CpG: 51	514	51	353	19.8	68.7	0.84
1285	chr8	91860061	91860850	CpG: 59	789	59	470	15	59.6	0.84
1287	chr8	92039833	92040415	CpG: 48	582	48	365	16.5	62.7	0.87
1290	chr8	92524305	92524674	CpG: 30	369	30	233	16.3	63.1	0.87
1290	chr8	92526313	92528830	CpG: 196	2517	196	1437	15.6	57.1	0.96
1290	chr8	92531995	92532270	CpG: 27	275	27	187	19.6	68	0.85
1295	chr8	93082325	93087454	CpG: 402	5129	402	3180	15.7	62	0.82
1295	chr8	93092194	93092518	CpG: 25	324	25	186	15.4	57.4	0.95
1295	chr8	93186924	93187707	CpG: 93	783	93	502	23.8	64.1	1.17
1297	chr8	93400930	93401373	CpG: 47	443	47	303	21.2	68.4	0.91
1298	chr8	93554083	93554376	CpG: 27	293	27	200	18.4	68.3	0.8
1298	chr8	93581898	93582271	CpG: 41	373	41	263	22	70.5	0.89
1299	chr8	93687035	93688042	CpG: 78	1007	78	661	15.5	65.6	0.72
1306	chr8	94536967	94538144	CpG: 123	1177	123	754	20.9	64.1	1.03
1307	chr8	94738273	94739574	CpG: 135	1301	135	811	20.8	62.3	1.07
1307	chr8	94763248	94763742	CpG: 49	494	49	314	19.8	63.6	0.99
1307	chr8	94763875	94764156	CpG: 21	281	21	177	14.9	63	0.79
1308	chr8	94824771	94825277	CpG: 48	506	48	337	19	66.6	0.87
1309	chr8	94898957	94899473	CpG: 50	516	50	340	19.4	65.9	0.89
1309	chr8	94905524	94906183	CpG: 50	659	50	375	15.2	56.9	0.94
1309	chr8	94941280	94941642	CpG: 31	362	31	234	17.1	64.6	0.82
1310	chr8	95112806	95113391	CpG: 62	585	62	401	21.2	68.5	0.91
1311	chr8	95160883	95161089	CpG: 21	206	21	132	20.4	64.1	1
1311	chr8	95259266	95260258	CpG: 112	992	112	723	22.6	72.9	0.85
1312	chr8	95327732	95329150	CpG: 115	1418	115	893	16.2	63	0.82
1312	chr8	95393216	95393887	CpG: 70	671	70	457	20.9	68.1	0.9
1313	chr8	95422453	95422877	CpG: 45	424	45	288	21.2	67.9	0.92
1313	chr8	95498655	95498934	CpG: 26	279	26	193	18.6	69.2	0.8
1314	chr8	95564650	95565306	CpG: 77	656	77	453	23.5	69.1	0.99
1314	chr8	95584055	95584733	CpG: 59	678	59	408	17.4	60.2	0.96
1314	chr8	95602575	95602924	CpG: 39	349	39	244	22.3	69.9	0.92
1314	chr8	95639693	95640395	CpG: 84	702	84	494	23.9	70.4	0.97
1314	chr8	95644123	95644874	CpG: 77	751	77	549	20.5	73.1	0.77
1315	chr8	95807505	95807777	CpG: 23	272	23	153	16.9	56.2	1.12
1315	chr8	95807983	95808205	CpG: 16	222	16	149	14.4	67.1	0.74
1316	chr8	95868909	95869309	CpG: 53	400	53	306	26.5	76.5	0.92
1317	chr8	96047128	96047385	CpG: 18	257	18	164	14	63.8	0.69
1317	chr8	96054438	96055561	CpG: 94	1123	94	716	16.7	63.8	0.83
1317	chr8	96058165	96059125	CpG: 110	960	110	673	22.9	70.1	0.93
1318	chr8	96078769	96080105	CpG: 131	1336	131	916	19.6	68.6	0.83
1318	chr8	96161036	96161715	CpG: 71	679	71	459	20.9	67.6	0.92
1319	chr8	96214796	96215586	CpG: 119	790	119	602	30.1	76.2	1.06
1320	chr8	96360097	96360517	CpG: 44	420	44	288	21	68.6	0.9
1320	chr8	96404147	96405221	CpG: 124	1074	124	787	23.1	73.3	0.87
1320	chr8	96442427	96443040	CpG: 71	613	71	443	23.2	72.3	0.89
1321	chr8	96533245	96534766	CpG: 142	1521	142	978	18.7	64.3	0.92
1321	chr8	96551996	96552211	CpG: 27	215	27	143	25.1	66.5	1.14
1322	chr8	96614728	96615142	CpG: 34	414	34	276	16.4	66.7	0.77
1322	chr8	96678569	96678778	CpG: 16	209	16	120	15.3	57.4	0.94
1349	chr8	100142127	100143358	CpG: 92	1231	92	760	14.9	61.7	0.79
1374	chr8	103510943	103511180	CpG: 22	237	22	156	18.6	65.8	0.86
1374	chr8	103511510	103511981	CpG: 47	471	47	321	20	68.2	0.86
1384	chr8	104730512	104730734	CpG: 14	222	14	127	12.6	57.2	0.8
1385	chr8	104869135	104869493	CpG: 30	358	30	223	16.8	62.3	0.87
1385	chr8	104897147	104897895	CpG: 81	748	81	440	21.7	58.8	1.26
1385	chr8	104977482	104977890	CpG: 33	408	33	258	16.2	63.2	0.83
1386	chr8	105067136	105067855	CpG: 59	719	59	482	16.4	67	0.73
1387	chr8	105121685	105121896	CpG: 16	211	16	137	15.2	64.9	0.72
1387	chr8	105121975	105122679	CpG: 102	704	102	557	29	79.1	0.93
1387	chr8	105169057	105169694	CpG: 72	637	72	448	22.6	70.3	0.93
1387	chr8	105235891	105236578	CpG: 57	687	57	482	16.6	70.2	0.7
1388	chr8	105260722	105261341	CpG: 69	619	69	434	22.3	70.1	0.91
1388	chr8	105267499	105267948	CpG: 51	449	51	322	22.7	71.7	0.89
1388	chr8	105318129	105318466	CpG: 31	337	31	223	18.4	66.2	0.87
1388	chr8	105357222	105357597	CpG: 36	375	36	258	19.2	68.8	0.81
1388	chr8	105368072	105368690	CpG: 55	618	55	369	17.8	59.7	1
1392	chr8	105897023	105898405	CpG: 157	1382	157	902	22.7	65.3	1.09
1393	chr8	105938997	105939460	CpG: 30	463	30	277	13	59.8	0.84
1393	chr8	105951699	105952049	CpG: 37	350	37	239	21.1	68.3	0.91
1393	chr8	105980835	105981367	CpG: 67	532	67	376	25.2	70.7	1.01
1393	chr8	105985627	105986570	CpG: 74	943	74	601	15.7	63.7	0.78
1393	chr8	105991032	105991308	CpG: 34	276	34	196	24.6	71	1
1393	chr8	105994744	105996628	CpG: 141	1884	141	1168	15	62	0.78
1393	chr8	106002949	106003169	CpG: 19	220	19	148	17.3	67.3	0.83
1393	chr8	106005551	106005786	CpG: 19	235	19	148	16.2	63	0.82
1393	chr8	106016012	106017220	CpG: 100	1208	100	756	16.6	62.6	0.85
1393	chr8	106019941	106020200	CpG: 19	259	19	176	14.7	68	0.64
1393	chr8	106024183	106024613	CpG: 48	430	48	308	22.3	71.6	0.88
1394	chr8	106052666	106053306	CpG: 49	640	49	400	15.3	62.5	0.79
1394	chr8	106074182	106074797	CpG: 50	615	50	405	16.3	65.9	0.75
1394	chr8	106075378	106076304	CpG: 65	926	65	557	14	60.2	0.79
1394	chr8	106101236	106101776	CpG: 44	540	44	359	16.3	66.5	0.75
1394	chr8	106140100	106140351	CpG: 31	251	31	191	24.7	76.1	0.9
1395	chr8	106197996	106198238	CpG: 18	242	18	159	14.9	65.7	0.71
1395	chr8	106223208	106223797	CpG: 63	589	63	416	21.4	70.6	0.86
1395	chr8	106245361	106245949	CpG: 45	588	45	344	15.3	58.5	0.9
1395	chr8	106292143	106293552	CpG: 101	1409	101	812	14.3	57.6	0.86
1396	chr8	106331904	106332182	CpG: 37	278	37	200	26.6	71.9	1.04
1396	chr8	106340564	106341164	CpG: 52	600	52	424	17.3	70.7	0.7
1396	chr8	106362562	106364230	CpG: 167	1668	167	1017	20	61	1.08
1396	chr8	106420446	106420869	CpG: 51	423	51	319	24.1	75.4	0.87
1396	chr8	106427338	106428421	CpG: 77	1083	77	645	14.2	59.6	0.8
1397	chr8	106430952	106431218	CpG: 19	266	19	168	14.3	63.2	0.72
1397	chr8	106434196	106434777	CpG: 49	581	49	400	16.9	68.8	0.72
1397	chr8	106484853	106485356	CpG: 52	503	52	344	20.7	68.4	0.88
1398	chr8	106578484	106578696	CpG: 24	212	24	128	22.6	60.4	1.28
1398	chr8	106581412	106582587	CpG: 111	1175	111	712	18.9	60.6	1.03
1398	chr8	106587093	106587771	CpG: 63	678	63	462	18.6	68.1	0.8
1398	chr8	106607466	106607911	CpG: 39	445	39	275	17.5	61.8	0.97
1398	chr8	106626927	106627515	CpG: 64	588	64	417	21.8	70.9	0.87
174	chr8	106692274	106692868	CpG: 76	594	76	440	25.6	74.1	0.94
1399	chr8	106705690	106706181	CpG: 34	491	34	313	13.8	63.7	0.69
1399	chr8	106737540	106738165	CpG: 64	625	64	415	20.5	66.4	0.93
1399	chr8	106786295	106786847	CpG: 73	552	73	393	26.4	71.2	1.05
1400	chr8	106862547	106863768	CpG: 97	1221	97	785	15.9	64.3	0.77
1400	chr8	106876861	106877159	CpG: 26	298	26	187	17.4	62.8	0.9
1400	chr8	106889588	106889831	CpG: 18	243	18	141	14.8	58	0.88
1400	chr8	106895323	106895800	CpG: 56	477	56	299	23.5	62.7	1.23
1400	chr8	106937110	106938152	CpG: 104	1042	104	676	20	64.9	0.95
1401	chr8	107063222	107063559	CpG: 41	337	41	234	24.3	69.4	1.03
1401	chr8	107064452	107064742	CpG: 35	290	35	207	24.1	71.4	0.95
1402	chr8	107141887	107142190	CpG: 31	303	31	201	20.5	66.3	0.95
1403	chr8	107234374	107234598	CpG: 20	224	20	136	17.9	60.7	0.97
1403	chr8	107238014	107238330	CpG: 26	316	26	199	16.5	63	0.83
1403	chr8	107329925	107330656	CpG: 63	731	63	484	17.2	66.2	0.8
1404	chr8	107409634	107410138	CpG: 45	504	45	339	17.9	67.3	0.79
1405	chr8	107597265	107597669	CpG: 40	404	40	245	19.8	60.6	1.08
1406	chr8	107619640	107620542	CpG: 105	902	105	606	23.3	67.2	1.06
1406	chr8	107662047	107663372	CpG: 137	1325	137	914	20.7	69	0.87
1407	chr8	107757602	107758567	CpG: 102	965	102	707	21.1	73.3	0.81
1407	chr8	107764633	107764836	CpG: 20	203	20	133	19.7	65.5	0.93
1407	chr8	107774671	107775434	CpG: 84	763	84	519	22	68	0.96
1407	chr8	107782823	107783965	CpG: 117	1142	117	742	20.5	65	0.97
1407	chr8	107822583	107823229	CpG: 72	646	72	434	22.3	67.2	1.02
1408	chr8	107877145	107877643	CpG: 55	498	55	335	22.1	67.3	1.01
1409	chr8	108019939	108021152	CpG: 115	1213	115	813	19	67	0.85
1410	chr8	108151246	108151824	CpG: 50	578	50	376	17.3	65.1	0.83
1410	chr8	108162832	108163386	CpG: 76	554	76	432	27.4	78	0.93
1410	chr8	108165868	108166171	CpG: 24	303	24	174	15.8	57.4	0.96
1411	chr8	108314570	108315161	CpG: 65	591	65	411	22	69.5	0.92
1415	chr8	108901799	108902063	CpG: 21	264	21	139	15.9	52.7	1.17
1419	chr8	109430525	109431649	CpG: 140	1124	140	711	24.9	63.3	1.25
1419	chr8	109441099	109442011	CpG: 88	912	88	606	19.3	66.4	0.88
1420	chr8	109518895	109519383	CpG: 37	488	37	333	15.2	68.2	0.65
1420	chr8	109526830	109527042	CpG: 17	212	17	133	16	62.7	0.82
1421	chr8	109673719	109674057	CpG: 23	338	23	216	13.6	63.9	0.67
1421	chr8	109676791	109677099	CpG: 24	308	24	185	15.6	60.1	0.87
1421	chr8	109677487	109677824	CpG: 26	337	26	195	15.4	57.9	0.92
1421	chr8	109683204	109683656	CpG: 32	452	32	247	14.2	54.6	0.98
1424	chr8	110067319	110067538	CpG: 20	219	20	137	18.3	62.6	0.95
1426	chr8	110292047	110292622	CpG: 51	575	51	340	17.7	59.1	1.02
1426	chr8	110335090	110335418	CpG: 32	328	32	207	19.5	63.1	0.98
1427	chr8	110419383	110420372	CpG: 82	989	82	626	16.6	63.3	0.83
1427	chr8	110431972	110432739	CpG: 84	767	84	464	21.9	60.5	1.2
1427	chr8	110450772	110451051	CpG: 22	279	22	169	15.8	60.6	0.88
1427	chr8	110463913	110464509	CpG: 45	596	45	376	15.1	63.1	0.76
1428	chr8	110505154	110505991	CpG: 90	837	90	585	21.5	69.9	0.88
1428	chr8	110595069	110595911	CpG: 107	842	107	643	25.4	76.4	0.87
1429	chr8	110674741	110675218	CpG: 34	477	34	291	14.3	61	0.77
1429	chr8	110688357	110688921	CpG: 63	564	63	393	22.3	69.7	0.92
1430	chr8	110806329	110806760	CpG: 43	431	43	293	20	68	0.88
1431	chr8	110944310	110944760	CpG: 44	450	44	302	19.6	67.1	0.88
1432	chr8	111092069	111092275	CpG: 17	206	17	126	16.5	61.2	0.88
1434	chr8	111345151	111345711	CpG: 61	560	61	386	21.8	68.9	0.93
1435	chr8	111447925	111448474	CpG: 79	549	79	423	28.8	77	0.99
1435	chr8	111465031	111465248	CpG: 18	217	18	159	16.6	73.3	0.7
1435	chr8	111465414	111465731	CpG: 26	317	26	221	16.4	69.7	0.68
1436	chr8	111573047	111573436	CpG: 35	389	35	238	18	61.2	0.98
1436	chr8	111573628	111573923	CpG: 22	295	22	185	14.9	62.7	0.77
1436	chr8	111628966	111629178	CpG: 22	212	22	141	20.8	66.5	0.95
1436	chr8	111646579	111646928	CpG: 35	349	35	231	20.1	66.2	0.93
1437	chr8	111696738	111697110	CpG: 31	372	31	230	16.7	61.8	0.87
1437	chr8	111724133	111724515	CpG: 45	382	45	255	23.6	66.8	1.09
1437	chr8	111754277	111754529	CpG: 26	252	26	169	20.6	67.1	0.92
1437	chr8	111760468	111760776	CpG: 25	308	25	204	16.2	66.2	0.77
1437	chr8	111782849	111783927	CpG: 125	1078	125	735	23.2	68.2	1
1438	chr8	111820945	111821763	CpG: 118	818	118	603	28.9	73.7	1.06
1438	chr8	111871821	111872642	CpG: 108	821	108	592	26.3	72.1	1.01
1439	chr8	111985006	111986013	CpG: 82	1007	82	591	16.3	58.7	0.95
1439	chr8	112026137	112027109	CpG: 87	972	87	583	17.9	60	1.01
1439	chr8	112064510	112064743	CpG: 23	233	23	149	19.7	63.9	0.99
1440	chr8	112120087	112120620	CpG: 61	533	61	394	22.9	73.9	0.84
1441	chr8	112262834	112264261	CpG: 135	1427	135	889	18.9	62.3	0.98
1442	chr8	112370003	112370608	CpG: 67	605	67	420	22.1	69.4	0.92
1442	chr8	112458368	112458957	CpG: 67	589	67	399	22.8	67.7	1
1443	chr8	112470107	112470478	CpG: 42	371	42	280	22.6	75.5	0.8
1443	chr8	112580394	112581116	CpG: 60	722	60	449	16.6	62.2	0.86
1444	chr8	112603042	112603486	CpG: 37	444	37	260	16.7	58.6	0.97
1444	chr8	112616570	112617501	CpG: 84	931	84	594	18	63.8	0.89
1444	chr8	112636732	112636965	CpG: 18	233	18	150	15.5	64.4	0.75
1444	chr8	112659973	112660442	CpG: 49	469	49	329	20.9	70.1	0.86
1444	chr8	112667226	112667927	CpG: 76	701	76	478	21.7	68.2	0.93
1444	chr8	112718779	112719040	CpG: 26	261	26	166	19.9	63.6	1.01
1445	chr8	112737989	112738846	CpG: 89	857	89	573	20.8	66.9	0.93
1457	chr8	114361869	114362431	CpG: 44	562	44	332	15.7	59.1	0.9
1459	chr8	114574820	114575486	CpG: 69	666	69	466	20.7	70	0.85
1461	chr8	114932278	114932735	CpG: 41	457	41	290	17.9	63.5	0.89
1463	chr8	115166291	115166834	CpG: 49	543	49	367	18	67.6	0.79
1464	chr8	115248581	115248810	CpG: 17	229	17	139	14.8	60.7	0.81
1473	chr8	116432477	116434264	CpG: 171	1787	171	1079	19.1	60.4	1.05
1473	chr8	116434774	116435012	CpG: 17	238	17	154	14.3	64.7	0.68
1480	chr8	117350804	117351048	CpG: 19	244	19	150	15.6	61.5	0.82
1481	chr8	117459034	117460254	CpG: 105	1220	105	639	17.2	52.4	1.27
1482	chr8	117590229	117590448	CpG: 20	219	20	149	18.3	68	0.79
1482	chr8	117647863	117648775	CpG: 76	912	76	583	16.7	63.9	0.82
1482	chr8	117670025	117670786	CpG: 100	761	100	565	26.3	74.2	0.95
1483	chr8	117705400	117705888	CpG: 45	488	45	325	18.4	66.6	0.83
1483	chr8	117719798	117720364	CpG: 52	566	52	378	18.4	66.8	0.83
1484	chr8	117884359	117885388	CpG: 112	1029	112	633	21.8	61.5	1.16
1485	chr8	117983145	117984250	CpG: 141	1105	141	787	25.5	71.2	1.03
1486	chr8	118163297	118163639	CpG: 26	342	26	224	15.2	65.5	0.71
1486	chr8	118224935	118225620	CpG: 62	685	62	485	18.1	70.8	0.73
1487	chr8	118316858	118317059	CpG: 16	201	16	125	15.9	62.2	0.84
1489	chr8	118528445	118529024	CpG: 58	579	58	379	20	65.5	0.94
1492	chr8	119010307	119011324	CpG: 72	1017	72	608	14.2	59.8	0.79
1501	chr8	120071199	120071517	CpG: 37	318	37	225	23.3	70.8	0.93
1501	chr8	120121288	120122208	CpG: 110	920	110	657	23.9	71.4	0.94
1501	chr8	120173337	120174182	CpG: 77	845	77	532	18.2	63	0.92
1501	chr8	120174386	120174633	CpG: 20	247	20	163	16.2	66	0.87
1502	chr8	120285302	120285671	CpG: 60	369	60	276	32.5	74.8	1.17
1502	chr8	120301147	120302244	CpG: 99	1097	99	659	18	60.1	1
1503	chr8	120331759	120332028	CpG: 21	269	21	166	15.6	61.7	0.86
1503	chr8	120339302	120339586	CpG: 25	284	25	181	17.6	63.7	0.87
1503	chr8	120352808	120353094	CpG: 23	286	23	178	16.1	62.2	0.83
1503	chr8	120359678	120360136	CpG: 35	458	35	302	15.3	65.9	0.71
1503	chr8	120426650	120426873	CpG: 21	223	21	172	18.8	77.1	0.64
1504	chr8	120494936	120495190	CpG: 20	254	20	164	15.7	64.6	0.76
1504	chr8	120566922	120567418	CpG: 61	496	61	332	24.6	66.9	1.1
1505	chr8	120588933	120589228	CpG: 36	295	36	220	24.4	74.6	0.88
1505	chr8	120596952	120597415	CpG: 33	463	33	297	14.3	64.1	0.69
1505	chr8	120603095	120603380	CpG: 21	285	21	185	14.7	64.9	0.71
1505	chr8	120637421	120638236	CpG: 110	815	110	600	27	73.6	1
1505	chr8	120683343	120683799	CpG: 34	456	34	276	14.9	60.5	0.82
1506	chr8	120718909	120719178	CpG: 22	269	22	170	16.4	63.2	0.82
1506	chr8	120827722	120828609	CpG: 89	887	89	561	20.1	63.2	1.01
1506	chr8	120840382	120841434	CpG: 121	1052	121	743	23	70.6	0.93
1507	chr8	120955125	120957075	CpG: 242	1950	242	1390	24.8	71.3	0.98
1509	chr8	121126329	121126581	CpG: 23	252	23	159	18.3	63.1	0.94
1509	chr8	121176637	121177000	CpG: 26	363	26	188	14.3	51.8	1.07
1509	chr8	121214213	121216448	CpG: 184	2235	184	1348	16.5	60.3	0.91
1510	chr8	121262509	121265000	CpG: 241	2491	241	1627	19.3	65.3	0.91
1510	chr8	121265421	121265661	CpG: 18	240	18	166	15	69.2	0.63
1510	chr8	121304464	121304762	CpG: 22	298	22	169	14.8	56.7	0.92
1510	chr8	121315613	121316276	CpG: 61	663	61	430	18.4	64.9	0.94
1510	chr8	121360450	121361370	CpG: 86	920	86	607	18.7	66	0.87
1511	chr8	121394400	121395548	CpG: 136	1148	136	774	23.7	67.4	1.04
1511	chr8	121462739	121463158	CpG: 47	419	47	286	22.4	68.3	0.97
1514	chr8	121800282	121800578	CpG: 30	296	30	206	20.3	69.6	0.85
1514	chr8	121807473	121807727	CpG: 36	254	36	184	28.3	72.4	1.08
1514	chr8	121809423	121811975	CpG: 269	2552	269	1735	21.1	68	0.91
1514	chr8	121816090	121816529	CpG: 31	439	31	292	14.1	66.5	0.64
1514	chr8	121834754	121835326	CpG: 60	572	60	379	21	66.3	0.97
1514	chr8	121842951	121844932	CpG: 216	1981	216	1311	21.8	66.2	1
1514	chr8	121852120	121852567	CpG: 33	447	33	284	14.8	63.5	0.73
1514	chr8	121854578	121856013	CpG: 117	1435	117	918	16.3	64	0.8
1515	chr8	121999776	122000021	CpG: 21	245	21	153	17.1	62.4	0.89
1517	chr8	122195515	122195768	CpG: 18	253	18	159	14.2	62.8	0.73
1517	chr8	122280799	122281188	CpG: 30	389	30	260	15.4	66.8	0.69
1518	chr8	122305189	122305510	CpG: 37	321	37	207	23.1	64.5	1.12
1518	chr8	122312015	122312440	CpG: 39	425	39	269	18.4	63.3	0.92
1518	chr8	122316976	122317648	CpG: 82	672	82	461	24.4	68.6	1.04
1518	chr8	122378110	122380025	CpG: 236	1915	236	1331	24.6	69.5	1.02
1519	chr8	122456565	122457772	CpG: 158	1207	158	867	26.2	71.8	1.01
1519	chr8	122479737	122480478	CpG: 67	741	67	482	18.1	65	0.86
1519	chr8	122511530	122511756	CpG: 20	226	20	161	17.7	71.2	0.7
1520	chr8	122555911	122556449	CpG: 60	538	60	355	22.3	66	1.03
1520	chr8	122633803	122634787	CpG: 92	984	92	564	18.7	57.3	1.14
1520	chr8	122677113	122677973	CpG: 111	860	111	566	25.8	65.8	1.2
1523	chr8	122956898	122957695	CpG: 91	797	91	537	22.8	67.4	1.01
1523	chr8	122995895	122996267	CpG: 27	372	27	238	14.5	64	0.71
1523	chr8	123007991	123008248	CpG: 19	257	19	178	14.8	69.3	0.73
1523	chr8	123008487	123009121	CpG: 73	634	73	414	23	65.3	1.18
1523	chr8	123010978	123011392	CpG: 31	414	31	262	15	63.3	0.75
1523	chr8	123062557	123063922	CpG: 158	1365	158	957	23.2	70.1	0.97
1524	chr8	123103126	123103880	CpG: 104	754	104	550	27.6	72.9	1.04
1524	chr8	123159334	123159708	CpG: 34	374	34	266	18.2	71.1	0.75
1524	chr8	123170144	123170592	CpG: 34	448	34	271	15.2	60.5	0.83
1524	chr8	123187234	123187649	CpG: 48	415	48	295	23.1	71.1	0.92
1524	chr8	123202358	123203218	CpG: 103	860	103	579	24	67.3	1.08
1525	chr8	123277472	123278453	CpG: 124	981	124	703	25.3	71.7	1
1525	chr8	123294417	123295122	CpG: 80	705	80	478	22.7	67.8	0.99
1525	chr8	123303217	123303734	CpG: 51	517	51	344	19.7	66.5	0.92
190	chr8	123338556	123338786	CpG: 25	230	25	151	21.7	65.7	1.05
1526	chr8	123357449	123357701	CpG: 22	252	22	177	17.5	70.2	0.71
1526	chr8	123404522	123405641	CpG: 162	1119	162	861	29	76.9	0.98
1527	chr8	123502115	123502616	CpG: 42	501	42	316	16.8	63.1	0.84
1527	chr8	123591676	123591917	CpG: 20	241	20	158	16.6	65.6	0.77
1527	chr8	123597213	123597695	CpG: 35	482	35	307	14.5	63.7	0.74
1529	chr8	123767847	123769706	CpG: 228	1859	228	1309	24.5	70.4	1
1529	chr8	123792020	123792620	CpG: 71	600	71	407	23.7	67.8	1.03
1529	chr8	123828958	123829636	CpG: 73	678	73	455	21.5	67.1	0.96
1529	chr8	123844055	123844365	CpG: 40	310	40	232	25.8	74.8	0.93
1530	chr8	123933256	123933495	CpG: 25	239	25	147	20.9	61.5	1.11
1530	chr8	123939163	123939816	CpG: 69	653	69	431	21.1	66	0.99
1530	chr8	123951509	123951959	CpG: 47	450	47	299	20.9	66.4	0.98
1530	chr8	123962330	123962539	CpG: 25	209	25	147	23.9	70.3	0.97
1530	chr8	123962863	123963074	CpG: 18	211	18	142	17.1	67.3	0.77
1530	chr8	123980553	123981694	CpG: 101	1141	101	644	17.7	56.4	1.11
1531	chr8	124045086	124045357	CpG: 25	271	25	189	18.5	69.7	0.76
1531	chr8	124059378	124059894	CpG: 78	516	78	393	30.2	76.2	1.07
1531	chr8	124080787	124081024	CpG: 19	237	19	157	16	66.2	0.75
1531	chr8	124100215	124101172	CpG: 91	957	91	646	19	67.5	0.84
1532	chr8	124138093	124138497	CpG: 38	404	38	276	18.8	68.3	0.81
1532	chr8	124147811	124148027	CpG: 18	216	18	139	16.7	64.4	0.82
1532	chr8	124169692	124170056	CpG: 28	364	28	234	15.4	64.3	0.75
1532	chr8	124204333	124204959	CpG: 71	626	71	425	22.7	67.9	1
1532	chr8	124241558	124242254	CpG: 55	696	55	463	15.8	66.5	0.72
1533	chr8	124272440	124272693	CpG: 26	253	26	158	20.6	62.5	1.19
1533	chr8	124380398	124381282	CpG: 96	884	96	533	21.7	60.3	1.19
1535	chr8	124532687	124533030	CpG: 43	343	43	242	25.1	70.6	1.01
1535	chr8	124585731	124586852	CpG: 122	1121	122	779	21.8	69.5	0.9
1535	chr8	124618616	124619356	CpG: 54	740	54	455	14.6	61.5	0.78
1536	chr8	124675587	124676323	CpG: 80	736	80	489	21.7	66.4	0.99
1536	chr8	124709152	124709966	CpG: 99	814	99	592	24.3	72.7	0.92
1536	chr8	124747519	124748400	CpG: 138	881	138	675	31.3	76.6	1.07
1538	chr8	124957915	124959225	CpG: 116	1310	116	800	17.7	61.1	0.95
1539	chr8	125160490	125161521	CpG: 140	1031	140	743	27.2	72.1	1.05
1540	chr8	125247373	125247775	CpG: 43	402	43	275	21.4	68.4	0.93
1541	chr8	125389543	125390369	CpG: 93	826	93	565	22.5	68.4	0.99
1542	chr8	125448378	125449146	CpG: 70	768	70	475	18.2	61.8	0.95
1542	chr8	125477987	125478784	CpG: 88	797	88	570	22.1	71.5	0.88
1542	chr8	125519031	125521667	CpG: 225	2636	225	1658	17.1	62.9	0.86
1543	chr8	125589509	125590294	CpG: 74	785	74	526	18.9	67	0.84
1543	chr8	125623036	125623241	CpG: 17	205	17	132	16.6	64.4	0.8
1543	chr8	125623449	125625251	CpG: 189	1802	189	1209	21	67.1	0.93
1543	chr8	125674880	125676437	CpG: 223	1557	223	1200	28.6	77.1	0.97
1544	chr8	125739468	125740213	CpG: 76	745	76	509	20.4	68.3	0.89
1544	chr8	125742584	125742904	CpG: 23	320	23	216	14.4	67.5	0.64
1544	chr8	125780769	125781523	CpG: 77	754	77	492	20.4	65.3	0.97
1548	chr8	126295962	126297193	CpG: 152	1231	152	782	24.7	63.5	1.23
1549	chr8	126396504	126397060	CpG: 73	556	73	411	26.3	73.9	0.96
1549	chr8	126460866	126461252	CpG: 37	386	37	272	19.2	70.5	0.77
1551	chr8	126624814	126625123	CpG: 31	309	31	214	20.1	69.3	0.84
1551	chr8	126637151	126638132	CpG: 114	981	114	665	23.2	67.8	1.01
1551	chr8	126722006	126722665	CpG: 52	659	52	412	15.8	62.5	0.81
1552	chr8	126865394	126866296	CpG: 97	902	97	633	21.5	70.2	0.88
1554	chr8	127025275	127025788	CpG: 54	513	54	376	21.1	73.3	0.81
1555	chr8	127149014	127149603	CpG: 56	589	56	387	19	65.7	0.88
1555	chr8	127201070	127201868	CpG: 122	798	122	602	30.6	75.4	1.09
1556	chr8	127319158	127321693	CpG: 300	2535	300	1688	23.7	66.6	1.07
1559	chr8	127672278	127672770	CpG: 70	492	70	354	28.5	72	1.1
1559	chr8	127790308	127791798	CpG: 152	1490	152	960	20.4	64.4	0.99
1569	chr8	129083465	129084028	CpG: 43	563	43	353	15.3	62.7	0.78
1569	chr8	129084928	129085168	CpG: 19	240	19	144	15.8	60	0.89
1569	chr8	129085857	129086283	CpG: 43	426	43	277	20.2	65	0.96
1572	chr8	129411801	129412871	CpG: 126	1070	126	768	23.6	71.8	0.92
1576	chr8	129994905	129995138	CpG: 17	233	17	164	14.6	70.4	0.6
609	chr9	3199798	3200105	CpG: 26	307	26	195	16.9	63.5	0.86
611	chr9	3532193	3532626	CpG: 38	433	38	294	17.6	67.9	0.76
617	chr9	4260538	4260842	CpG: 30	304	30	214	19.7	70.4	0.8
617	chr9	4309133	4309885	CpG: 70	752	70	474	18.6	63	0.94
622	chr9	4977625	4977851	CpG: 28	226	28	181	24.8	80.1	0.78
632	chr9	6168469	6168869	CpG: 28	400	28	225	14	56.2	0.88
639	chr9	7176711	7177070	CpG: 30	359	30	221	16.7	61.6	0.88
639	chr9	7184469	7185187	CpG: 79	718	79	480	22	66.9	0.99
644	chr9	7763788	7764495	CpG: 58	707	58	441	16.4	62.4	0.86
644	chr9	7836878	7837495	CpG: 54	617	54	374	17.5	60.6	0.95
646	chr9	8003469	8004941	CpG: 168	1472	168	960	22.8	65.2	1.07
646	chr9	8042442	8042713	CpG: 27	271	27	190	19.9	70.1	0.81
647	chr9	8134105	8134576	CpG: 57	471	57	265	24.2	56.3	1.53
650	chr9	8543991	8544649	CpG: 45	658	45	422	13.7	64.1	0.67
652	chr9	8900493	8900718	CpG: 19	225	19	146	16.9	64.9	0.82
652	chr9	8901406	8902031	CpG: 68	625	68	455	21.8	72.8	0.84
655	chr9	9238702	9239294	CpG: 64	592	64	403	21.6	68.1	0.93
671	chr9	11277651	11277860	CpG: 15	209	15	128	14.4	61.2	0.77
686	chr9	13246236	13246882	CpG: 55	646	55	461	17	71.4	0.88
689	chr9	13660401	13660870	CpG: 53	469	53	340	22.6	72.5	0.87
689	chr9	13737719	13739525	CpG: 152	1806	152	1103	16.8	61.1	0.9
693	chr9	14187442	14188068	CpG: 72	626	72	414	23	66.1	1.07
694	chr9	14291943	14292477	CpG: 63	534	63	387	23.6	72.5	0.9
694	chr9	14411552	14412228	CpG: 54	676	54	392	16	58	0.96
695	chr9	14525593	14526417	CpG: 69	824	69	568	16.7	68.9	0.71
696	chr9	14662114	14663567	CpG: 114	1453	114	926	15.7	63.7	0.77
697	chr9	14695711	14696306	CpG: 49	595	49	352	16.5	59.2	0.94
697	chr9	14756564	14757056	CpG: 39	492	39	303	15.9	61.6	0.87
697	chr9	14771357	14771704	CpG: 34	347	34	233	19.6	67.1	0.89
699	chr9	14956294	14956838	CpG: 74	544	74	396	27.2	72.8	1.03
700	chr9	15190828	15191335	CpG: 53	507	53	345	20.9	68	0.91
701	chr9	15217442	15217888	CpG: 53	446	53	303	23.8	67.9	1.03
701	chr9	15268792	15269212	CpG: 50	420	50	298	23.8	71	0.95
702	chr9	15404676	15405566	CpG: 118	890	118	657	26.5	73.8	0.99
703	chr9	15539158	15539408	CpG: 26	250	26	177	20.8	70.8	0.84
704	chr9	15620841	15621341	CpG: 69	500	69	374	27.6	74.8	1.01
710	chr9	16413183	16413717	CpG: 53	534	53	340	19.9	63.7	0.98
722	chr9	18009237	18009509	CpG: 24	272	24	172	17.6	63.2	0.91
723	chr9	18203271	18203910	CpG: 58	639	58	407	18.2	63.7	0.9
725	chr9	18384840	18385085	CpG: 25	245	25	150	20.4	61.2	1.19
739	chr9	20296221	20296727	CpG: 42	506	42	294	16.6	58.1	0.98
740	chr9	20370913	20371383	CpG: 39	470	39	279	16.6	59.4	0.94
740	chr9	20403812	20404202	CpG: 33	390	33	252	16.9	64.6	0.81
740	chr9	20432496	20433056	CpG: 56	560	56	375	20	67	0.9
741	chr9	20455581	20455789	CpG: 15	208	15	135	14.4	64.9	0.69
741	chr9	20492565	20492981	CpG: 35	416	35	268	16.8	64.4	0.81
741	chr9	20518522	20518974	CpG: 45	452	45	279	19.9	61.7	1.05
741	chr9	20553294	20553760	CpG: 48	466	48	310	20.6	66.5	0.93
741	chr9	20556031	20556332	CpG: 25	301	25	178	16.6	59.1	0.97
741	chr9	20563275	20563825	CpG: 53	550	53	368	19.3	66.9	0.87
742	chr9	20637741	20639351	CpG: 115	1610	115	1018	14.3	63.2	0.72
742	chr9	20657395	20657689	CpG: 41	294	41	234	27.9	79.6	0.92
743	chr9	20779829	20780273	CpG: 52	444	52	317	23.4	71.4	0.93
743	chr9	20789323	20789895	CpG: 70	572	70	404	24.5	70.6	0.98
743	chr9	20799398	20799866	CpG: 54	468	54	316	23.1	67.5	1.02
743	chr9	20809560	20810025	CpG: 52	465	52	337	22.4	72.5	0.86
744	chr9	20863856	20864304	CpG: 46	448	46	304	20.5	67.9	0.89
744	chr9	20887200	20888156	CpG: 68	956	68	605	14.2	63.3	0.72
744	chr9	20914016	20914700	CpG: 66	684	66	441	19.3	64.5	0.93
744	chr9	20943072	20943580	CpG: 36	508	36	298	14.2	58.7	0.83
744	chr9	20944365	20945060	CpG: 63	695	63	462	18.1	66.5	0.82
744	chr9	20948037	20948401	CpG: 25	364	25	239	13.7	65.7	0.64
744	chr9	20948906	20949150	CpG: 26	244	26	170	21.3	69.7	0.88
744	chr9	20949914	20950122	CpG: 21	208	21	147	20.2	70.7	0.84
745	chr9	20978209	20978520	CpG: 26	311	26	212	16.7	68.2	0.72
745	chr9	20984385	20984877	CpG: 50	492	50	315	20.3	64	1
745	chr9	21002960	21003423	CpG: 58	463	58	314	25.1	67.8	1.09
745	chr9	21042503	21042865	CpG: 29	362	29	217	16	59.9	0.9
745	chr9	21061001	21061353	CpG: 40	352	40	248	22.7	70.5	0.92
745	chr9	21072577	21072978	CpG: 42	401	42	266	20.9	66.3	0.96
745	chr9	21076339	21077636	CpG: 122	1297	122	850	18.8	65.5	0.88
745	chr9	21092854	21093203	CpG: 43	349	43	258	24.6	73.9	0.91
745	chr9	21095426	21095748	CpG: 27	322	27	226	16.8	70.2	0.69
746	chr9	21144711	21145320	CpG: 55	609	55	396	18.1	65	0.86
746	chr9	21149826	21150696	CpG: 99	870	99	621	22.8	71.4	0.89
746	chr9	21155366	21156475	CpG: 113	1109	113	749	20.4	67.5	0.9
746	chr9	21159693	21159950	CpG: 26	257	26	183	20.2	71.2	0.8
746	chr9	21176492	21176959	CpG: 52	467	52	324	22.3	69.4	0.93
746	chr9	21198968	21199617	CpG: 54	649	54	412	16.6	63.5	0.86
746	chr9	21202113	21202941	CpG: 61	828	61	535	14.7	64.6	0.71
746	chr9	21223410	21223825	CpG: 37	415	37	271	17.8	65.3	0.84
746	chr9	21232244	21232534	CpG: 20	290	20	184	13.8	63.4	0.69
747	chr9	21278744	21279806	CpG: 94	1062	94	654	17.7	61.6	0.95
747	chr9	21323488	21323770	CpG: 21	282	21	179	14.9	63.5	0.74
747	chr9	21336174	21336670	CpG: 58	496	58	316	23.4	63.7	1.18
748	chr9	21421221	21421582	CpG: 27	361	27	229	15	63.4	0.77
748	chr9	21457648	21458772	CpG: 135	1124	135	785	24	69.8	1
749	chr9	21504059	21504951	CpG: 96	892	96	583	21.5	65.4	1.01
749	chr9	21527197	21527951	CpG: 91	754	91	544	24.1	72.1	0.95
749	chr9	21597218	21597439	CpG: 18	221	18	137	16.3	62	0.85
750	chr9	21634645	21635246	CpG: 46	601	46	360	15.3	59.9	0.86
750	chr9	21671246	21671952	CpG: 60	706	60	412	17	58.4	1
750	chr9	21706411	21706839	CpG: 40	428	40	310	18.7	72.4	0.72
750	chr9	21709252	21710210	CpG: 78	958	78	670	16.3	69.9	0.67
751	chr9	21763666	21764060	CpG: 44	394	44	244	22.3	61.9	1.18
751	chr9	21829119	21829611	CpG: 52	492	52	353	21.1	71.7	0.82
751	chr9	21848294	21848611	CpG: 29	317	29	215	18.3	67.8	0.81
751	chr9	21855627	21855857	CpG: 19	230	19	143	16.5	62.2	0.85
751	chr9	21858860	21859119	CpG: 18	259	18	178	13.9	68.7	0.61
751	chr9	21867027	21867522	CpG: 47	495	47	309	19	62.4	1.01
751	chr9	21872834	21873173	CpG: 28	339	28	213	16.5	62.8	0.84
751	chr9	21873819	21874039	CpG: 21	220	21	149	19.1	67.7	0.92
752	chr9	21892590	21892878	CpG: 26	288	26	189	18.1	65.6	0.84
752	chr9	21901188	21901514	CpG: 24	326	24	202	14.7	62	0.77
752	chr9	21913943	21914306	CpG: 36	363	36	219	19.8	60.3	1.1
752	chr9	21929842	21930169	CpG: 25	327	25	201	15.3	61.5	0.81
752	chr9	21961710	21963463	CpG: 148	1753	148	1118	16.9	63.8	0.83
752	chr9	21967073	21967417	CpG: 27	344	27	220	15.7	64	0.77
752	chr9	21982078	21982797	CpG: 73	719	73	427	20.3	59.4	1.15
752	chr9	21987523	21987765	CpG: 18	242	18	144	14.9	59.5	0.84
752	chr9	21996597	21996992	CpG: 30	395	30	238	15.2	60.3	0.84
753	chr9	22028140	22028639	CpG: 49	499	49	322	19.6	64.5	0.96
753	chr9	22067988	22068532	CpG: 50	544	50	331	18.4	60.8	1
753	chr9	22076035	22076420	CpG: 41	385	41	265	21.3	68.8	0.91
753	chr9	22099349	22099642	CpG: 25	293	25	195	17.1	66.6	0.8
753	chr9	22137062	22137326	CpG: 24	264	24	182	18.2	68.9	0.77
754	chr9	22170852	22171156	CpG: 22	304	22	204	14.5	67.1	0.64
754	chr9	22218623	22219051	CpG: 48	428	48	301	22.4	70.3	0.92
755	chr9	22300109	22300773	CpG: 67	664	67	434	20.2	65.4	0.95
755	chr9	22322663	22323114	CpG: 40	451	40	290	17.7	64.3	0.87
755	chr9	22378928	22379636	CpG: 73	708	73	440	20.6	62.1	1.1
755	chr9	22386785	22387047	CpG: 23	262	23	169	17.6	64.5	0.86
761	chr9	23133727	23135205	CpG: 146	1478	146	1029	19.8	69.6	0.82
769	chr9	24213445	24213702	CpG: 23	257	23	172	17.9	66.9	1.02
771	chr9	24413950	24414894	CpG: 146	944	146	711	30.9	75.3	1.09
772	chr9	24607244	24607656	CpG: 36	412	36	270	17.5	65.5	0.82
773	chr9	24685405	24685815	CpG: 37	410	37	278	18	67.8	0.79
773	chr9	24692290	24692587	CpG: 27	297	27	202	18.2	68	0.79
774	chr9	24863997	24864253	CpG: 24	256	24	176	18.8	68.8	0.79
776	chr9	25062386	25063322	CpG: 102	936	102	666	21.8	71.2	0.88
776	chr9	25163259	25164522	CpG: 127	1263	127	779	20.1	61.7	1.06
778	chr9	25392781	25393260	CpG: 65	479	65	343	27.1	71.6	1.08
788	chr9	26644782	26645573	CpG: 76	791	76	477	19.2	60.3	1.06
788	chr9	26666945	26667366	CpG: 34	421	34	260	16.2	61.8	0.86
790	chr9	26910566	26911010	CpG: 35	444	35	274	15.8	61.7	0.83
790	chr9	26940776	26942206	CpG: 127	1430	127	887	17.8	62	0.93
791	chr9	27066323	27066804	CpG: 53	481	53	331	22	68.8	0.94
792	chr9	27210307	27211899	CpG: 124	1592	124	1011	15.6	63.5	0.78
801	chr9	28314538	28315006	CpG: 55	468	55	340	23.5	72.6	0.89
808	chr9	29323046	29324052	CpG: 89	1006	89	657	17.7	65.3	0.83
816	chr9	30338242	30338692	CpG: 45	450	45	308	20	68.4	0.85
820	chr9	30832772	30833873	CpG: 91	1101	91	698	16.5	63.4	0.82
820	chr9	30853816	30854640	CpG: 94	824	94	550	22.8	66.7	1.02
821	chr9	30941434	30942615	CpG: 91	1181	91	690	15.4	58.4	0.91
821	chr9	31042582	31043209	CpG: 70	627	70	454	22.3	72.4	0.86
822	chr9	31122372	31123204	CpG: 102	832	102	582	24.5	70	1.01
822	chr9	31123584	31123821	CpG: 20	237	20	161	16.9	67.9	0.77
822	chr9	31191850	31192674	CpG: 95	824	95	586	23.1	71.1	0.92
823	chr9	31297301	31297932	CpG: 73	631	73	451	23.1	71.5	0.92
827	chr9	31824143	31826528	CpG: 178	2385	178	1402	14.9	58.8	0.87
828	chr9	31943468	31944383	CpG: 157	915	157	736	34.3	80.4	1.07
831	chr9	32320514	32320935	CpG: 39	421	39	280	18.5	66.5	0.84
832	chr9	32451768	32452416	CpG: 60	648	60	449	18.5	69.3	0.77
833	chr9	32606904	32607553	CpG: 50	649	50	348	15.4	53.6	1.07
847	chr9	34400165	34400392	CpG: 24	227	24	146	21.1	64.3	1.02
852	chr9	35027860	35028494	CpG: 67	634	67	434	21.1	68.5	0.94
852	chr9	35111066	35111396	CpG: 40	330	40	244	24.2	73.9	0.91
852	chr9	35122122	35122960	CpG: 79	838	79	535	18.9	63.8	0.93
853	chr9	35178578	35179288	CpG: 56	710	56	407	15.8	57.3	0.96
853	chr9	35192854	35193061	CpG: 19	207	19	127	18.4	61.4	0.98
854	chr9	35332422	35333409	CpG: 116	987	116	724	23.5	73.4	0.88
855	chr9	35469530	35470014	CpG: 47	484	47	289	19.4	59.7	1.12
855	chr9	35480958	35481826	CpG: 84	868	84	565	19.4	65.1	0.91
855	chr9	35485758	35485959	CpG: 28	201	28	148	27.9	73.6	1.03
864	chr9	36637568	36638027	CpG: 34	459	34	295	14.8	64.3	0.73
864	chr9	36678775	36679301	CpG: 45	526	45	312	17.1	59.3	0.97
865	chr9	36708169	36708737	CpG: 55	568	55	389	19.4	68.5	0.83
867	chr9	37056495	37056737	CpG: 19	242	19	152	15.7	62.8	0.81
867	chr9	37056898	37057123	CpG: 17	225	17	121	15.1	53.8	1.06
867	chr9	37057754	37058278	CpG: 64	524	64	394	24.4	75.2	0.87
868	chr9	37166537	37166824	CpG: 27	287	27	200	18.8	69.7	0.78
869	chr9	37259583	37259918	CpG: 27	335	27	198	16.1	59.1	0.92
869	chr9	37295843	37296153	CpG: 37	310	37	225	23.9	72.6	0.93
869	chr9	37332042	37332360	CpG: 27	318	27	215	17	67.6	0.76
869	chr9	37340858	37341078	CpG: 24	220	24	148	21.8	67.3	0.96
869	chr9	37344289	37344653	CpG: 29	364	29	251	15.9	69	0.68
870	chr9	37371460	37372160	CpG: 76	700	76	493	21.7	70.4	0.88
870	chr9	37400346	37401451	CpG: 113	1105	113	753	20.5	68.1	0.88
870	chr9	37441621	37441886	CpG: 21	265	21	172	15.8	64.9	0.78
871	chr9	37568318	37568632	CpG: 29	314	29	200	18.5	63.7	0.92
890	chr9	40103585	40104048	CpG: 51	463	51	344	22	74.3	0.8
891	chr9	40180581	40180949	CpG: 27	368	27	239	14.7	64.9	0.7
892	chr9	40366634	40367443	CpG: 72	809	72	524	17.8	64.8	0.85
893	chr9	40442481	40442757	CpG: 28	276	28	182	20.3	65.9	0.93
894	chr9	40597350	40597943	CpG: 59	593	59	420	19.9	70.8	0.79
895	chr9	40711961	40713010	CpG: 96	1049	96	715	18.3	68.2	0.79
896	chr9	40783064	40783331	CpG: 20	267	20	153	15	57.3	0.91
896	chr9	40787498	40787746	CpG: 26	248	26	162	21	65.3	0.99
896	chr9	40788762	40789482	CpG: 64	720	64	459	17.8	63.8	0.88
896	chr9	40875214	40875527	CpG: 43	313	43	248	27.5	79.2	0.93
898	chr9	41068136	41069106	CpG: 98	970	98	672	20.2	69.3	0.85
900	chr9	41287784	41287985	CpG: 15	201	15	128	14.9	63.7	0.74
903	chr9	41801653	41801908	CpG: 19	255	19	163	14.9	63.9	0.74
905	chr9	42035162	42035795	CpG: 82	633	82	440	25.9	69.5	1.08
906	chr9	42175374	42175804	CpG: 58	430	58	311	27	72.3	1.04
907	chr9	42236086	42236361	CpG: 24	275	24	152	17.5	55.3	1.18
908	chr9	42383315	42383650	CpG: 39	335	39	246	23.3	73.4	0.88
908	chr9	42432085	42432409	CpG: 31	324	31	231	19.1	71.3	0.76
911	chr9	42808701	42809228	CpG: 49	527	49	368	18.6	69.8	0.76
911	chr9	42855396	42856292	CpG: 99	896	99	626	22.1	69.9	0.94
913	chr9	43016721	43017844	CpG: 129	1123	129	755	23	67.2	1.02
913	chr9	43027424	43027895	CpG: 48	471	48	338	20.4	71.8	0.79
913	chr9	43116785	43117395	CpG: 48	610	48	436	15.7	71.5	0.64
914	chr9	43150490	43151402	CpG: 86	912	86	585	18.9	64.1	0.92
914	chr9	43198229	43198435	CpG: 16	206	16	132	15.5	64.1	0.76
918	chr9	43654975	43656004	CpG: 109	1029	109	707	21.2	68.7	0.9
918	chr9	43656555	43656926	CpG: 30	371	30	248	16.2	66.8	0.73
918	chr9	43714783	43715156	CpG: 26	373	26	214	13.9	57.4	0.85
920	chr9	43931794	43932208	CpG: 33	414	33	257	15.9	62.1	0.86
920	chr9	43954785	43954998	CpG: 16	213	16	136	15	63.8	0.77
920	chr9	43978126	43978541	CpG: 39	415	39	272	18.8	65.5	0.88
920	chr9	43996028	43996584	CpG: 63	556	63	378	22.7	68	0.98
920	chr9	44024421	44024822	CpG: 44	401	44	279	21.9	69.6	0.93
921	chr9	44041286	44041684	CpG: 30	398	30	261	15.1	65.6	0.71
921	chr9	44045662	44046488	CpG: 66	826	66	522	16	63.2	0.8
921	chr9	44144663	44145515	CpG: 101	852	101	618	23.7	72.5	0.93
921	chr9	44164558	44164760	CpG: 15	202	15	129	14.9	63.9	0.73
922	chr9	44179179	44179523	CpG: 38	344	38	258	22.1	75	0.79
922	chr9	44198894	44199651	CpG: 60	757	60	485	15.9	64.1	0.78
922	chr9	44216582	44217274	CpG: 66	692	66	461	19.1	66.6	0.86
922	chr9	44230862	44231650	CpG: 84	788	84	562	21.3	71.3	0.84
922	chr9	44238213	44238460	CpG: 24	247	24	165	19.4	66.8	0.87
922	chr9	44245716	44246878	CpG: 125	1162	125	772	21.5	66.4	0.98
922	chr9	44255208	44255546	CpG: 35	338	35	230	20.7	68	0.9
922	chr9	44272637	44273127	CpG: 41	490	41	288	16.7	58.8	0.97
922	chr9	44290450	44291181	CpG: 86	731	86	506	23.5	69.2	1
923	chr9	44308230	44308748	CpG: 41	518	41	355	15.8	68.5	0.67
923	chr9	44318432	44319231	CpG: 58	799	58	483	14.5	60.5	0.8
923	chr9	44328992	44329581	CpG: 51	589	51	381	17.3	64.7	0.84
923	chr9	44351909	44352302	CpG: 28	393	28	249	14.2	63.4	0.71
923	chr9	44393948	44394781	CpG: 72	833	72	522	17.3	62.7	0.88
923	chr9	44410222	44410475	CpG: 25	253	25	196	19.8	77.5	0.67
924	chr9	44515376	44516724	CpG: 108	1348	108	760	16	56.4	1.02
925	chr9	44619718	44619949	CpG: 23	231	23	167	19.9	72.3	0.78
925	chr9	44632479	44632736	CpG: 28	257	28	194	21.8	75.5	0.77
925	chr9	44644980	44645833	CpG: 81	853	81	582	19	68.2	0.82
925	chr9	44646192	44646487	CpG: 21	295	21	195	14.2	66.1	0.65
925	chr9	44678512	44679183	CpG: 67	671	67	441	20	65.7	0.93
926	chr9	44710307	44711101	CpG: 77	794	77	543	19.4	68.4	0.83
926	chr9	44792110	44793578	CpG: 137	1468	137	937	18.7	63.8	0.92
927	chr9	44831668	44832024	CpG: 37	356	37	243	20.8	68.3	0.9
927	chr9	44876735	44877015	CpG: 25	280	25	172	17.9	61.4	0.95
928	chr9	44966430	44966726	CpG: 20	296	20	185	13.5	62.5	0.71
928	chr9	45049613	45050284	CpG: 72	671	72	469	21.5	69.9	0.89
929	chr9	45180256	45180536	CpG: 24	280	24	172	17.1	61.4	0.91
930	chr9	45281497	45281781	CpG: 25	284	25	196	17.6	69	0.74
930	chr9	45341534	45342875	CpG: 106	1341	106	920	15.8	68.6	0.68
932	chr9	45583911	45584214	CpG: 30	303	30	200	19.8	66	0.91
933	chr9	45739685	45739951	CpG: 21	266	21	183	15.8	68.8	0.72
934	chr9	45749952	45750239	CpG: 28	287	28	200	19.5	69.7	0.82
934	chr9	45817329	45818553	CpG: 131	1224	131	862	21.4	70.4	0.87
934	chr9	45851492	45851891	CpG: 29	399	29	246	14.5	61.7	1.07
934	chr9	45865978	45866678	CpG: 82	700	82	448	23.4	64	1.14
935	chr9	45895920	45896272	CpG: 46	352	46	255	26.1	72.4	1.01
935	chr9	45923822	45924736	CpG: 83	914	83	552	18.2	60.4	1
937	chr9	46181404	46181714	CpG: 25	310	25	192	16.1	61.9	0.85
937	chr9	46184444	46184786	CpG: 35	342	35	235	20.5	68.7	0.87
937	chr9	46194232	46194597	CpG: 38	365	38	249	20.8	68.2	0.9
938	chr9	46354703	46355201	CpG: 42	498	42	297	16.9	59.6	0.95
946	chr9	47441029	47443172	CpG: 213	2143	213	1423	19.9	66.4	0.9
954	chr9	48391643	48392013	CpG: 45	370	45	268	24.3	72.4	1.01
954	chr9	48406346	48407225	CpG: 96	879	96	570	21.8	64.8	1.05
956	chr9	48745978	48747849	CpG: 151	1871	151	1229	16.1	65.7	0.76
958	chr9	48896269	48897127	CpG: 92	858	92	591	21.4	68.9	0.97
958	chr9	48966713	48967133	CpG: 36	420	36	278	17.1	66.2	0.8
960	chr9	49251612	49252260	CpG: 67	648	67	408	20.7	63	1.04
964	chr9	49708090	49709820	CpG: 116	1730	116	1078	13.4	62.3	0.7
969	chr9	50439678	50440083	CpG: 51	405	51	282	25.2	69.6	1.05
970	chr9	50472430	50472692	CpG: 31	262	31	183	23.7	69.8	1.01
970	chr9	50515083	50515602	CpG: 48	519	48	325	18.5	62.6	0.95
970	chr9	50528080	50528888	CpG: 81	808	81	534	20	66.1	0.92
970	chr9	50570518	50571162	CpG: 72	644	72	451	22.4	70	0.91
971	chr9	50609975	50610651	CpG: 64	676	64	465	18.9	68.8	0.8
971	chr9	50639021	50639599	CpG: 50	578	50	381	17.3	65.9	0.8
971	chr9	50679297	50679858	CpG: 54	561	54	358	19.3	63.8	0.96
971	chr9	50686508	50687174	CpG: 66	666	66	422	19.8	63.4	0.99
972	chr9	50768246	50768775	CpG: 58	529	58	378	21.9	71.5	0.89
973	chr9	50919643	50920743	CpG: 137	1100	137	823	24.9	74.8	0.89
974	chr9	51014699	51015347	CpG: 61	648	61	447	18.8	69	0.8
975	chr9	51189864	51190583	CpG: 50	719	50	480	13.9	66.8	0.62
979	chr9	51676161	51677517	CpG: 123	1356	123	853	18.1	62.9	0.93
980	chr9	51874371	51874938	CpG: 79	567	79	420	27.9	74.1	1.02
981	chr9	51959311	51960315	CpG: 154	1004	154	773	30.7	77	1.04
982	chr9	52079184	52080010	CpG: 104	826	104	616	25.2	74.6	0.91
990	chr9	53159045	53159607	CpG: 50	562	50	359	17.8	63.9	0.87
991	chr9	53295247	53295879	CpG: 61	632	61	421	19.3	66.6	0.87
992	chr9	53447838	53448944	CpG: 98	1106	98	710	17.7	64.2	0.86
993	chr9	53521388	53521754	CpG: 42	366	42	263	23	71.9	0.89
993	chr9	53578053	53578924	CpG: 101	871	101	618	23.2	71	0.92
994	chr9	53616929	53617815	CpG: 73	886	73	579	16.5	65.3	0.8
994	chr9	53678895	53679407	CpG: 58	512	58	351	22.7	68.6	0.97
996	chr9	53882039	53882688	CpG: 54	649	54	404	16.6	62.2	0.86
996	chr9	53975479	53975769	CpG: 26	290	26	208	17.9	71.7	0.7
998	chr9	54193668	54194202	CpG: 58	534	58	370	21.7	69.3	0.9
1000	chr9	54408309	54409320	CpG: 132	1011	132	729	26.1	72.1	1.01
1000	chr9	54467232	54467465	CpG: 21	233	21	134	18	57.5	1.09
1000	chr9	54493564	54494250	CpG: 70	686	70	484	20.4	70.6	0.84
1001	chr9	54606343	54607330	CpG: 117	987	117	701	23.7	71	0.94
1002	chr9	54671938	54672310	CpG: 35	372	35	255	18.8	68.5	0.8
1002	chr9	54672761	54673184	CpG: 32	423	32	259	15.1	61.2	0.81
1002	chr9	54770901	54771402	CpG: 53	501	53	293	21.2	58.5	1.24
1003	chr9	54824521	54824743	CpG: 21	222	21	149	18.9	67.1	0.84
1003	chr9	54858044	54858557	CpG: 57	513	57	361	22.2	70.4	0.9
1003	chr9	54888614	54889212	CpG: 72	598	72	419	24.1	70.1	1.02
1004	chr9	54933061	54933290	CpG: 19	229	19	134	16.6	58.5	0.97
1005	chr9	55056204	55057420	CpG: 115	1216	115	724	18.9	59.5	1.07
1005	chr9	55116134	55116769	CpG: 64	635	64	435	20.2	68.5	0.87
1006	chr9	55233798	55234036	CpG: 29	238	29	173	24.4	72.7	0.95
1007	chr9	55419026	55419740	CpG: 64	714	64	447	17.9	62.6	0.92
1008	chr9	55448106	55448538	CpG: 37	432	37	290	17.1	67.1	0.76
1008	chr9	55449020	55450179	CpG: 100	1159	100	708	17.3	61.1	0.94
1008	chr9	55451279	55451557	CpG: 29	278	29	175	20.9	62.9	1.05
1008	chr9	55452744	55454004	CpG: 104	1260	104	750	16.5	59.5	0.93
1011	chr9	55845091	55845588	CpG: 41	497	41	308	16.5	62	0.9
1011	chr9	55949094	55949613	CpG: 51	519	51	352	19.7	67.8	0.85
1012	chr9	56067681	56068427	CpG: 73	746	73	494	19.6	66.2	0.9
1014	chr9	56324954	56325343	CpG: 44	389	44	278	22.6	71.5	0.89
1016	chr9	56526927	56527462	CpG: 35	535	35	330	13.1	61.7	0.71
1016	chr9	56527937	56528478	CpG: 38	541	38	325	14	60.1	0.8
1016	chr9	56542311	56543404	CpG: 90	1093	90	586	16.5	53.6	1.15
1017	chr9	56703055	56704352	CpG: 122	1297	122	826	18.8	63.7	0.96
1018	chr9	56772268	56772497	CpG: 19	229	19	130	16.6	56.8	1.07
1018	chr9	56835441	56835887	CpG: 43	446	43	296	19.3	66.4	0.88
1018	chr9	56844717	56845245	CpG: 58	528	58	331	22	62.7	1.12
1018	chr9	56857889	56858237	CpG: 32	348	32	207	18.4	59.5	1.05
1019	chr9	56902003	56903123	CpG: 130	1120	130	799	23.2	71.3	0.91
1019	chr9	56979472	56980572	CpG: 98	1100	98	711	17.8	64.6	0.87
1019	chr9	56983465	56984413	CpG: 99	948	99	648	20.9	68.4	0.92
1020	chr9	57038017	57038602	CpG: 49	585	49	386	16.8	66	0.77
1021	chr9	57168807	57170096	CpG: 110	1289	110	858	17.1	66.6	0.78
1022	chr9	57375277	57375514	CpG: 24	237	24	131	20.3	55.3	1.33
1023	chr9	57411233	57412023	CpG: 74	790	74	524	18.7	66.3	0.85
1023	chr9	57428345	57429096	CpG: 95	751	95	543	25.3	72.3	0.98
1023	chr9	57444740	57445093	CpG: 45	353	45	251	25.5	71.1	1.01
1023	chr9	57459814	57460082	CpG: 21	268	21	154	15.7	57.5	0.99
1023	chr9	57468166	57468484	CpG: 26	318	26	201	16.4	63.2	0.82
1023	chr9	57496700	57497087	CpG: 43	387	43	286	22.2	73.9	0.81
1024	chr9	57552455	57553066	CpG: 78	611	78	468	25.5	76.6	0.89
1024	chr9	57615900	57616273	CpG: 35	373	35	196	18.8	52.5	1.47
1025	chr9	57671722	57673480	CpG: 173	1758	173	1143	19.7	65	0.93
1025	chr9	57743797	57744349	CpG: 45	552	45	340	16.3	61.6	0.86
1026	chr9	57847215	57848306	CpG: 108	1091	108	698	19.8	64	0.97
1028	chr9	58103774	58104051	CpG: 19	277	19	183	13.7	66.1	0.68
1028	chr9	58105266	58107203	CpG: 130	1937	130	1174	13.4	60.6	0.73
1028	chr9	58109105	58109311	CpG: 22	206	22	112	21.4	54.4	1.8
1028	chr9	58154311	58154539	CpG: 18	228	18	138	15.8	60.5	0.86
1028	chr9	58160348	58160705	CpG: 24	357	24	232	13.4	65	0.66
1029	chr9	58218938	58220403	CpG: 129	1465	129	942	17.6	64.3	0.85
1030	chr9	58395208	58396386	CpG: 115	1178	115	773	19.5	65.6	0.91
1031	chr9	58462148	58462589	CpG: 44	441	44	297	20	67.3	0.88
1031	chr9	58489332	58490135	CpG: 84	803	84	525	20.9	65.4	1
1032	chr9	58648681	58648928	CpG: 17	247	17	148	13.8	59.9	0.78
1033	chr9	58729513	58731449	CpG: 201	1936	201	1280	20.8	66.1	0.95
1034	chr9	58942991	58944464	CpG: 150	1473	150	918	20.4	62.3	1.06
1036	chr9	59198312	59199293	CpG: 96	981	96	635	19.6	64.7	0.93
1038	chr9	59393001	59394321	CpG: 130	1320	130	795	19.7	60.2	1.09
1038	chr9	59446819	59447325	CpG: 49	506	49	337	19.4	66.6	0.88
1038	chr9	59485157	59485929	CpG: 69	772	69	510	17.9	66.1	0.83
1039	chr9	59510315	59510646	CpG: 25	331	25	229	15.1	69.2	0.64
1039	chr9	59524295	59525017	CpG: 76	722	76	474	21.1	65.7	0.98
1039	chr9	59563528	59564844	CpG: 100	1316	100	815	15.2	61.9	0.81
1039	chr9	59587387	59588020	CpG: 56	633	56	421	17.7	66.5	0.8
1040	chr9	59657964	59658868	CpG: 89	904	89	607	19.7	67.1	0.88
1046	chr9	60429044	60429411	CpG: 60	367	60	293	32.7	79.8	1.04
1047	chr9	60595267	60595508	CpG: 18	241	18	142	14.9	58.9	0.86
1047	chr9	60620306	60620740	CpG: 53	434	53	296	24.4	68.2	1.05
1048	chr9	60701675	60702269	CpG: 55	594	55	411	18.5	69.2	0.78
1052	chr9	61276762	61277104	CpG: 27	342	27	220	15.8	64.3	0.77
1052	chr9	61277928	61281600	CpG: 285	3672	285	2233	15.5	60.8	0.84
1056	chr9	61821468	61822173	CpG: 74	705	74	441	21	62.6	1.07
1056	chr9	61853572	61854257	CpG: 67	685	67	480	19.6	70.1	0.8
1057	chr9	61933782	61934266	CpG: 38	484	38	324	15.7	66.9	0.7
1058	chr9	62029133	62030068	CpG: 88	935	88	628	18.8	67.2	0.86
1059	chr9	62189347	62189575	CpG: 21	228	21	152	18.4	66.7	0.84
1059	chr9	62248048	62251981	CpG: 291	3933	291	2411	14.8	61.3	0.79
1060	chr9	62270990	62271236	CpG: 19	246	19	162	15.4	65.9	0.71
1061	chr9	62443879	62444430	CpG: 62	551	62	366	22.5	66.4	1.03
1062	chr9	62584973	62585222	CpG: 26	249	26	181	20.9	72.7	0.79
1063	chr9	62718299	62719312	CpG: 109	1013	109	685	21.5	67.6	0.94
1063	chr9	62746034	62746267	CpG: 30	233	30	142	25.8	60.9	1.39
1064	chr9	62887388	62888564	CpG: 112	1176	112	802	19	68.2	0.85
1066	chr9	63046001	63046285	CpG: 24	284	24	186	16.9	65.5	0.82
1066	chr9	63049597	63050059	CpG: 39	462	39	295	16.9	63.9	0.83
1066	chr9	63051420	63053956	CpG: 214	2536	214	1641	16.9	64.7	0.81
1066	chr9	63055951	63056694	CpG: 77	743	77	451	20.7	60.7	1.13
1067	chr9	63284971	63285242	CpG: 35	271	35	202	25.8	74.5	0.95
1067	chr9	63306051	63306702	CpG: 66	651	66	475	20.3	73	0.78
1069	chr9	63509746	63510187	CpG: 56	441	56	328	25.4	74.4	0.92
1070	chr9	63664396	63665832	CpG: 132	1436	132	964	18.4	67.1	0.82
1072	chr9	63834881	63835114	CpG: 25	233	25	173	21.5	74.2	0.78
1072	chr9	63860863	63861323	CpG: 45	460	45	305	19.6	66.3	0.89
1072	chr9	63927446	63930532	CpG: 267	3086	267	1929	17.3	62.5	0.89
1073	chr9	63967580	63967807	CpG: 24	227	24	163	21.1	71.8	0.82
1073	chr9	63992073	63992395	CpG: 36	322	36	235	22.4	73	0.84
1073	chr9	64086532	64086836	CpG: 30	304	30	195	19.7	64.1	0.96
1074	chr9	64160400	64161142	CpG: 85	742	85	523	22.9	70.5	0.92
1074	chr9	64188690	64189204	CpG: 55	514	55	346	21.4	67.3	0.98
1075	chr9	64247754	64248365	CpG: 55	611	55	389	18	63.7	0.91
1075	chr9	64292924	64294515	CpG: 132	1591	132	1031	16.6	64.8	0.79
1077	chr9	64545554	64545779	CpG: 20	225	20	151	17.8	67.1	0.79
1078	chr9	64644373	64645099	CpG: 63	726	63	464	17.4	63.9	0.86
1078	chr9	64718398	64719332	CpG: 90	934	90	653	19.3	69.9	0.79
1079	chr9	64868055	64868435	CpG: 32	380	32	253	16.8	66.6	0.78
1080	chr9	64928342	64929099	CpG: 71	757	71	490	18.8	64.7	0.9
1080	chr9	64939588	64940349	CpG: 85	761	85	532	22.3	69.9	0.91
1080	chr9	65008497	65009214	CpG: 64	717	64	404	17.9	56.3	1.16
1081	chr9	65031072	65031377	CpG: 41	305	41	221	26.9	72.5	1.03
1081	chr9	65048205	65049279	CpG: 105	1074	105	665	19.6	61.9	1.05
1081	chr9	65069969	65070715	CpG: 62	746	62	438	16.6	58.7	0.96
1081	chr9	65122193	65122943	CpG: 75	750	75	532	20	70.9	0.8
1082	chr9	65201276	65202248	CpG: 90	972	90	617	18.5	63.5	0.93
1082	chr9	65253301	65254376	CpG: 129	1075	129	773	24	71.9	0.93
1083	chr9	65279149	65279388	CpG: 21	239	21	136	17.6	56.9	1.11
1083	chr9	65297970	65298893	CpG: 102	923	102	632	22.1	68.5	0.94
1083	chr9	65305732	65305939	CpG: 22	207	22	145	21.3	70	0.87
1083	chr9	65342977	65343375	CpG: 45	398	45	286	22.6	71.9	0.88
1083	chr9	65368149	65368538	CpG: 41	389	41	268	21.1	68.9	0.89
1084	chr9	65495044	65495564	CpG: 57	520	57	350	21.9	67.3	0.97
1085	chr9	65536477	65536993	CpG: 34	516	34	300	13.2	58.1	0.78
1085	chr9	65537235	65538517	CpG: 116	1282	116	786	18.1	61.3	0.96
1086	chr9	65734347	65734931	CpG: 66	584	66	445	22.6	76.2	0.9
1087	chr9	65816556	65817078	CpG: 37	522	37	330	14.2	63.2	0.72
1088	chr9	65967251	65967776	CpG: 56	525	56	355	21.3	67.6	0.95
1088	chr9	65976430	65977160	CpG: 56	730	56	463	15.3	63.4	0.78
1088	chr9	66031887	66032166	CpG: 26	279	26	185	18.6	66.3	0.86
1089	chr9	66065359	66065732	CpG: 42	373	42	245	22.5	65.7	1.04
1089	chr9	66127900	66128148	CpG: 23	248	23	166	18.5	66.9	0.87
1090	chr9	66257278	66258331	CpG: 96	1053	96	655	18.2	62.2	0.95
1091	chr9	66418791	66419335	CpG: 78	544	78	379	28.7	69.7	1.2
1092	chr9	66499214	66500956	CpG: 153	1742	153	1097	17.6	63	0.89
1093	chr9	66702470	66703246	CpG: 66	776	66	522	17	67.3	0.79
1093	chr9	66713103	66713507	CpG: 51	404	51	296	25.2	73.3	0.95
1094	chr9	66741704	66742671	CpG: 80	967	80	626	16.5	64.7	0.84
1094	chr9	66826588	66827180	CpG: 52	592	52	371	17.6	62.7	0.91
1095	chr9	66853197	66853854	CpG: 62	657	62	421	18.9	64.1	0.92
1095	chr9	66882111	66882824	CpG: 71	713	71	473	19.9	66.3	0.91
1095	chr9	66950812	66951340	CpG: 44	528	44	301	16.7	57	1.03
1095	chr9	66955372	66955573	CpG: 28	201	28	147	27.9	73.1	1.04
1095	chr9	66956083	66956926	CpG: 62	843	62	487	14.7	57.8	0.89
1100	chr9	67539980	67541429	CpG: 123	1449	123	895	17	61.8	0.89
1101	chr9	67666966	67667996	CpG: 125	1030	125	688	24.3	66.8	1.1
1101	chr9	67738068	67739026	CpG: 131	958	131	717	27.3	74.8	0.99
1101	chr9	67747534	67747929	CpG: 36	395	36	254	18.2	64.3	0.88
1108	chr9	68560827	68562244	CpG: 127	1417	127	898	17.9	63.4	0.9
1112	chr9	69196927	69198682	CpG: 136	1755	136	1097	15.5	62.5	0.81
1113	chr9	69305164	69305487	CpG: 45	323	45	225	27.9	69.7	1.16
1114	chr9	69360919	69361407	CpG: 41	488	41	338	16.8	69.3	0.71
1116	chr9	69666454	69668527	CpG: 152	2073	152	1287	14.7	62.1	0.78
1116	chr9	69676334	69676548	CpG: 20	214	20	121	18.7	56.5	1.19
1118	chr9	69896643	69897233	CpG: 70	590	70	423	23.7	71.7	0.92
1118	chr9	69919743	69920232	CpG: 52	489	52	309	21.3	63.2	1.07
1119	chr9	70048335	70049009	CpG: 84	674	84	475	24.9	70.5	1.01
1121	chr9	70328642	70328879	CpG: 34	237	34	174	28.7	73.4	1.07
1122	chr9	70410348	70411159	CpG: 101	811	101	575	24.9	70.9	1.02
1122	chr9	70449604	70450699	CpG: 116	1095	116	710	21.2	64.8	1.01
1123	chr9	70564070	70564736	CpG: 96	666	96	497	28.8	74.6	1.04
1123	chr9	70585986	70587068	CpG: 140	1082	140	767	25.9	70.9	1.03
1127	chr9	71122586	71123948	CpG: 145	1362	145	951	21.3	69.8	0.88
1129	chr9	71392691	71393327	CpG: 71	636	71	411	22.3	64.6	1.07
1131	chr9	71678515	71679078	CpG: 62	563	62	416	22	73.9	0.82
1134	chr9	72018141	72019522	CpG: 150	1381	150	829	21.7	60	1.22
1134	chr9	72040172	72040627	CpG: 62	455	62	349	27.3	76.7	0.93
1135	chr9	72181958	72182684	CpG: 85	726	85	458	23.4	63.1	1.18
1136	chr9	72345656	72345901	CpG: 22	245	22	149	18	60.8	0.97
1137	chr9	72439042	72439930	CpG: 96	888	96	562	21.6	63.3	1.08
1138	chr9	72569165	72570339	CpG: 119	1174	119	787	20.3	67	0.9
1139	chr9	72714284	72715176	CpG: 101	892	101	633	22.6	71	0.9
1140	chr9	72764072	72764379	CpG: 24	307	24	182	15.6	59.3	0.89
1140	chr9	72832437	72833367	CpG: 112	930	112	653	24.1	70.2	0.99
1140	chr9	72866081	72866315	CpG: 23	234	23	150	19.7	64.1	0.96
1141	chr9	72892486	72893375	CpG: 89	889	89	576	20	64.8	0.96
1141	chr9	72946715	72947249	CpG: 48	534	48	340	18	63.7	0.89
1141	chr9	72951978	72952334	CpG: 30	356	30	232	16.9	65.2	0.81
1142	chr9	73010523	73011202	CpG: 64	679	64	488	18.9	71.9	0.73
1142	chr9	73020687	73021063	CpG: 45	376	45	251	23.9	66.8	1.08
1155	chr9	74755613	74756894	CpG: 105	1281	105	763	16.4	59.6	0.93
1155	chr9	74768922	74771168	CpG: 162	2246	162	1350	14.4	60.1	0.8
1156	chr9	74859957	74860617	CpG: 67	660	67	447	20.3	67.7	0.93
1156	chr9	74944907	74945429	CpG: 63	522	63	380	24.1	72.8	0.94
1157	chr9	74978209	74979205	CpG: 92	996	92	582	18.5	58.4	1.08
1158	chr9	75139230	75139619	CpG: 32	389	32	273	16.5	70.2	0.67
1158	chr9	75221348	75221839	CpG: 53	491	53	345	21.6	70.3	0.9
1159	chr9	75316472	75317577	CpG: 128	1105	128	756	23.2	68.4	0.99
1159	chr9	75348596	75349265	CpG: 61	669	61	421	18.2	62.9	0.94
1160	chr9	75466412	75466966	CpG: 55	554	55	375	19.9	67.7	0.91
1161	chr9	75518014	75518628	CpG: 55	614	55	389	17.9	63.4	0.89
1161	chr9	75532738	75533617	CpG: 107	879	107	614	24.3	69.9	1
1161	chr9	75591145	75591482	CpG: 32	337	32	222	19	65.9	0.89
1164	chr9	75922188	75922461	CpG: 28	273	28	192	20.5	70.3	0.84
1166	chr9	76230569	76230959	CpG: 28	390	28	222	14.4	56.9	0.89
1168	chr9	76474410	76474653	CpG: 24	243	24	167	19.8	68.7	0.84
1175	chr9	77451684	77452611	CpG: 93	927	93	592	20.1	63.9	0.99
1176	chr9	77562460	77563144	CpG: 85	684	85	479	24.9	70	1.02
1177	chr9	77657895	77658184	CpG: 47	289	47	214	32.5	74	1.19
1177	chr9	77661798	77662505	CpG: 82	707	82	469	23.2	66.3	1.06
1178	chr9	77817737	77818228	CpG: 57	491	57	369	23.2	75.2	0.82
1178	chr9	77824554	77825298	CpG: 63	744	63	430	16.9	57.8	1.01
1180	chr9	78015327	78015893	CpG: 47	566	47	330	16.6	58.3	0.98
1180	chr9	78020411	78020908	CpG: 47	497	47	308	18.9	62	0.99
1180	chr9	78083167	78083415	CpG: 29	248	29	166	23.4	66.9	1.05
1182	chr9	78302882	78303569	CpG: 83	687	83	449	24.2	65.4	1.15
1182	chr9	78334740	78335047	CpG: 26	307	26	206	16.9	67.1	0.75
1182	chr9	78349799	78350550	CpG: 84	751	84	488	22.4	65	1.06
1182	chr9	78355368	78356103	CpG: 90	735	90	493	24.5	67.1	1.09
1182	chr9	78364089	78364308	CpG: 15	219	15	123	13.7	56.2	0.88
1183	chr9	78388140	78389452	CpG: 114	1312	114	823	17.4	62.7	0.89
1183	chr9	78494888	78495454	CpG: 50	566	50	375	17.7	66.3	0.81
1184	chr9	78522910	78523292	CpG: 37	382	37	256	19.4	67	0.87
1185	chr9	78728920	78729198	CpG: 49	278	49	210	35.3	75.5	1.24
1189	chr9	79249607	79250124	CpG: 42	517	42	321	16.2	62.1	0.84
1192	chr9	79625724	79627101	CpG: 99	1377	99	801	14.4	58.2	0.85
1192	chr9	79666772	79667244	CpG: 44	472	44	295	18.6	62.5	0.97
1193	chr9	79700345	79701038	CpG: 68	693	68	385	19.6	55.6	1.27
1195	chr9	79973926	79975219	CpG: 141	1293	141	850	21.8	65.7	1.02
1195	chr9	80072289	80072640	CpG: 42	351	42	258	23.9	73.5	0.9
1206	chr9	81513728	81515590	CpG: 117	1862	117	1156	12.6	62.1	0.66
1208	chr9	81745594	81746058	CpG: 37	464	37	310	15.9	66.8	0.71
1216	chr9	82711707	82712365	CpG: 65	658	65	435	19.8	66.1	0.9
1217	chr9	82856523	82857869	CpG: 180	1346	180	948	26.7	70.4	1.09
1218	chr9	83027910	83028772	CpG: 68	862	68	546	15.8	63.3	0.79
1220	chr9	83322998	83323337	CpG: 34	339	34	220	20.1	64.9	0.96
1221	chr9	83430180	83430686	CpG: 67	506	67	348	26.5	68.8	1.12
1223	chr9	83687821	83688571	CpG: 80	750	80	531	21.3	70.8	0.85
1223	chr9	83716562	83716987	CpG: 41	425	41	295	19.3	69.4	0.86
1224	chr9	83807053	83807365	CpG: 35	312	35	225	22.4	72.1	0.86
1235	chr9	85208481	85210148	CpG: 144	1667	144	1057	17.3	63.4	0.86
1238	chr9	85630956	85631432	CpG: 62	476	62	340	26.1	71.4	1.03
1239	chr9	85724826	85726542	CpG: 159	1716	159	1170	18.5	68.2	0.8
1243	chr9	86346595	86347053	CpG: 63	458	63	330	27.5	72.1	1.08
1243	chr9	86349108	86349704	CpG: 74	596	74	424	24.8	71.1	0.99
1244	chr9	86453620	86454463	CpG: 78	843	78	552	18.5	65.5	0.87
1245	chr9	86577434	86578098	CpG: 91	664	91	509	27.4	76.7	0.95
1246	chr9	86761555	86762914	CpG: 138	1359	138	881	20.3	64.8	0.98
1247	chr9	86897417	86898024	CpG: 72	607	72	416	23.7	68.5	1.02
1248	chr9	86903995	86904408	CpG: 44	413	44	290	21.3	70.2	0.86
1249	chr9	87137330	87137690	CpG: 28	360	28	224	15.6	62.2	0.8
1253	chr9	87611538	87613102	CpG: 152	1564	152	1035	19.4	66.2	0.89
1253	chr9	87621186	87622112	CpG: 67	926	67	574	14.5	62	0.75
1257	chr9	88209157	88209932	CpG: 61	775	61	487	15.7	62.8	0.8
1258	chr9	88320567	88321472	CpG: 81	905	81	592	17.9	65.4	0.85
1259	chr9	88363319	88365252	CpG: 236	1933	236	1382	24.4	71.5	0.99
1259	chr9	88404930	88405482	CpG: 64	552	64	354	23.2	64.1	1.13
1260	chr9	88481583	88481958	CpG: 32	375	32	220	17.1	58.7	1
1260	chr9	88601585	88601881	CpG: 36	296	36	209	24.3	70.6	1
1262	chr9	88740929	88741208	CpG: 25	279	25	156	17.9	55.9	1.15
1263	chr9	88948576	88948953	CpG: 33	377	33	242	17.5	64.2	0.85
1264	chr9	89093194	89093490	CpG: 36	296	36	210	24.3	70.9	0.99
1267	chr9	89504350	89504719	CpG: 26	369	26	192	14.1	52	1.06
1268	chr9	89586744	89587386	CpG: 51	642	51	373	15.9	58.1	0.94
1270	chr9	89790684	89793210	CpG: 163	2526	163	1364	12.9	54	0.89
1271	chr9	89936575	89936781	CpG: 20	206	20	144	19.4	69.9	0.85
1271	chr9	89995924	89996957	CpG: 107	1033	107	698	20.7	67.6	0.97
1271	chr9	90045135	90046024	CpG: 68	889	68	583	15.3	65.6	0.71
1272	chr9	90152367	90152918	CpG: 72	551	72	411	26.1	74.6	0.95
1281	chr9	91237697	91237990	CpG: 25	293	25	179	17.1	61.1	0.92
1281	chr9	91243510	91243785	CpG: 24	275	24	152	17.5	55.3	1.31
1281	chr9	91244400	91244656	CpG: 28	256	28	168	21.9	65.6	1.02
1281	chr9	91246126	91248034	CpG: 156	1908	156	1091	16.4	57.2	1
1281	chr9	91260591	91261257	CpG: 45	666	45	413	13.5	62	0.71
1281	chr9	91263484	91264163	CpG: 58	679	58	386	17.1	56.8	1.07
1281	chr9	91266091	91266544	CpG: 41	453	41	284	18.1	62.7	0.92
1287	chr9	92132421	92132710	CpG: 24	289	24	183	16.6	63.3	0.87
1289	chr9	92339744	92340114	CpG: 36	370	36	264	19.5	71.4	0.77
1290	chr9	92424046	92424820	CpG: 75	774	75	506	19.4	65.4	0.91
1305	chr9	94419141	94421123	CpG: 222	1982	222	1310	22.4	66.1	1.03
163	chr9	95287268	95289814	CpG: 247	2546	247	1754	19.4	68.9	0.82
1312	chr9	95393342	95394358	CpG: 85	1016	85	638	16.7	62.8	0.85
1313	chr9	95441249	95442918	CpG: 148	1669	148	980	17.7	58.7	1.05
1313	chr9	95519611	95520135	CpG: 63	524	63	388	24	74	0.89
1314	chr9	95631852	95632411	CpG: 65	559	65	382	23.3	68.3	1
1315	chr9	95727068	95727380	CpG: 38	312	38	229	24.4	73.4	0.96
1315	chr9	95739540	95740299	CpG: 87	759	87	518	22.9	68.2	0.98
1316	chr9	95836704	95837146	CpG: 35	442	35	263	15.8	59.5	0.9
1317	chr9	96001199	96001837	CpG: 74	638	74	442	23.2	69.3	0.99
1318	chr9	96078164	96078802	CpG: 84	638	84	474	26.3	74.3	0.95
1319	chr9	96245667	96246922	CpG: 128	1255	128	794	20.4	63.3	1.02
1320	chr9	96360281	96360794	CpG: 53	513	53	315	20.7	61.4	1.1
1320	chr9	96419022	96419252	CpG: 26	230	26	173	22.6	75.2	0.91
1321	chr9	96512763	96513627	CpG: 95	864	95	551	22	63.8	1.14
1322	chr9	96601557	96602117	CpG: 75	560	75	405	26.8	72.3	1.03
1323	chr9	96770942	96771996	CpG: 96	1054	96	735	18.2	69.7	0.75
1324	chr9	96877854	96878279	CpG: 34	425	34	283	16	66.6	0.72
1324	chr9	96900090	96901158	CpG: 98	1068	98	692	18.4	64.8	0.88
165	chr9	96992646	96993431	CpG: 90	785	90	543	22.9	69.2	0.96
1326	chr9	97247700	97248064	CpG: 27	364	27	218	14.8	59.9	0.86
1329	chr9	97583118	97583359	CpG: 18	241	18	169	14.9	70.1	0.72
1332	chr9	97914773	97915641	CpG: 102	868	102	614	23.5	70.7	0.96
1334	chr9	98178542	98178998	CpG: 48	456	48	308	21.1	67.5	0.92
1335	chr9	98306885	98307178	CpG: 32	293	32	199	21.8	67.9	0.97
1336	chr9	98445331	98446156	CpG: 69	825	69	537	16.7	65.1	0.79
1336	chr9	98483428	98483810	CpG: 36	382	36	241	18.8	63.1	0.95
1338	chr9	98724457	98724838	CpG: 31	381	31	229	16.3	60.1	0.95
1338	chr9	98738521	98738830	CpG: 29	309	29	219	18.8	70.9	0.79
1338	chr9	98746916	98747267	CpG: 37	351	37	257	21.1	73.2	0.85
1339	chr9	98836708	98836910	CpG: 14	202	14	127	13.9	62.9	0.72
1339	chr9	98837043	98839498	CpG: 245	2455	245	1642	20	66.9	0.89
1339	chr9	98855130	98855481	CpG: 40	351	40	236	22.8	67.2	1.01
1339	chr9	98868231	98868939	CpG: 79	708	79	496	22.3	70.1	0.93
1340	chr9	99021608	99022551	CpG: 121	943	121	665	25.7	70.5	1.08
1341	chr9	99125250	99125757	CpG: 56	507	56	348	22.1	68.6	0.95
1342	chr9	99239884	99240613	CpG: 69	729	69	491	18.9	67.4	0.84
1342	chr9	99318327	99319223	CpG: 94	896	94	618	21	69	0.89
1343	chr9	99375972	99376425	CpG: 37	453	37	288	16.3	63.6	0.83
1343	chr9	99450349	99451046	CpG: 74	697	74	495	21.2	71	0.84
1343	chr9	99457782	99458253	CpG: 52	471	52	318	22.1	67.5	0.98
1344	chr9	99511635	99512097	CpG: 39	462	39	301	16.9	65.2	0.81
1346	chr9	99750773	99751716	CpG: 67	943	67	541	14.2	57.4	0.87
1346	chr9	99752642	99752984	CpG: 24	342	24	186	14	54.4	0.95
1346	chr9	99753392	99753803	CpG: 39	411	39	270	19	65.7	0.89
1346	chr9	99757142	99758472	CpG: 97	1330	97	859	14.6	64.6	0.71
1346	chr9	99829436	99829684	CpG: 22	248	22	179	17.7	72.2	0.68
1351	chr9	100427401	100428396	CpG: 104	995	104	652	20.9	65.5	0.98
1351	chr9	100452801	100453223	CpG: 48	422	48	308	22.7	73	0.86
1351	chr9	100524940	100526544	CpG: 178	1604	178	1028	22.2	64.1	1.08
1354	chr9	100916597	100917013	CpG: 53	416	53	271	25.5	65.1	1.2
1355	chr9	100955518	100957094	CpG: 164	1576	164	917	20.8	58.2	1.23
1355	chr9	100957366	100957653	CpG: 21	287	21	154	14.6	53.7	1.02
1356	chr9	101128253	101129183	CpG: 91	930	91	621	19.6	66.8	0.89
1364	chr9	102230437	102231668	CpG: 99	1231	99	816	16.1	66.3	0.73
1366	chr9	102383092	102383671	CpG: 54	579	54	370	18.7	63.9	0.91
1367	chr9	102503150	102503847	CpG: 86	697	86	486	24.7	69.7	1.02
1367	chr9	102567178	102567544	CpG: 36	366	36	253	19.7	69.1	0.83
1367	chr9	102594796	102596149	CpG: 105	1353	105	817	15.5	60.4	0.87
1368	chr9	102711907	102712745	CpG: 89	838	89	486	21.2	58	1.26
1369	chr9	102885525	102886095	CpG: 46	570	46	376	16.1	66	0.74
1370	chr9	102988852	102989826	CpG: 83	974	83	588	17	60.4	0.94
1371	chr9	103078914	103079339	CpG: 42	425	42	285	19.8	67.1	0.88
1372	chr9	103182106	103182816	CpG: 85	710	85	502	23.9	70.7	0.96
1372	chr9	103241766	103243288	CpG: 182	1522	182	1027	23.9	67.5	1.05
1375	chr9	103638432	103639289	CpG: 85	857	85	580	19.8	67.7	0.87
1377	chr9	103879623	103880432	CpG: 66	809	66	498	16.3	61.6	0.88
172	chr9	103939927	103940376	CpG: 45	449	45	288	20	64.1	0.99
1379	chr9	104139482	104140387	CpG: 98	905	98	638	21.7	70.5	0.87
1385	chr9	104930426	104930674	CpG: 26	248	26	172	21	69.4	0.89
1386	chr9	105008583	105009046	CpG: 56	463	56	324	24.2	70	0.99
1388	chr9	105272286	105272844	CpG: 58	558	58	366	20.8	65.6	0.97
1388	chr9	105371744	105372793	CpG: 106	1049	106	710	20.2	67.7	0.9
1390	chr9	105520085	105520529	CpG: 31	444	31	282	14	63.5	0.7
1390	chr9	105521767	105522130	CpG: 28	363	28	199	15.4	54.8	1.04
174	chr9	106037052	106037324	CpG: 19	272	19	155	14	57	0.86
1394	chr9	106047824	106048472	CpG: 59	648	59	361	18.2	55.7	1.18
1394	chr9	106076172	106076538	CpG: 47	366	47	283	25.7	77.3	0.87
1394	chr9	106080205	106080534	CpG: 47	329	47	253	28.6	76.9	0.97
1394	chr9	106103287	106103676	CpG: 36	389	36	250	18.5	64.3	0.9
1394	chr9	106124795	106125382	CpG: 62	587	62	394	21.1	67.1	0.94
1395	chr9	106244841	106245199	CpG: 32	358	32	229	17.9	64	0.89
1395	chr9	106245604	106246652	CpG: 116	1048	116	694	22.1	66.2	1.01
1396	chr9	106306675	106307068	CpG: 43	393	43	260	21.9	66.2	1.03
1396	chr9	106324590	106324944	CpG: 24	354	24	230	13.6	65	0.64
1396	chr9	106330623	106331350	CpG: 55	727	55	397	15.1	54.6	1.07
1396	chr9	106341937	106342933	CpG: 120	996	120	729	24.1	73.2	0.91
1396	chr9	106354261	106354663	CpG: 36	402	36	261	17.9	64.9	0.87
1397	chr9	106524684	106525030	CpG: 27	346	27	225	15.6	65	0.74
1397	chr9	106527996	106528211	CpG: 19	215	19	144	17.7	67	0.79
1397	chr9	106533024	106533322	CpG: 30	298	30	205	20.1	68.8	0.85
1398	chr9	106562521	106563238	CpG: 85	717	85	520	23.7	72.5	0.9
1398	chr9	106666096	106666468	CpG: 38	372	38	249	20.4	66.9	0.91
1399	chr9	106698966	106699819	CpG: 79	853	79	534	18.5	62.6	0.95
1399	chr9	106762268	106762474	CpG: 14	206	14	136	13.6	66	0.64
1399	chr9	106762830	106764676	CpG: 215	1846	215	1233	23.3	66.8	1.04
1399	chr9	106768753	106769760	CpG: 77	1007	77	603	15.3	59.9	0.86
1401	chr9	107070725	107071105	CpG: 29	380	29	230	15.3	60.5	0.84
1402	chr9	107108467	107109339	CpG: 122	872	122	670	28	76.8	0.95
1402	chr9	107173745	107174200	CpG: 37	455	37	288	16.3	63.3	0.85
1402	chr9	107215320	107215641	CpG: 23	321	23	193	14.3	60.1	0.83
1403	chr9	107276789	107277695	CpG: 85	906	85	575	18.8	63.5	0.93
1403	chr9	107321181	107321450	CpG: 18	269	18	149	13.4	55.4	0.88
1404	chr9	107403828	107404571	CpG: 56	743	56	481	15.1	64.7	0.72
1404	chr9	107411080	107411762	CpG: 59	682	59	447	17.3	65.5	0.81
1404	chr9	107412154	107412475	CpG: 22	321	22	195	13.7	60.7	0.74
1404	chr9	107428613	107429114	CpG: 57	501	57	344	22.8	68.7	0.97
1404	chr9	107431297	107432324	CpG: 94	1027	94	652	18.3	63.5	0.91
1404	chr9	107440416	107440730	CpG: 41	314	41	231	26.1	73.6	0.97
1404	chr9	107446197	107446790	CpG: 44	593	44	387	14.8	65.3	0.7
1404	chr9	107448018	107448291	CpG: 22	273	22	173	16.1	63.4	0.82
1404	chr9	107457920	107458124	CpG: 16	204	16	128	15.7	62.7	0.83
1404	chr9	107464673	107465370	CpG: 55	697	55	397	15.8	57	0.98
1404	chr9	107475988	107476350	CpG: 31	362	31	233	17.1	64.4	0.83
1405	chr9	107489867	107490177	CpG: 33	310	33	222	21.3	71.6	0.83
1405	chr9	107553130	107553917	CpG: 60	787	60	465	15.2	59.1	0.87
1405	chr9	107586441	107587581	CpG: 109	1140	109	702	19.1	61.6	1.01
1406	chr9	107647566	107648304	CpG: 53	738	53	456	14.4	61.8	0.76
1407	chr9	107749543	107750062	CpG: 74	519	74	382	28.5	73.6	1.09
1407	chr9	107765176	107765492	CpG: 25	316	25	210	15.8	66.5	0.72
1407	chr9	107778412	107779089	CpG: 53	677	53	429	15.7	63.4	0.79
1407	chr9	107812968	107813439	CpG: 47	471	47	338	20	71.8	0.78
1407	chr9	107828049	107828480	CpG: 33	431	33	257	15.3	59.6	0.86
1407	chr9	107862976	107863351	CpG: 35	375	35	259	18.7	69.1	0.81
1408	chr9	107879497	107880387	CpG: 78	890	78	578	17.5	64.9	0.83
1408	chr9	107926254	107926781	CpG: 43	527	43	325	16.3	61.7	0.86
1408	chr9	107956356	107956596	CpG: 29	240	29	170	24.2	70.8	1.01
1408	chr9	107971389	107972314	CpG: 65	925	65	595	14.1	64.3	0.7
1408	chr9	107983361	107983781	CpG: 33	420	33	274	15.7	65.2	0.74
1408	chr9	107987688	107987944	CpG: 23	256	23	165	18	64.5	0.87
1408	chr9	107988560	107988770	CpG: 16	210	16	148	15.2	70.5	0.63
1408	chr9	107992454	107992687	CpG: 23	233	23	154	19.7	66.1	0.92
1409	chr9	108067304	108067781	CpG: 61	477	61	336	25.6	70.4	1.05
1410	chr9	108140475	108141390	CpG: 129	915	129	693	28.2	75.7	0.99
1410	chr9	108183054	108184129	CpG: 117	1075	117	703	21.8	65.4	1.02
1410	chr9	108216470	108216813	CpG: 30	343	30	217	17.5	63.3	0.88
1410	chr9	108217016	108217288	CpG: 22	272	22	157	16.2	57.7	0.98
1410	chr9	108224829	108225509	CpG: 65	680	65	439	19.1	64.6	0.97
1411	chr9	108329634	108329888	CpG: 20	254	20	161	15.7	63.4	0.78
1411	chr9	108337703	108338133	CpG: 44	430	44	307	20.5	71.4	0.8
1411	chr9	108368048	108368519	CpG: 43	471	43	310	18.3	65.8	0.87
1411	chr9	108393874	108395130	CpG: 120	1256	120	744	19.1	59.2	1.09
1412	chr9	108437517	108437973	CpG: 51	456	51	290	22.4	63.6	1.11
1412	chr9	108443753	108445017	CpG: 101	1264	101	794	16	62.8	0.81
1412	chr9	108446993	108447659	CpG: 60	666	60	423	18	63.5	0.9
1412	chr9	108455624	108456071	CpG: 38	447	38	293	17	65.5	0.8
1412	chr9	108456250	108456488	CpG: 16	238	16	149	13.4	62.6	0.69
1412	chr9	108474241	108474959	CpG: 68	718	68	486	18.9	67.7	0.83
1412	chr9	108525889	108526736	CpG: 98	847	98	560	23.1	66.1	1.06
1413	chr9	108539274	108539634	CpG: 26	360	26	201	14.4	55.8	0.94
1413	chr9	108569174	108570206	CpG: 119	1032	119	694	23.1	67.2	1.02
1414	chr9	108660837	108661155	CpG: 34	318	34	226	21.4	71.1	0.85
1414	chr9	108685453	108685914	CpG: 48	461	48	266	20.8	57.7	1.26
1414	chr9	108702296	108702520	CpG: 16	224	16	124	14.3	55.4	0.93
1414	chr9	108702990	108705201	CpG: 169	2211	169	1393	15.3	63	0.78
1414	chr9	108709048	108710143	CpG: 98	1095	98	703	17.9	64.2	0.87
1414	chr9	108731252	108731865	CpG: 43	613	43	387	14	63.1	0.71
1414	chr9	108765757	108766260	CpG: 40	503	40	330	15.9	65.6	0.75
1415	chr9	108902833	108903391	CpG: 51	558	51	363	18.3	65.1	0.86
1415	chr9	108911193	108911491	CpG: 23	298	23	191	15.4	64.1	0.87
1416	chr9	108924150	108925044	CpG: 108	894	108	656	24.2	73.4	0.9
1421	chr9	109704451	109705451	CpG: 84	1000	84	625	16.8	62.5	0.86
1422	chr9	109760525	109761655	CpG: 113	1130	113	784	20	69.4	0.84
1423	chr9	109929991	109930202	CpG: 27	211	27	151	25.6	71.6	1
1423	chr9	109946036	109946888	CpG: 85	852	85	601	20	70.5	0.81
1423	chr9	109960691	109961592	CpG: 99	901	99	610	22	67.7	0.97
1424	chr9	110074073	110074907	CpG: 80	834	80	536	19.2	64.3	0.93
1425	chr9	110134018	110134566	CpG: 43	548	43	311	15.7	56.8	0.98
1425	chr9	110158748	110158974	CpG: 19	226	19	161	16.8	71.2	0.71
1425	chr9	110162331	110162805	CpG: 65	474	65	327	27.4	69	1.16
1425	chr9	110209554	110210384	CpG: 59	830	59	547	14.2	65.9	0.66
1426	chr9	110236776	110237439	CpG: 63	663	63	445	19	67.1	0.84
1426	chr9	110305539	110305830	CpG: 30	291	30	194	20.6	66.7	0.97
1426	chr9	110360968	110362377	CpG: 144	1409	144	881	20.4	62.5	1.05
1427	chr9	110459070	110459410	CpG: 26	340	26	202	15.3	59.4	0.88
1427	chr9	110467466	110467698	CpG: 20	232	20	158	17.2	68.1	0.74
1427	chr9	110482740	110483375	CpG: 61	635	61	427	19.2	67.2	0.85
1427	chr9	110485589	110485935	CpG: 26	346	26	197	15	56.9	1.01
1428	chr9	110556076	110556473	CpG: 34	397	34	262	17.1	66	0.79
1428	chr9	110571335	110573138	CpG: 146	1803	146	1049	16.2	58.2	0.97
1428	chr9	110610321	110611013	CpG: 61	692	61	458	17.6	66.2	0.81
1429	chr9	110686939	110687335	CpG: 35	396	35	248	17.7	62.6	0.9
1429	chr9	110702798	110703160	CpG: 27	362	27	214	14.9	59.1	0.85
1429	chr9	110709029	110709508	CpG: 43	479	43	281	18	58.7	1.04
1430	chr9	110782835	110783104	CpG: 24	269	24	174	17.8	64.7	0.89
1431	chr9	110946980	110947719	CpG: 97	739	97	556	26.3	75.2	0.93
1432	chr9	111100179	111101446	CpG: 117	1267	117	796	18.5	62.8	0.94
1432	chr9	111140432	111141872	CpG: 213	1440	213	1109	29.6	77	1
1435	chr9	111519055	111519553	CpG: 53	498	53	335	21.3	67.3	0.95
1439	chr9	112064215	112064698	CpG: 39	483	39	342	16.1	70.8	0.67
1451	chr9	113536950	113537444	CpG: 65	494	65	358	26.3	72.5	1
1451	chr9	113570235	113571203	CpG: 113	968	113	636	23.3	65.7	1.09
1452	chr9	113759809	113760981	CpG: 167	1172	167	893	28.5	76.2	1
1453	chr9	113817753	113818174	CpG: 49	421	49	325	23.3	77.2	0.87
1453	chr9	113855691	113855921	CpG: 30	230	30	169	26.1	73.5	1
1453	chr9	113886306	113886809	CpG: 55	503	55	369	21.9	73.4	0.83
1456	chr9	114197023	114197463	CpG: 44	440	44	285	20	64.8	0.95
1456	chr9	114213804	114214079	CpG: 24	275	24	171	17.5	62.2	0.91
1456	chr9	114219064	114219798	CpG: 90	734	90	505	24.5	68.8	1.05
1456	chr9	114230127	114230755	CpG: 71	628	71	448	22.6	71.3	0.9
1457	chr9	114391348	114393664	CpG: 272	2316	272	1487	23.5	64.2	1.14
1458	chr9	114468895	114469352	CpG: 47	457	47	318	20.6	69.6	0.85
1458	chr9	114517535	114518445	CpG: 93	910	93	599	20.4	65.8	0.95
1459	chr9	114560180	114560610	CpG: 44	430	44	301	20.5	70	0.84
1459	chr9	114582012	114582280	CpG: 23	268	23	184	17.2	68.7	0.74
1459	chr9	114610293	114611116	CpG: 73	823	73	576	17.7	70	0.73
1459	chr9	114672733	114673382	CpG: 68	649	68	457	21	70.4	0.86
1460	chr9	114762442	114763102	CpG: 64	660	64	469	19.4	71.1	0.78
1460	chr9	114807114	114808153	CpG: 84	1039	84	637	16.2	61.3	0.87
1463	chr9	115138569	115140059	CpG: 161	1490	161	954	21.6	64	1.06
1470	chr9	116003733	116004507	CpG: 83	774	83	548	21.4	70.8	0.86
1482	chr9	117701236	117702145	CpG: 82	909	82	593	18	65.2	0.87
1484	chr9	117869170	117870284	CpG: 112	1114	112	747	20.1	67.1	0.9
1485	chr9	117978935	117979424	CpG: 52	489	52	339	21.3	69.3	0.89
1487	chr9	118305931	118306281	CpG: 30	350	30	191	17.1	54.6	1.15
1487	chr9	118307548	118308554	CpG: 105	1006	105	665	20.9	66.1	0.96
1487	chr9	118335207	118336249	CpG: 90	1042	90	649	17.3	62.3	0.89
1488	chr9	118435666	118436395	CpG: 90	729	90	512	24.7	70.2	1
1491	chr9	118754277	118756140	CpG: 180	1863	180	1207	19.3	64.8	0.94
1492	chr9	118922345	118922843	CpG: 45	498	45	346	18.1	69.5	0.75
1492	chr9	118931724	118932036	CpG: 34	312	34	194	21.8	62.2	1.14
1492	chr9	118985601	118986127	CpG: 54	526	54	371	20.5	70.5	0.83
1492	chr9	118991690	118991926	CpG: 23	236	23	154	19.5	65.3	0.92
1494	chr9	119150950	119152177	CpG: 112	1227	112	767	18.3	62.5	0.94
1494	chr9	119168686	119169066	CpG: 34	380	34	243	17.9	63.9	0.88
1494	chr9	119170576	119171033	CpG: 50	457	50	332	21.9	72.6	0.83
1494	chr9	119186520	119186977	CpG: 58	457	58	325	25.4	71.1	1.01
1494	chr9	119230982	119232666	CpG: 181	1684	181	1150	21.5	68.3	0.92
1494	chr9	119256511	119256768	CpG: 22	257	22	168	17.1	65.4	0.82
1494	chr9	119273902	119274243	CpG: 44	341	44	234	25.8	68.6	1.11
1495	chr9	119314699	119315009	CpG: 24	310	24	195	15.5	62.9	0.8
1496	chr9	119407540	119408415	CpG: 93	875	93	561	21.3	64.1	1.03
1498	chr9	119723813	119724599	CpG: 90	786	90	524	22.9	66.7	1.03
1498	chr9	119766515	119766845	CpG: 29	330	29	227	17.6	68.8	0.75
1499	chr9	119803256	119803476	CpG: 17	220	17	139	15.5	63.2	0.78
1499	chr9	119812043	119813150	CpG: 110	1107	110	731	19.9	66	0.92
1499	chr9	119840106	119840587	CpG: 52	481	52	323	21.6	67.2	0.96
1500	chr9	119939368	119939962	CpG: 56	594	56	392	18.9	66	0.88
1500	chr9	119956566	119957229	CpG: 73	663	73	419	22	63.2	1.1
1501	chr9	120132713	120133621	CpG: 116	908	116	648	25.6	71.4	1.01
1502	chr9	120321447	120322150	CpG: 95	703	95	509	27	72.4	1.03
1503	chr9	120400447	120400864	CpG: 56	417	56	305	26.9	73.1	1.01
1503	chr9	120406150	120406646	CpG: 46	496	46	315	18.5	63.5	0.92
1506	chr9	120762244	120763621	CpG: 170	1377	170	968	24.7	70.3	1.02
1507	chr9	120870377	120871496	CpG: 69	1119	69	652	12.3	58.3	0.73
1508	chr9	121106130	121107023	CpG: 63	893	63	547	14.1	61.3	0.75
1509	chr9	121126372	121127155	CpG: 79	783	79	432	20.2	55.2	1.33
1510	chr9	121283406	121283658	CpG: 17	252	17	156	13.5	61.9	0.7
1510	chr9	121323346	121323766	CpG: 37	420	37	278	17.6	66.2	0.8
1511	chr9	121470696	121472177	CpG: 132	1481	132	997	17.8	67.3	0.79
1511	chr9	121498454	121498704	CpG: 24	250	24	175	19.2	70	0.79
1512	chr9	121533855	121534365	CpG: 51	510	51	362	20	71	0.8
1512	chr9	121539325	121539844	CpG: 46	519	46	328	17.7	63.2	0.89
1512	chr9	121547945	121549118	CpG: 106	1173	106	633	18.1	54	1.25
1512	chr9	121588274	121589687	CpG: 155	1413	155	1040	21.9	73.6	0.81
1512	chr9	121591700	121592116	CpG: 33	416	33	267	15.9	64.2	0.78
1512	chr9	121606835	121607596	CpG: 76	761	76	495	20	65	0.94
1512	chr9	121617956	121618198	CpG: 17	242	17	147	14	60.7	0.81
1513	chr9	121668020	121668605	CpG: 57	585	57	383	19.5	65.5	0.95
1513	chr9	121686079	121687029	CpG: 96	950	96	634	20.2	66.7	0.92
1514	chr9	121824730	121825124	CpG: 43	394	43	293	21.8	74.4	0.8
1515	chr9	121946249	121946959	CpG: 94	710	94	446	26.5	62.8	1.34
1515	chr9	121995609	121996028	CpG: 33	419	33	272	15.8	64.9	0.75
1516	chr9	122123020	122123658	CpG: 59	638	59	434	18.5	68	0.8
1517	chr9	122180508	122181252	CpG: 111	744	111	555	29.8	74.6	1.08
1518	chr9	122397887	122398853	CpG: 92	966	92	666	19	68.9	0.81
1518	chr9	122400481	122400740	CpG: 22	259	22	156	17	60.2	0.94
1518	chr9	122401270	122401788	CpG: 61	518	61	382	23.6	73.7	0.87
1520	chr9	122576194	122576516	CpG: 25	322	25	228	15.5	70.8	0.62
1520	chr9	122634591	122634923	CpG: 31	332	31	215	18.7	64.8	0.89
1521	chr9	122694823	122695072	CpG: 28	249	28	172	22.5	69.1	1
1521	chr9	122715890	122716239	CpG: 47	349	47	241	26.9	69.1	1.15
1521	chr9	122732366	122732601	CpG: 17	235	17	161	14.5	68.5	0.63
1521	chr9	122751995	122752340	CpG: 40	345	40	250	23.2	72.5	0.89
1521	chr9	122779766	122780383	CpG: 60	617	60	394	19.4	63.9	0.96
1522	chr9	122850175	122850655	CpG: 49	480	49	298	20.4	62.1	1.07
1522	chr9	122941916	122942575	CpG: 70	659	70	428	21.2	64.9	1.01
1523	chr9	122985883	122986174	CpG: 35	291	35	194	24.1	66.7	1.09
1523	chr9	123044754	123045059	CpG: 26	305	26	212	17	69.5	0.71
1524	chr9	123088672	123090030	CpG: 154	1358	154	919	22.7	67.7	1
1524	chr9	123180061	123180491	CpG: 29	430	29	297	13.5	69.1	0.68
1524	chr9	123195819	123196196	CpG: 27	377	27	240	14.3	63.7	0.71
1526	chr9	123358645	123359262	CpG: 74	617	74	442	24	71.6	0.94
1527	chr9	123507331	123508024	CpG: 69	693	69	414	19.9	59.7	1.12
1527	chr9	123546442	123546871	CpG: 37	429	37	257	17.2	59.9	0.96
1528	chr9	123680556	123681224	CpG: 59	668	59	423	17.7	63.3	0.88
1528	chr9	123722338	123723851	CpG: 152	1513	152	1030	20.1	68.1	0.87
1528	chr9	123724647	123725646	CpG: 85	999	85	592	17	59.3	0.97
1532	chr9	124193907	124196812	CpG: 250	2905	250	1665	17.2	57.3	1.05
1532	chr9	124200883	124201392	CpG: 37	509	37	339	14.5	66.6	0.66
585	chrUn_GL456370v1	1485	1737	CpG: 32	252	32	146	25.4	57.9	1.62
585	chrUn_GL456378v1	27402	28190	CpG: 94	788	94	526	23.9	66.8	1.07
585	chrUn_MU069435v1	592	1302	CpG: 96	710	96	470	27	66.2	1.23
585	chrUn_MU069435v1	30568	31024	CpG: 35	456	35	240	15.4	52.6	1.16
626	chrX	5379984	5380284	CpG: 30	300	30	186	20	62	1.04
626	chrX	5380609	5380821	CpG: 18	212	18	143	17	67.5	0.75
630	chrX	5959345	5960501	CpG: 129	1156	129	701	22.3	60.6	1.22
630	chrX	5994240	5995422	CpG: 81	1182	81	746	13.7	63.1	0.69
631	chrX	6084352	6085502	CpG: 112	1150	112	647	19.5	56.3	1.23
633	chrX	6312145	6312955	CpG: 76	810	76	583	18.8	72	0.73
636	chrX	6690849	6691127	CpG: 26	278	26	199	18.7	71.6	0.77
639	chrX	7184811	7185678	CpG: 80	867	80	590	18.5	68.1	0.8
640	chrX	7242121	7242328	CpG: 21	207	21	151	20.3	72.9	0.77
641	chrX	7439622	7440483	CpG: 86	861	86	568	20	66	0.92
642	chrX	7476365	7476588	CpG: 18	223	18	133	16.1	59.6	0.92
642	chrX	7504725	7505001	CpG: 29	276	29	193	21	69.9	0.86
642	chrX	7514866	7515095	CpG: 19	229	19	157	16.6	68.6	0.71
642	chrX	7537415	7537712	CpG: 27	297	27	207	18.2	69.7	0.75
642	chrX	7563388	7563656	CpG: 28	268	28	168	20.9	62.7	1.06
642	chrX	7580408	7580832	CpG: 46	424	46	288	21.7	67.9	0.94
642	chrX	7594613	7594931	CpG: 28	318	28	196	17.6	61.6	0.93
643	chrX	7616749	7617292	CpG: 54	543	54	365	19.9	67.2	0.88
643	chrX	7628737	7629247	CpG: 43	510	43	344	16.9	67.5	0.75
643	chrX	7707806	7708935	CpG: 106	1129	106	673	18.8	59.6	1.06
644	chrX	7744317	7745028	CpG: 61	711	61	463	17.2	65.1	0.81
644	chrX	7750288	7750860	CpG: 45	572	45	352	15.7	61.5	0.86
644	chrX	7765476	7765890	CpG: 43	414	43	269	20.8	65	0.99
644	chrX	7788292	7789326	CpG: 81	1034	81	631	15.7	61	0.84
644	chrX	7813898	7814508	CpG: 47	610	47	391	15.4	64.1	0.87
645	chrX	7940129	7941080	CpG: 104	951	104	643	21.9	67.6	1.02
645	chrX	7962725	7963147	CpG: 46	422	46	286	21.8	67.8	0.95
80	chrX	7995254	7995504	CpG: 19	250	19	166	15.2	66.4	0.72
646	chrX	8011504	8012111	CpG: 57	607	57	380	18.8	62.6	0.96
646	chrX	8041907	8042406	CpG: 45	499	45	323	18	64.7	0.87
646	chrX	8058892	8059161	CpG: 25	269	25	178	18.6	66.2	0.85
646	chrX	8072548	8072959	CpG: 34	411	34	240	16.5	58.4	0.97
651	chrX	8758612	8759609	CpG: 118	997	118	727	23.7	72.9	0.9
654	chrX	9066061	9067140	CpG: 120	1079	120	767	22.2	71.1	0.88
654	chrX	9138856	9139509	CpG: 73	653	73	399	22.4	61.1	1.2
655	chrX	9194263	9194485	CpG: 21	222	21	153	18.9	68.9	0.8
661	chrX	10082768	10083125	CpG: 33	357	33	229	18.5	64.1	0.91
665	chrX	10583401	10584934	CpG: 105	1533	105	903	13.7	58.9	0.79
671	chrX	11358303	11358628	CpG: 26	325	26	194	16	59.7	0.9
672	chrX	11530809	11531580	CpG: 73	771	73	501	18.9	65	0.9
674	chrX	11673280	11674158	CpG: 69	878	69	479	15.7	54.6	1.07
675	chrX	11865270	11865697	CpG: 48	427	48	304	22.5	71.2	0.89
675	chrX	11872519	11873635	CpG: 111	1116	111	734	19.9	65.8	0.94
676	chrX	11943100	11948154	CpG: 405	5054	405	3017	16	59.7	0.91
676	chrX	11953221	11958299	CpG: 368	5078	368	3118	14.5	61.4	0.77
676	chrX	11993996	11995061	CpG: 95	1065	95	659	17.8	61.9	0.93
676	chrX	11999545	12000051	CpG: 47	506	47	338	18.6	66.8	0.84
676	chrX	12001811	12003802	CpG: 129	1991	129	1117	13	56.1	0.82
676	chrX	12006407	12006838	CpG: 43	431	43	308	20	71.5	0.78
676	chrX	12018782	12019068	CpG: 21	286	21	166	14.7	58	0.88
676	chrX	12022059	12022521	CpG: 34	462	34	291	14.7	63	0.75
676	chrX	12024693	12026812	CpG: 145	2119	145	1280	13.7	60.4	0.76
677	chrX	12118678	12119010	CpG: 24	332	24	196	14.5	59	0.83
680	chrX	12453659	12454404	CpG: 61	745	61	477	16.4	64	0.81
680	chrX	12539535	12539896	CpG: 30	361	30	214	16.6	59.3	0.95
681	chrX	12627940	12628668	CpG: 88	728	88	526	24.2	72.3	0.94
682	chrX	12803058	12803487	CpG: 40	429	40	263	18.6	61.3	1
683	chrX	12937897	12939328	CpG: 140	1431	140	902	19.6	63	0.99
685	chrX	13147072	13148347	CpG: 132	1275	132	884	20.7	69.3	0.88
686	chrX	13327800	13328294	CpG: 40	494	40	319	16.2	64.6	0.78
686	chrX	13352203	13352946	CpG: 91	743	91	516	24.5	69.4	1.02
689	chrX	13712169	13713344	CpG: 139	1175	139	814	23.7	69.3	0.99
710	chrX	16484693	16485198	CpG: 50	505	50	338	19.8	66.9	0.88
722	chrX	18028067	18029807	CpG: 158	1740	158	1133	18.2	65.1	0.86
737	chrX	19925963	19927359	CpG: 142	1396	142	928	20.3	66.5	0.92
738	chrX	20157876	20158260	CpG: 42	384	42	282	21.9	73.4	0.82
739	chrX	20291450	20292468	CpG: 97	1018	97	676	19.1	66.4	0.9
741	chrX	20483271	20483703	CpG: 40	432	40	264	18.5	61.1	1
741	chrX	20483980	20484404	CpG: 34	424	34	268	16	63.2	0.83
741	chrX	20554713	20555060	CpG: 41	347	41	227	23.6	65.4	1.11
741	chrX	20570119	20570813	CpG: 52	694	52	427	15	61.5	0.87
743	chrX	20714871	20715082	CpG: 19	211	19	131	18	62.1	0.96
743	chrX	20786627	20787415	CpG: 84	788	84	556	21.3	70.6	0.87
743	chrX	20827832	20828443	CpG: 49	611	49	358	16	58.6	0.94
746	chrX	21227054	21227311	CpG: 27	257	27	155	21	60.3	1.16
762	chrX	23230877	23231129	CpG: 24	252	24	169	19	67.1	0.85
764	chrX	23559035	23559723	CpG: 56	688	56	434	16.3	63.1	0.85
853	chrX	35152468	35153045	CpG: 55	577	55	386	19.1	66.9	0.86
854	chrX	35375600	35376101	CpG: 52	501	52	363	20.8	72.5	0.81
856	chrX	35591984	35593166	CpG: 119	1182	119	804	20.1	68	0.87
856	chrX	35593594	35593926	CpG: 26	332	26	205	15.7	61.7	0.83
858	chrX	35861640	35862516	CpG: 81	876	81	600	18.5	68.5	0.8
858	chrX	35908562	35908944	CpG: 45	382	45	272	23.6	71.2	0.94
859	chrX	36007300	36007703	CpG: 32	403	32	288	15.9	71.5	0.63
860	chrX	36059137	36060097	CpG: 79	960	79	619	16.5	64.5	0.79
860	chrX	36071430	36071789	CpG: 33	359	33	220	18.4	61.3	0.99
860	chrX	36127733	36128097	CpG: 32	364	32	199	17.6	54.7	1.18
860	chrX	36137891	36138786	CpG: 87	895	87	582	19.4	65	0.93
862	chrX	36312044	36313474	CpG: 102	1430	102	909	14.3	63.6	0.71
862	chrX	36348744	36348997	CpG: 25	253	25	153	19.8	60.5	1.11
862	chrX	36373759	36374212	CpG: 35	453	35	266	15.5	58.7	0.92
862	chrX	36390581	36390973	CpG: 49	392	49	259	25	66.1	1.17
863	chrX	36454551	36455399	CpG: 82	848	82	535	19.3	63.1	0.97
866	chrX	36915789	36916032	CpG: 17	243	17	137	14	56.4	0.88
867	chrX	36990498	36990741	CpG: 17	243	17	138	14	56.8	0.87
868	chrX	37210414	37210647	CpG: 23	233	23	119	19.7	51.1	1.53
869	chrX	37269705	37270129	CpG: 30	424	30	267	14.2	63	0.73
869	chrX	37278507	37279095	CpG: 62	588	62	402	21.1	68.4	0.9
872	chrX	37653538	37654051	CpG: 51	513	51	363	19.9	70.8	0.81
872	chrX	37723854	37724218	CpG: 29	364	29	213	15.9	58.5	0.94
897	chrX	40999918	41000861	CpG: 81	943	81	615	17.2	65.2	0.81
899	chrX	41156843	41157359	CpG: 43	516	43	326	16.7	63.2	0.86
899	chrX	41237752	41239420	CpG: 152	1668	152	1027	18.2	61.6	0.96
916	chrX	43456642	43456857	CpG: 24	215	24	154	22.3	71.6	0.9
919	chrX	43878241	43878984	CpG: 68	743	68	492	18.3	66.2	0.84
943	chrX	46981074	46981348	CpG: 22	274	22	176	16.1	64.2	0.78
944	chrX	47123094	47123700	CpG: 59	606	59	421	19.5	69.5	0.81
945	chrX	47297079	47297658	CpG: 40	579	40	358	13.8	61.8	0.73
946	chrX	47345477	47345853	CpG: 28	376	28	212	14.9	56.4	0.95
946	chrX	47374537	47374945	CpG: 38	408	38	282	18.6	69.1	0.82
946	chrX	47403707	47403989	CpG: 23	282	23	185	16.3	65.6	0.76
946	chrX	47429656	47431205	CpG: 129	1549	129	912	16.7	58.9	1
946	chrX	47432519	47433111	CpG: 44	592	44	352	14.9	59.5	0.86
946	chrX	47434264	47434663	CpG: 39	399	39	296	19.5	74.2	0.82
947	chrX	47498811	47499240	CpG: 29	429	29	275	13.5	64.1	0.66
947	chrX	47541782	47543539	CpG: 142	1757	142	966	16.2	55	1.07
948	chrX	47602120	47602527	CpG: 39	407	39	267	19.2	65.6	0.92
948	chrX	47682978	47683262	CpG: 29	284	29	199	20.4	70.1	0.84
949	chrX	47783834	47784193	CpG: 38	359	38	237	21.2	66	1
955	chrX	48582724	48583218	CpG: 39	494	39	320	15.8	64.8	0.76
956	chrX	48749759	48749989	CpG: 23	230	23	158	20	68.7	0.86
962	chrX	49462571	49462889	CpG: 26	318	26	180	16.4	56.6	1.02
965	chrX	49930185	49930764	CpG: 40	579	40	389	13.8	67.2	0.61
967	chrX	50106826	50107946	CpG: 91	1120	91	674	16.2	60.2	0.9
968	chrX	50293686	50295133	CpG: 106	1447	106	797	14.7	55.1	0.98
972	chrX	50768785	50770466	CpG: 151	1681	151	1130	18	67.2	0.8
976	chrX	51253022	51254419	CpG: 120	1397	120	904	17.2	64.7	0.83
979	chrX	51701242	51701444	CpG: 16	202	16	126	15.8	62.4	0.82
979	chrX	51702406	51703137	CpG: 50	731	50	417	13.7	57	0.85
980	chrX	51833139	51833532	CpG: 35	393	35	266	17.8	67.7	0.79
980	chrX	51861447	51861651	CpG: 18	204	18	116	17.6	56.9	1.1
980	chrX	51879986	51880242	CpG: 19	256	19	169	14.8	66	0.68
981	chrX	52000958	52001550	CpG: 66	592	66	408	22.3	68.9	0.94
982	chrX	52076879	52077500	CpG: 66	621	66	449	21.3	72.3	0.84
982	chrX	52145623	52146208	CpG: 48	585	48	308	16.4	52.6	1.28
984	chrX	52358320	52358883	CpG: 40	563	40	356	14.2	63.2	0.72
986	chrX	52645073	52645531	CpG: 35	458	35	300	15.3	65.5	0.71
986	chrX	52671750	52672208	CpG: 35	458	35	300	15.3	65.5	0.71
987	chrX	52718386	52718705	CpG: 36	319	36	219	22.6	68.7	0.96
987	chrX	52758443	52758694	CpG: 17	251	17	162	13.5	64.5	0.78
989	chrX	52976623	52976962	CpG: 35	339	35	216	20.6	63.7	1.03
996	chrX	53912101	53912938	CpG: 54	837	54	472	12.9	56.4	0.81
1002	chrX	54688687	54688920	CpG: 18	233	18	161	15.5	69.1	0.65
1007	chrX	55419815	55420360	CpG: 54	545	54	379	19.8	69.5	0.83
1008	chrX	55500749	55501427	CpG: 58	678	58	440	17.1	64.9	0.81
1009	chrX	55643113	55643587	CpG: 45	474	45	302	19	63.7	0.95
1009	chrX	55655279	55655529	CpG: 22	250	22	161	17.6	64.4	0.85
1010	chrX	55776644	55777489	CpG: 91	845	91	517	21.5	61.2	1.16
126	chrX	56098529	56099144	CpG: 71	615	71	413	23.1	67.2	1.02
1015	chrX	56437930	56438398	CpG: 35	468	35	269	15	57.5	0.92
1016	chrX	56548873	56549268	CpG: 40	395	40	274	20.3	69.4	0.84
1020	chrX	57064065	57064310	CpG: 19	245	19	139	15.5	56.7	0.97
1020	chrX	57064545	57064776	CpG: 17	231	17	141	14.7	61	0.79
1020	chrX	57075691	57076164	CpG: 36	473	36	308	15.2	65.1	0.72
1020	chrX	57076848	57077268	CpG: 42	420	42	279	20	66.4	0.91
1020	chrX	57083457	57084449	CpG: 78	992	78	621	15.7	62.6	0.81
1028	chrX	58179365	58180181	CpG: 74	816	74	502	18.1	61.5	0.96
1032	chrX	58612594	58613653	CpG: 96	1059	96	648	18.1	61.2	0.97
1038	chrX	59448681	59449776	CpG: 116	1095	116	691	21.2	63.1	1.07
1039	chrX	59590981	59591230	CpG: 41	249	41	201	32.9	80.7	1.05
1042	chrX	59934403	59934726	CpG: 24	323	24	173	14.9	53.6	1.04
1042	chrX	59935504	59938145	CpG: 217	2641	217	1550	16.4	58.7	0.96
1068	chrX	63319380	63319620	CpG: 28	240	28	171	23.3	71.2	0.92
1068	chrX	63320310	63320698	CpG: 39	388	39	262	20.1	67.5	0.93
1101	chrX	67721789	67723018	CpG: 112	1229	112	775	18.2	63.1	0.93
1102	chrX	67864701	67865007	CpG: 29	306	29	195	19	63.7	0.94
1106	chrX	68404109	68404410	CpG: 41	301	41	222	27.2	73.8	1
1115	chrX	69520514	69520816	CpG: 32	302	32	202	21.2	66.9	1
1119	chrX	70093686	70093985	CpG: 29	299	29	189	19.4	63.2	0.98
1119	chrX	70094593	70094895	CpG: 21	302	21	179	13.9	59.3	0.79
1122	chrX	70408371	70408775	CpG: 37	404	37	262	18.3	64.9	0.88
1123	chrX	70599315	70600843	CpG: 175	1528	175	1021	22.9	66.8	1.04
1124	chrX	70707824	70708324	CpG: 63	500	63	337	25.2	67.4	1.12
1125	chrX	70860054	70860526	CpG: 44	472	44	279	18.6	59.1	1.07
1126	chrX	71005889	71006653	CpG: 68	764	68	559	17.8	73.2	0.68
1133	chrX	71868632	71869094	CpG: 39	462	39	311	16.9	67.3	0.75
1134	chrX	71961817	71962087	CpG: 25	270	25	169	18.5	62.6	0.95
1134	chrX	72030949	72031170	CpG: 27	221	27	157	24.4	71	0.99
1136	chrX	72271782	72272744	CpG: 83	962	83	665	17.3	69.1	0.72
1137	chrX	72386148	72386452	CpG: 34	304	34	214	22.4	70.4	0.92
1137	chrX	72397493	72397984	CpG: 34	491	34	308	13.8	62.7	0.7
1137	chrX	72465713	72466054	CpG: 27	341	27	215	15.8	63	0.8
1138	chrX	72546686	72547144	CpG: 46	458	46	318	20.1	69.4	0.84
1139	chrX	72680862	72681166	CpG: 25	304	25	204	16.4	67.1	0.74
1139	chrX	72683065	72684022	CpG: 67	957	67	605	14	63.2	0.7
1139	chrX	72703304	72703694	CpG: 37	390	37	275	19	70.5	0.77
1139	chrX	72716692	72717653	CpG: 115	961	115	698	23.9	72.6	0.91
1140	chrX	72759682	72760276	CpG: 50	594	50	391	16.8	65.8	0.78
1140	chrX	72830502	72831095	CpG: 54	593	54	381	18.2	64.2	0.89
1140	chrX	72867048	72867301	CpG: 23	253	23	169	18.2	66.8	0.82
1140	chrX	72868056	72868700	CpG: 57	644	57	432	17.7	67.1	0.79
1141	chrX	72965198	72965951	CpG: 62	753	62	469	16.5	62.3	0.85
1142	chrX	73009428	73011490	CpG: 135	2062	135	1235	13.1	59.9	0.74
1142	chrX	73066990	73067562	CpG: 51	572	51	325	17.8	56.8	1.11
1142	chrX	73128616	73129329	CpG: 76	713	76	464	21.3	65.1	1.01
1144	chrX	73289381	73290316	CpG: 71	935	71	568	15.2	60.7	0.82
1144	chrX	73293350	73293619	CpG: 29	269	29	165	21.6	61.3	1.15
1144	chrX	73298182	73298607	CpG: 39	425	39	269	18.4	63.3	0.92
1144	chrX	73314307	73314518	CpG: 18	211	18	118	17.1	55.9	1.1
1144	chrX	73356535	73357063	CpG: 47	528	47	324	17.8	61.4	0.95
1144	chrX	73372548	73372809	CpG: 27	261	27	193	20.7	73.9	0.76
1145	chrX	73411851	73412304	CpG: 35	453	35	288	15.5	63.6	0.78
1145	chrX	73416697	73417046	CpG: 29	349	29	228	16.6	65.3	0.81
1145	chrX	73436583	73436814	CpG: 17	231	17	145	14.7	62.8	0.76
1145	chrX	73472351	73472679	CpG: 24	328	24	198	14.6	60.4	0.81
1150	chrX	74139450	74139843	CpG: 30	393	30	220	15.3	56	0.98
1150	chrX	74174323	74174831	CpG: 36	508	36	300	14.2	59.1	0.82
1151	chrX	74186803	74187208	CpG: 43	405	43	257	21.2	63.5	1.06
1151	chrX	74276471	74276678	CpG: 35	207	35	168	33.8	81.2	1.03
1153	chrX	74459890	74460330	CpG: 41	440	41	298	18.6	67.7	0.82
1153	chrX	74519008	74519271	CpG: 27	263	27	156	20.5	59.3	1.18
1154	chrX	74621372	74621715	CpG: 25	343	25	216	14.6	63	0.74
1155	chrX	74767286	74767563	CpG: 35	277	35	203	25.3	73.3	0.95
1157	chrX	75010085	75010433	CpG: 28	348	28	214	16.1	61.5	0.86
1168	chrX	76477193	76477403	CpG: 18	210	18	137	17.1	65.2	0.81
1169	chrX	76554325	76555347	CpG: 115	1022	115	744	22.5	72.8	0.85
1171	chrX	76838827	76839696	CpG: 80	869	80	574	18.4	66.1	0.85
1177	chrX	77627195	77627444	CpG: 22	249	22	161	17.7	64.7	0.92
1196	chrX	80114049	80114843	CpG: 65	794	65	483	16.4	60.8	0.89
1230	chrX	84617264	84618081	CpG: 83	817	83	552	20.3	67.6	0.9
1232	chrX	84820424	84820804	CpG: 32	380	32	243	16.8	63.9	0.82
1235	chrX	85235286	85235920	CpG: 49	634	49	417	15.5	65.8	0.72
1289	chrX	92329985	92330214	CpG: 23	229	23	147	20.1	64.2	0.98
1289	chrX	92332042	92332960	CpG: 73	918	73	498	15.9	54.2	1.08
1289	chrX	92338230	92338473	CpG: 23	243	23	180	18.9	74.1	0.72
1289	chrX	92340676	92341048	CpG: 40	372	40	265	21.5	71.2	0.85
1289	chrX	92342683	92342996	CpG: 36	313	36	217	23	69.3	0.97
1292	chrX	92675555	92676041	CpG: 44	486	44	301	18.1	61.9	0.95
1293	chrX	92875483	92875981	CpG: 60	498	60	350	24.1	70.3	0.98
1294	chrX	92963267	92963500	CpG: 15	233	15	156	12.9	67	0.62
1294	chrX	92965736	92966656	CpG: 88	920	88	619	19.1	67.3	0.88
1294	chrX	93024208	93024682	CpG: 43	474	43	286	18.1	60.3	1.01
1294	chrX	93032282	93032499	CpG: 25	217	25	160	23	73.7	0.85
1295	chrX	93165693	93167284	CpG: 179	1591	179	1083	22.5	68.1	0.98
1296	chrX	93221240	93221483	CpG: 17	243	17	145	14	59.7	0.8
1296	chrX	93221586	93221802	CpG: 27	216	27	149	25	69	1.09
1296	chrX	93256266	93256918	CpG: 50	652	50	369	15.3	56.6	0.96
1296	chrX	93277901	93279122	CpG: 119	1221	119	863	19.5	70.7	0.79
1297	chrX	93410252	93410757	CpG: 45	505	45	326	17.8	64.6	0.86
162	chrX	93584673	93585692	CpG: 78	1019	78	624	15.3	61.2	0.84
1299	chrX	93679677	93680169	CpG: 49	492	49	332	19.9	67.5	0.9
1300	chrX	93768104	93770137	CpG: 157	2033	157	1130	15.4	55.6	1
1300	chrX	93770276	93770484	CpG: 17	208	17	128	16.3	61.5	0.86
1300	chrX	93817352	93817853	CpG: 44	501	44	300	17.6	59.9	1.02
1300	chrX	93839586	93839794	CpG: 17	208	17	128	16.3	61.5	0.86
1300	chrX	93839933	93841965	CpG: 158	2032	158	1138	15.6	56	1
1302	chrX	94034191	94034415	CpG: 18	224	18	162	16.1	72.3	0.66
1302	chrX	94070038	94070306	CpG: 23	268	23	165	17.2	61.6	0.91
1303	chrX	94240004	94240238	CpG: 16	234	16	151	13.7	64.5	0.66
1307	chrX	94755175	94755727	CpG: 46	552	46	366	16.7	66.3	0.77
1309	chrX	95000372	95000691	CpG: 26	319	26	192	16.3	60.2	0.92
1309	chrX	95011954	95012192	CpG: 17	238	17	160	14.3	67.2	0.71
1310	chrX	95139612	95139875	CpG: 23	263	23	164	17.5	62.4	0.9
1318	chrX	96116098	96116302	CpG: 16	204	16	138	15.7	67.6	0.69
1332	chrX	97934010	97934666	CpG: 47	656	47	413	14.3	63	0.72
1332	chrX	97980487	97981805	CpG: 115	1318	115	836	17.5	63.4	0.88
1333	chrX	98086195	98086728	CpG: 39	533	39	339	14.6	63.6	0.72
1334	chrX	98179717	98180572	CpG: 82	855	82	574	19.2	67.1	0.88
1334	chrX	98260302	98260810	CpG: 58	508	58	370	22.8	72.8	0.86
1336	chrX	98514021	98514462	CpG: 40	441	40	300	18.1	68	0.79
1339	chrX	98863468	98865215	CpG: 147	1747	147	970	16.8	55.5	1.09
1343	chrX	99472629	99472998	CpG: 28	369	28	214	15.2	58	0.9
1345	chrX	99669383	99669875	CpG: 45	492	45	301	18.3	61.2	0.98
1346	chrX	99820608	99821012	CpG: 40	404	40	287	19.8	71	0.79
1348	chrX	100103259	100103521	CpG: 21	262	21	146	16	55.7	1.04
1349	chrX	100265786	100266196	CpG: 35	410	35	244	17.1	59.5	0.98
1350	chrX	100297638	100298828	CpG: 77	1190	77	710	12.9	59.7	0.75
1350	chrX	100317450	100318012	CpG: 48	562	48	347	17.1	61.7	0.91
1351	chrX	100428312	100428609	CpG: 25	297	25	186	16.8	62.6	0.87
1351	chrX	100463244	100463694	CpG: 39	450	39	308	17.3	68.4	0.74
1351	chrX	100473044	100473566	CpG: 42	522	42	318	16.1	60.9	0.87
1352	chrX	100576092	100576691	CpG: 41	599	41	347	13.7	57.9	0.82
1353	chrX	100739418	100741602	CpG: 213	2184	213	1380	19.5	63.2	1.19
1353	chrX	100741907	100742112	CpG: 17	205	17	126	16.6	61.5	0.9
1354	chrX	100812117	100812318	CpG: 16	201	16	121	15.9	60.2	0.88
1354	chrX	100837777	100838357	CpG: 42	580	42	350	14.5	60.3	0.8
1354	chrX	100893100	100894108	CpG: 104	1008	104	704	20.6	69.8	0.85
1356	chrX	101114557	101115057	CpG: 48	500	48	334	19.2	66.8	0.87
1357	chrX	101200628	101200986	CpG: 31	358	31	210	17.3	58.7	1.03
1357	chrX	101222072	101222392	CpG: 39	320	39	238	24.4	74.4	0.9
1357	chrX	101232796	101233028	CpG: 22	232	22	150	19	64.7	0.91
1357	chrX	101293653	101295936	CpG: 183	2283	183	1395	16	61.1	0.86
1360	chrX	101687483	101687988	CpG: 54	505	54	353	21.4	69.9	0.88
1363	chrX	101977192	101977878	CpG: 67	686	67	497	19.5	72.4	0.75
1363	chrX	102057265	102057989	CpG: 53	724	53	444	14.6	61.3	0.78
1364	chrX	102110157	102110881	CpG: 53	724	53	444	14.6	61.3	0.78
1364	chrX	102208604	102209166	CpG: 83	562	83	425	29.5	75.6	1.03
1365	chrX	102271314	102271536	CpG: 17	222	17	133	15.3	59.9	0.85
1366	chrX	102399862	102400235	CpG: 30	373	30	230	16.1	61.7	0.92
1366	chrX	102491342	102491591	CpG: 23	249	23	152	18.5	61	0.99
1367	chrX	102525696	102525956	CpG: 22	260	22	142	16.9	54.6	1.18
1367	chrX	102536954	102537436	CpG: 45	482	45	282	18.7	58.5	1.1
1368	chrX	102658455	102658710	CpG: 19	255	19	161	14.9	63.1	0.77
1368	chrX	102738706	102739222	CpG: 42	516	42	350	16.3	67.8	0.73
1371	chrX	103024282	103024689	CpG: 40	407	40	275	19.7	67.6	0.86
1372	chrX	103243242	103244734	CpG: 156	1492	156	907	20.9	60.8	1.13
1373	chrX	103391842	103392102	CpG: 24	260	24	157	18.5	60.4	1.01
1374	chrX	103457247	103457538	CpG: 36	291	36	193	24.7	66.3	1.13
1374	chrX	103526541	103526767	CpG: 16	226	16	135	14.2	59.7	0.8
1376	chrX	103714311	103714583	CpG: 30	272	30	194	22.1	71.3	0.87
1377	chrX	103900393	103900695	CpG: 25	302	25	188	16.6	62.3	0.86
1379	chrX	104123229	104123449	CpG: 25	220	25	139	22.7	63.2	1.14
1379	chrX	104163906	104165348	CpG: 99	1442	99	926	13.7	64.2	0.67
1379	chrX	104195660	104195941	CpG: 25	281	25	194	17.8	69	0.78
1384	chrX	104807947	104808903	CpG: 103	956	103	660	21.5	69	0.9
1385	chrX	104971709	104972803	CpG: 92	1094	92	600	16.8	54.8	1.13
1386	chrX	105055162	105055699	CpG: 43	537	43	313	16	58.3	0.95
1386	chrX	105070698	105071014	CpG: 30	316	30	220	19	69.6	0.79
1387	chrX	105230449	105230930	CpG: 35	481	35	256	14.6	53.2	1.03
1388	chrX	105263052	105263490	CpG: 41	438	41	301	18.7	68.7	0.8
1388	chrX	105264133	105264363	CpG: 16	230	16	119	13.9	51.7	1.07
1400	chrX	106859750	106860169	CpG: 35	419	35	261	16.7	62.3	0.88
1408	chrX	107877660	107877900	CpG: 22	240	22	159	18.3	66.2	0.84
1409	chrX	108056939	108057247	CpG: 24	308	24	175	15.6	56.8	0.97
1423	chrX	109858309	109858512	CpG: 21	203	21	129	20.7	63.5	1.06
1427	chrX	110372224	110373332	CpG: 99	1108	99	768	17.9	69.3	0.75
1428	chrX	110606656	110606862	CpG: 15	206	15	115	14.6	55.8	0.93
1430	chrX	110804110	110805256	CpG: 127	1146	127	766	22.2	66.8	1.01
1435	chrX	111510184	111511479	CpG: 149	1295	149	917	23	70.8	0.92
1491	chrX	118836841	118837049	CpG: 18	208	18	137	17.3	65.9	0.82
1494	chrX	119200028	119200437	CpG: 27	409	27	243	13.2	59.4	0.75
1494	chrX	119202564	119202836	CpG: 28	272	28	187	20.6	68.8	0.87
1566	chrX	128650340	128651111	CpG: 66	771	66	480	17.1	62.3	0.89
1596	chrX	132587370	132588606	CpG: 114	1236	114	827	18.4	66.9	0.82
1596	chrX	132589379	132589665	CpG: 21	286	21	180	14.7	62.9	0.85
1598	chrX	132799026	132799248	CpG: 20	222	20	127	18	57.2	1.1
1599	chrX	132959846	132960313	CpG: 62	467	62	346	26.6	74.1	0.97
1601	chrX	133208733	133208966	CpG: 31	233	31	159	26.6	68.2	1.15
1602	chrX	133375744	133377373	CpG: 123	1629	123	1016	15.1	62.4	0.79
1602	chrX	133389679	133389910	CpG: 25	231	25	165	21.6	71.4	0.86
1603	chrX	133442179	133442596	CpG: 44	417	44	260	21.1	62.4	1.1
1603	chrX	133486191	133486849	CpG: 45	658	45	370	13.7	56.2	0.87
1603	chrX	133526638	133526847	CpG: 20	209	20	148	19.1	70.8	0.76
1604	chrX	133587133	133587449	CpG: 34	316	34	228	21.5	72.2	0.83
1606	chrX	133909564	133909765	CpG: 22	201	22	137	21.9	68.2	0.96
1606	chrX	133936749	133936962	CpG: 18	213	18	139	16.9	65.3	0.81
1612	chrX	134643179	134643691	CpG: 42	512	42	291	16.4	56.8	1.02
1612	chrX	134696798	134697246	CpG: 34	448	34	301	15.2	67.2	0.68
1612	chrX	134739724	134740048	CpG: 25	324	25	216	15.4	66.7	0.7
1613	chrX	134786547	134787007	CpG: 41	460	41	323	17.8	70.2	0.73
1614	chrX	134894526	134894834	CpG: 36	308	36	198	23.4	64.3	1.13
1614	chrX	134934073	134934381	CpG: 37	308	37	199	24	64.6	1.15
1614	chrX	134968600	134969040	CpG: 61	440	61	345	27.7	78.4	0.93
1615	chrX	135039702	135040220	CpG: 56	518	56	356	21.6	68.7	0.92
1615	chrX	135115780	135116298	CpG: 55	518	55	356	21.2	68.7	0.91
1616	chrX	135170909	135171349	CpG: 60	440	60	344	27.3	78.2	0.92
1619	chrX	135642273	135642961	CpG: 58	688	58	421	16.9	61.2	0.92
1621	chrX	135828358	135828768	CpG: 28	410	28	223	13.7	54.4	0.92
1622	chrX	135938763	135939119	CpG: 29	356	29	226	16.3	63.5	0.84
1622	chrX	135950432	135950639	CpG: 18	207	18	147	17.4	71	0.69
1622	chrX	136018897	136019212	CpG: 23	315	23	203	14.6	64.4	0.71
1622	chrX	136019279	136019502	CpG: 16	223	16	144	14.3	64.6	0.69
1622	chrX	136019648	136020686	CpG: 113	1038	113	684	21.8	65.9	1.06
1626	chrX	136471659	136471941	CpG: 27	282	27	201	19.1	71.3	0.76
1639	chrX	138259134	138259343	CpG: 16	209	16	137	15.3	65.6	0.73
1641	chrX	138511317	138511941	CpG: 77	624	77	447	24.7	71.6	0.96
1643	chrX	138771680	138772527	CpG: 88	847	88	611	20.8	72.1	0.8
1645	chrX	138961827	138963492	CpG: 176	1665	176	1182	21.1	71	0.87
1646	chrX	139178470	139179396	CpG: 91	926	91	597	19.7	64.5	0.95
1648	chrX	139357742	139358000	CpG: 22	258	22	153	17.1	59.3	1.05
1649	chrX	139498958	139501324	CpG: 197	2366	197	1351	16.7	57.1	1.04
1649	chrX	139565671	139566546	CpG: 76	875	76	540	17.4	61.7	0.92
1656	chrX	140504655	140505150	CpG: 43	495	43	318	17.4	64.2	0.84
1656	chrX	140507513	140508103	CpG: 65	590	65	385	22	65.3	1.04
1661	chrX	141088509	141088899	CpG: 28	390	28	250	14.4	64.1	0.71
1662	chrX	141173148	141173854	CpG: 67	706	67	476	19	67.4	0.84
1664	chrX	141464474	141464985	CpG: 49	511	49	389	19.2	76.1	0.71
1666	chrX	141748780	141749248	CpG: 33	468	33	310	14.1	66.2	0.69
1666	chrX	141749537	141749996	CpG: 59	459	59	345	25.7	75.2	0.91
1669	chrX	142176865	142177246	CpG: 33	381	33	254	17.3	66.7	0.78
1676	chrX	143100866	143102403	CpG: 127	1537	127	1013	16.5	65.9	0.8
1696	chrX	145745654	145746229	CpG: 53	575	53	351	18.4	61	1.01
1701	chrX	146336561	146336871	CpG: 22	310	22	214	14.2	69	0.62
1704	chrX	146723815	146724126	CpG: 21	311	21	209	13.5	67.2	0.62
1718	chrX	148511934	148512245	CpG: 22	311	22	210	14.1	67.5	0.64
1723	chrX	149242019	149242229	CpG: 21	210	21	116	20	55.2	1.31
1724	chrX	149370963	149371259	CpG: 24	296	24	182	16.2	61.5	0.86
1725	chrX	149440139	149440365	CpG: 16	226	16	137	14.2	60.6	0.81
1726	chrX	149595945	149596183	CpG: 18	238	18	147	15.1	61.8	0.88
1727	chrX	149800205	149800449	CpG: 23	244	23	159	18.9	65.2	0.89
1728	chrX	149829834	149830799	CpG: 102	965	102	657	21.1	68.1	0.92
1728	chrX	149879297	149879552	CpG: 20	255	20	163	15.7	63.9	0.79
1729	chrX	149952201	149952656	CpG: 46	455	46	279	20.2	61.3	1.08
1730	chrX	150127151	150127862	CpG: 55	711	55	408	15.5	57.4	0.94
1731	chrX	150303292	150304214	CpG: 79	922	79	590	17.1	64	0.84
1733	chrX	150585978	150586951	CpG: 93	973	93	591	19.1	60.7	1.06
1735	chrX	150799242	150799975	CpG: 54	733	54	418	14.7	57	0.91
1736	chrX	150927070	150928123	CpG: 108	1053	108	733	20.5	69.6	0.85
1737	chrX	151016402	151016782	CpG: 37	380	37	251	19.5	66.1	0.89
1737	chrX	151119568	151119828	CpG: 19	260	19	162	14.6	62.3	0.76
1737	chrX	151125186	151125412	CpG: 22	226	22	162	19.5	71.7	0.77
1741	chrX	151552160	151553077	CpG: 88	917	88	605	19.2	66	0.88
1741	chrX	151565005	151565234	CpG: 16	229	16	147	14	64.2	0.69
1742	chrX	151692946	151693190	CpG: 22	244	22	145	18	59.4	1.02
1743	chrX	151790090	151790368	CpG: 25	278	25	148	18	53.2	1.28
1743	chrX	151820181	151820666	CpG: 38	485	38	298	15.7	61.4	0.83
1744	chrX	151922742	151923118	CpG: 29	376	29	243	15.4	64.6	0.74
1744	chrX	152020839	152021170	CpG: 25	331	25	204	15.1	61.6	0.8
1746	chrX	152281072	152281681	CpG: 60	609	60	357	19.7	58.6	1.16
1759	chrX	153999239	153999586	CpG: 28	347	28	213	16.1	61.4	0.86
1760	chrX	154045394	154045760	CpG: 30	366	30	245	16.4	66.9	0.73
1760	chrX	154088977	154089178	CpG: 14	201	14	110	13.9	54.7	0.96
1760	chrX	154121139	154121549	CpG: 41	410	41	248	20	60.5	1.12
1763	chrX	154405655	154406830	CpG: 93	1175	93	718	15.8	61.1	0.85
1763	chrX	154407644	154407957	CpG: 29	313	29	200	18.5	63.9	0.92
1777	chrX	156274330	156275332	CpG: 120	1002	120	687	24	68.6	1.02
1777	chrX	156351847	156352107	CpG: 25	260	25	134	19.2	51.5	1.45
1778	chrX	156381154	156381885	CpG: 71	731	71	441	19.4	60.3	1.07
1781	chrX	156825452	156826900	CpG: 159	1448	159	1043	22	72	0.85
1790	chrX	158038614	158039770	CpG: 86	1156	86	662	14.9	57.3	0.92
1791	chrX	158155185	158155704	CpG: 49	519	49	343	18.9	66.1	0.87
1791	chrX	158197226	158198513	CpG: 123	1287	123	846	19.1	65.7	0.91
1792	chrX	158315467	158316351	CpG: 72	884	72	559	16.3	63.2	0.82
1793	chrX	158409939	158410939	CpG: 92	1000	92	582	18.4	58.2	1.09
1796	chrX	158771066	158771795	CpG: 92	729	92	505	25.2	69.3	1.06
1797	chrX	158920963	158921453	CpG: 53	490	53	350	21.6	71.4	0.85
1799	chrX	159173613	159173973	CpG: 32	360	32	248	17.8	68.9	0.8
1800	chrX	159285097	159285867	CpG: 59	770	59	489	15.3	63.5	0.76
1802	chrX	159548829	159549081	CpG: 18	252	18	151	14.3	59.9	0.8
1804	chrX	159777062	159777962	CpG: 80	900	80	583	17.8	64.8	0.86
1806	chrX	160081252	160081470	CpG: 18	218	18	148	16.5	67.9	0.73
1809	chrX	160500103	160500889	CpG: 67	786	67	532	17	67.7	0.75
1810	chrX	160691238	160692231	CpG: 79	993	79	641	15.9	64.6	0.76
1812	chrX	160941812	160943167	CpG: 117	1355	117	808	17.3	59.6	0.97
1816	chrX	161426296	161426813	CpG: 45	517	45	307	17.4	59.4	1
1817	chrX	161543033	161544396	CpG: 149	1363	149	901	21.9	66.1	1.01
227	chrX	161611585	161612738	CpG: 82	1153	82	708	14.2	61.4	0.76
1818	chrX	161671104	161671491	CpG: 40	387	40	276	20.7	71.3	0.85
1826	chrX	162691579	162692692	CpG: 101	1113	101	688	18.1	61.8	0.96
1826	chrX	162740925	162741796	CpG: 80	871	80	565	18.4	64.9	0.92
1827	chrX	162858911	162859598	CpG: 50	687	50	386	14.6	56.2	0.95
1830	chrX	163202451	163202979	CpG: 46	528	46	335	17.4	63.4	0.87
1843	chrX	164953281	164953555	CpG: 23	274	23	172	16.8	62.8	0.92
1844	chrX	165021823	165022465	CpG: 57	642	57	394	17.8	61.4	0.95
1845	chrX	165223302	165224068	CpG: 63	766	63	466	16.4	60.8	0.89
1845	chrX	165262415	165262735	CpG: 31	320	31	220	19.4	68.8	0.82
1846	chrX	165293063	165293725	CpG: 59	662	59	435	17.8	65.7	0.83
1852	chrX	166165035	166165412	CpG: 29	377	29	249	15.4	66	0.71
1858	chrX	166905982	166906297	CpG: 24	315	24	218	15.2	69.2	0.64
1862	chrX	167456360	167457390	CpG: 108	1030	108	715	21	69.4	0.87
1863	chrX	167579212	167579676	CpG: 37	464	37	296	15.9	63.8	0.79
1867	chrX	168102976	168103706	CpG: 103	730	103	519	28.2	71.1	1.13
1872	chrX	168767920	168768176	CpG: 19	256	19	141	14.8	55.1	1.02
1872	chrX	168769828	168770786	CpG: 73	958	73	538	15.2	56.2	0.97
1872	chrX	168771808	168772295	CpG: 52	487	52	317	21.4	65.1	1.02
1872	chrX	168773105	168773430	CpG: 35	325	35	189	21.5	58.2	1.28
1872	chrX	168777001	168777231	CpG: 30	230	30	170	26.1	73.9	1
1872	chrX	168779950	168781330	CpG: 119	1380	119	896	17.2	64.9	0.83
1872	chrX	168792056	168794323	CpG: 209	2267	209	1267	18.4	55.9	1.19
1872	chrX	168801663	168802193	CpG: 48	530	48	302	18.1	57	1.15
1873	chrX	168856015	168856706	CpG: 71	691	71	446	20.5	64.5	1.04
1873	chrX	168856980	168857299	CpG: 31	319	31	223	19.4	69.9	0.8
1873	chrX	168909029	168910826	CpG: 139	1797	139	904	15.5	50.3	1.23
1874	chrX	168960836	168961095	CpG: 35	259	35	199	27	76.8	0.94
1874	chrX	169014682	169016216	CpG: 166	1534	166	940	21.6	61.3	1.16
1874	chrX	169066616	169073507	CpG: 577	6891	577	4052	16.7	58.8	0.97
1875	chrX	169084919	169086129	CpG: 105	1210	105	725	17.4	59.9	1.01
1875	chrX	169087028	169089263	CpG: 207	2235	207	1428	18.5	63.9	0.91
1875	chrX	169091233	169091465	CpG: 33	232	33	173	28.4	74.6	1.03
1875	chrX	169092170	169105812	CpG: 1038	13642	1038	8554	15.2	62.7	0.78
1875	chrX	169106298	169106513	CpG: 23	215	23	159	21.4	74	0.79
1875	chrX	169107334	169107538	CpG: 33	204	33	163	32.4	79.9	1.03
1875	chrX	169109992	169111682	CpG: 129	1690	129	870	15.3	51.5	1.15
1875	chrX	169112846	169113088	CpG: 37	242	37	183	30.6	75.6	1.08
666	chrY	10643592	10644024	CpG: 35	432	35	294	16.2	68.1	0.7
1277	chrY	90752221	90756244	CpG: 258	4023	258	2245	12.8	55.8	0.85
1277	chrY	90772618	90773569	CpG: 69	951	69	530	14.5	55.7	0.94
1277	chrY	90774355	90774842	CpG: 52	487	52	317	21.4	65.1	1.02
1277	chrY	90775652	90775977	CpG: 35	325	35	189	21.5	58.2	1.28
1277	chrY	90782559	90783939	CpG: 126	1380	126	963	18.3	69.8	0.76
1277	chrY	90795245	90797512	CpG: 209	2267	209	1267	18.4	55.9	1.19
1277	chrY	90804558	90805088	CpG: 48	530	48	302	18.1	57	1.15
1277	chrY	90829598	90829834	CpG: 28	236	28	164	23.7	69.5	1.04
1278	chrY	90835535	90835771	CpG: 28	236	28	164	23.7	69.5	1.04
1278	chrY	90836409	90840591	CpG: 273	4182	273	2409	13.1	57.6	0.82
